1793 gates pending (k: [5, 6]); 2 workers
[1/1793] k=5 deg=1  203.1s  T0 . CS01 . CS02 . CS03 . CS04 . CS13 . CS14 . CS23 . CS24 . CS34 . CCZ012 . CCZ123 . CCZ124 . CCZ134 . CCZ234  (elapsed 203s)
[2/1793] k=5 deg=1   69.6s  T0 . CS01 . CS02 . CS03 . CS04 . CS23 . CS24 . CS34 . CCZ012 . CCZ013 . CCZ014 . CCZ123 . CCZ124 . CCZ134 . CCZ234  (elapsed 273s)
[3/1793] k=5 deg=1   67.8s  T0 . CS01 . CS02 . CS03 . CS04 . CS24 . CS34 . CCZ012 . CCZ013 . CCZ014 . CCZ023 . CCZ124 . CCZ134 . CCZ234  (elapsed 341s)
[4/1793] k=5 deg=1   65.7s  T0 . CS01 . CS02 . CS03 . CS04 . CS34 . CCZ012 . CCZ013 . CCZ014 . CCZ023 . CCZ024 . CCZ134 . CCZ234  (elapsed 406s)
[5/1793] k=5 deg=1    1.1s  T0 . CS01 . CS02 . CS03 . CS12 . CS13 . CS14 . CCZ012 . CCZ013 . CCZ023 . CCZ123  (elapsed 407s)
[6/1793] k=5 deg=1    1.1s  T0 . CS01 . CS02 . CS03 . CS12 . CS13 . CS14 . CS23 . CS24 . CCZ012 . CCZ013 . CCZ023 . CCZ123  (elapsed 408s)
[7/1793] k=5 deg=1    1.1s  T0 . CS01 . CS02 . CS03 . CS12 . CS13 . CS24 . CS34 . CCZ012 . CCZ013 . CCZ023 . CCZ123 . CCZ234  (elapsed 410s)
[8/1793] k=5 deg=1    1.1s  T0 . CS01 . CS02 . CS03 . CS12 . CS14 . CCZ012 . CCZ013 . CCZ023 . CCZ123 . CCZ134  (elapsed 411s)
[9/1793] k=5 deg=1    1.2s  T0 . CS01 . CS02 . CS03 . CS12 . CS14 . CS24 . CCZ012 . CCZ013 . CCZ023 . CCZ123 . CCZ134 . CCZ234  (elapsed 412s)
[10/1793] k=5 deg=1  167.6s  T0 . CS01 . CS02 . CS03 . CS13 . CS23 . CS34 . CCZ012 . CCZ034 . CCZ123  (elapsed 580s)
[11/1793] k=5 deg=1  129.0s  T0 . CS01 . CS02 . CS03 . CS14 . CCZ012 . CCZ013 . CCZ014 . CCZ023 . CCZ124 . CCZ134  (elapsed 709s)
[12/1793] k=5 deg=1    1.4s  T0 . CS01 . CS02 . CS03 . CS14 . CCZ012 . CCZ013 . CCZ023 . CCZ124 . CCZ134  (elapsed 710s)
[13/1793] k=5 deg=1  160.7s  T0 . CS01 . CS02 . CS03 . CS14 . CS24 . CCZ012 . CCZ013 . CCZ014 . CCZ023 . CCZ024 . CCZ124 . CCZ134 . CCZ234  (elapsed 871s)
[14/1793] k=5 deg=1    1.1s  T0 . CS01 . CS02 . CS03 . CS14 . CS24 . CCZ012 . CCZ013 . CCZ023 . CCZ124 . CCZ134 . CCZ234  (elapsed 872s)
[15/1793] k=5 deg=2 1015.4s  T0 . CS01 . CS02 . CS03 . CS04 . CS14 . CS24 . CS34 . CCZ012 . CCZ013 . CCZ023 . CCZ124 . CCZ134 . CCZ234  (elapsed 1016s)
[16/1793] k=5 deg=1   69.0s  T0 . CS01 . CS02 . CS03 . CS23 . CS24 . CCZ012 . CCZ013 . CCZ024 . CCZ123 . CCZ124  (elapsed 1085s)
[17/1793] k=5 deg=1   66.2s  T0 . CS01 . CS02 . CS03 . CS23 . CS24 . CS34 . CCZ012 . CCZ013 . CCZ024 . CCZ034 . CCZ123 . CCZ124 . CCZ134  (elapsed 1151s)
[18/1793] k=5 deg=1  160.9s  T0 . CS01 . CS02 . CS04 . CS13 . CS14 . CS23 . CS24 . CCZ012 . CCZ013 . CCZ023 . CCZ123 . CCZ124  (elapsed 1312s)
[19/1793] k=5 deg=2  934.0s  T0 . CS01 . CS02 . CS03 . CS14 . CS24 . CS34 . CCZ012 . CCZ013 . CCZ014 . CCZ023 . CCZ024 . CCZ034 . CCZ124 . CCZ134 . CCZ234  (elapsed 1806s)
[20/1793] k=5 deg=1    1.0s  T0 . CS01 . CS02 . CS12 . CS13 . CS14 . CCZ012 . CCZ134  (elapsed 1807s)
[21/1793] k=5 deg=1    1.1s  T0 . CS01 . CS02 . CS12 . CS13 . CS14 . CS23 . CS34 . CCZ012 . CCZ134  (elapsed 1808s)
[22/1793] k=5 deg=1    1.1s  T0 . CS01 . CS02 . CS12 . CS13 . CS24 . CS34 . CCZ012  (elapsed 1809s)
[23/1793] k=5 deg=1  124.8s  T0 . CS01 . CS02 . CS13 . CS14 . CCZ012 . CCZ013 . CCZ014 . CCZ123 . CCZ124 . CCZ134  (elapsed 1934s)
[24/1793] k=5 deg=1    1.2s  T0 . CS01 . CS02 . CS13 . CS14 . CCZ012 . CCZ123 . CCZ124 . CCZ134  (elapsed 1935s)
[25/1793] k=5 deg=2  935.3s  T0 . CS01 . CS02 . CS04 . CS13 . CS14 . CS23 . CS24 . CS34 . CCZ012 . CCZ013 . CCZ023 . CCZ034 . CCZ123 . CCZ124  (elapsed 2247s)
[26/1793] k=5 deg=1  157.0s  T0 . CS01 . CS02 . CS13 . CS14 . CS23 . CS24 . CS34 . CCZ012 . CCZ013 . CCZ014 . CCZ023 . CCZ024 . CCZ034 . CCZ123 . CCZ124 . CCZ134 . CCZ234  (elapsed 2404s)
[27/1793] k=5 deg=1    1.1s  T0 . CS01 . CS02 . CS13 . CS14 . CS23 . CS24 . CS34 . CCZ012 . CCZ123 . CCZ124 . CCZ134 . CCZ234  (elapsed 2405s)
[28/1793] k=5 deg=1  125.0s  T0 . CS01 . CS02 . CS13 . CS14 . CS34 . CCZ012 . CCZ013 . CCZ014 . CCZ034 . CCZ123 . CCZ124 . CCZ134 . CCZ234  (elapsed 2530s)
[29/1793] k=5 deg=1    1.4s  T0 . CS01 . CS02 . CS13 . CS14 . CS34 . CCZ012 . CCZ123 . CCZ124 . CCZ134 . CCZ234  (elapsed 2532s)
[30/1793] k=5 deg=1  162.8s  T0 . CS01 . CS02 . CS13 . CS23 . CS34 . CCZ012 . CCZ013 . CCZ023 . CCZ034 . CCZ123  (elapsed 2694s)
[31/1793] k=5 deg=1    1.1s  T0 . CS01 . CS02 . CS13 . CS23 . CS34 . CCZ012 . CCZ123  (elapsed 2696s)
[32/1793] k=5 deg=1  125.0s  T0 . CS01 . CS02 . CS13 . CS34 . CCZ012 . CCZ013 . CCZ034 . CCZ123 . CCZ234  (elapsed 2820s)
[33/1793] k=5 deg=1    1.3s  T0 . CS01 . CS02 . CS13 . CS34 . CCZ012 . CCZ123 . CCZ234  (elapsed 2822s)
[34/1793] k=5 deg=2  923.4s  T0 . CS01 . CS02 . CS13 . CS14 . CS23 . CS24 . CCZ012 . CCZ013 . CCZ014 . CCZ023 . CCZ024 . CCZ123 . CCZ124 . CCZ134 . CCZ234  (elapsed 2859s)
[35/1793] k=5 deg=1    4.3s  T0 . CS01 . CS02 . CS34 . CCZ012 . CCZ134 . CCZ234  (elapsed 2863s)
[36/1793] k=5 deg=1   63.9s  T0 . CS01 . CS02 . CS34 . CCZ012 . CCZ034 . CCZ134 . CCZ234  (elapsed 2886s)
[37/1793] k=5 deg=1  132.6s  T0 . CS01 . CS03 . CS04 . CS12 . CS13 . CS14 . CS23 . CS34 . CCZ012 . CCZ023 . CCZ134  (elapsed 2995s)
[38/1793] k=5 deg=1  130.4s  T0 . CS01 . CS04 . CS12 . CS13 . CS14 . CCZ012 . CCZ013 . CCZ123  (elapsed 3016s)
[39/1793] k=5 deg=1  127.3s  T0 . CS01 . CS04 . CS12 . CS13 . CS14 . CS23 . CS24 . CCZ012 . CCZ013 . CCZ023 . CCZ024 . CCZ123  (elapsed 3123s)
[40/1793] k=5 deg=1  131.1s  T0 . CS01 . CS04 . CS12 . CS14 . CS23 . CS34 . CCZ012 . CCZ023 . CCZ034  (elapsed 3254s)
[41/1793] k=5 deg=2  931.0s  T0 . CS01 . CS04 . CS12 . CS13 . CS14 . CS24 . CS34 . CCZ012 . CCZ013 . CCZ024 . CCZ034 . CCZ123 . CCZ234  (elapsed 3947s)
[42/1793] k=5 deg=1  132.4s  T0 . CS01 . CS12 . CS13 . CS14 . CS23 . CS24 . CCZ012 . CCZ013 . CCZ014 . CCZ023 . CCZ024 . CCZ123 . CCZ124 . CCZ134 . CCZ234  (elapsed 4080s)
[43/1793] k=5 deg=1    1.2s  T0 . CS01 . CS12 . CS13 . CS14 . CS23 . CS24 . CCZ123 . CCZ124 . CCZ134 . CCZ234  (elapsed 4081s)
[44/1793] k=5 deg=2  953.7s  T0 . CS01 . CS12 . CS13 . CS14 . CCZ012 . CCZ013 . CCZ014 . CCZ123 . CCZ124 . CCZ134  (elapsed 4208s)
[45/1793] k=5 deg=1    1.1s  T0 . CS01 . CS12 . CS13 . CS23 . CS24 . CS34 . CCZ123  (elapsed 4209s)
[46/1793] k=5 deg=1  128.3s  T0 . CS01 . CS12 . CS13 . CS23 . CS24 . CS34 . CCZ012 . CCZ013 . CCZ023 . CCZ024 . CCZ034 . CCZ123  (elapsed 4209s)
[47/1793] k=5 deg=1    1.1s  T0 . CS01 . CS12 . CS13 . CS24 . CS34 . CCZ123 . CCZ234  (elapsed 4210s)
[48/1793] k=5 deg=1  127.8s  T0 . CS01 . CS12 . CS23 . CS24 . CCZ012 . CCZ023 . CCZ024 . CCZ234  (elapsed 4338s)
[49/1793] k=5 deg=1  130.1s  T0 . CS01 . CS12 . CS13 . CS24 . CS34 . CCZ012 . CCZ013 . CCZ024 . CCZ034 . CCZ123 . CCZ234  (elapsed 4339s)
[50/1793] k=5 deg=1    1.1s  T0 . CS01 . CS12 . CS23 . CS24 . CCZ234  (elapsed 4339s)
[51/1793] k=5 deg=1    5.3s  T0 . CS01 . CS23 . CS24 . CCZ123 . CCZ124 . CCZ234  (elapsed 4344s)
[52/1793] k=5 deg=1   63.1s  T0 . CS01 . CS23 . CS24 . CCZ023 . CCZ024 . CCZ123 . CCZ124 . CCZ234  (elapsed 4402s)
[53/1793] k=5 deg=1    5.3s  T0 . CS01 . CS23 . CS24 . CS34 . CCZ123 . CCZ124 . CCZ134  (elapsed 4407s)
[54/1793] k=5 deg=1   63.6s  T0 . CS01 . CS23 . CS24 . CS34 . CCZ023 . CCZ024 . CCZ034 . CCZ123 . CCZ124 . CCZ134  (elapsed 4408s)
[55/1793] k=5 deg=1    4.3s  T0 . T1 . CS01 . CS02 . CS03 . CS04 . CS12 . CCZ012 . CCZ013 . CCZ014 . CCZ023 . CCZ024 . CCZ034  (elapsed 4411s)
[56/1793] k=5 deg=1    1.0s  T0 . T1 . CS01 . CS02 . CS03 . CS04 . CS12 . CS13 . CS14 . CS23 . CCZ012 . CCZ013 . CCZ014 . CCZ023 . CCZ024 . CCZ034 . CCZ123 . CCZ124 . CCZ134 . CCZ234  (elapsed 4412s)
[57/1793] k=5 deg=1    4.6s  T0 . T1 . CS01 . CS02 . CS03 . CS04 . CS12 . CS13 . CCZ012 . CCZ013 . CCZ014 . CCZ023 . CCZ024 . CCZ034 . CCZ123  (elapsed 4413s)
[58/1793] k=5 deg=1    1.2s  T0 . T1 . CS01 . CS02 . CS03 . CS04 . CS12 . CS13 . CS14 . CS23 . CS24 . CS34 . CCZ012 . CCZ013 . CCZ014 . CCZ023 . CCZ024 . CCZ034 . CCZ123 . CCZ124 . CCZ134 . CCZ234  (elapsed 4414s)
[59/1793] k=5 deg=1   74.6s  T0 . T1 . CS01 . CS02 . CS03 . CS04 . CS12 . CS13 . CS14 . CS23 . CS24 . CS34 . CCZ012 . CCZ013 . CCZ014 . CCZ234  (elapsed 4487s)
[60/1793] k=5 deg=1   63.2s  T0 . T1 . CS01 . CS02 . CS03 . CS04 . CS12 . CS13 . CS14 . CS34 . CCZ012 . CCZ013 . CCZ014 . CCZ023 . CCZ024 . CCZ123 . CCZ124 . CCZ234  (elapsed 4551s)
[61/1793] k=5 deg=1    3.4s  T0 . T1 . CS01 . CS02 . CS03 . CS04 . CS12 . CS13 . CS24 . CCZ012 . CCZ013 . CCZ014 . CCZ023 . CCZ024 . CCZ034 . CCZ123 . CCZ124 . CCZ234  (elapsed 4554s)
[62/1793] k=5 deg=1    3.3s  T0 . T1 . CS01 . CS02 . CS03 . CS04 . CS12 . CS13 . CS24 . CS34 . CCZ012 . CCZ013 . CCZ014 . CCZ023 . CCZ024 . CCZ034 . CCZ123 . CCZ124 . CCZ134 . CCZ234  (elapsed 4557s)
[63/1793] k=5 deg=1   34.5s  T0 . T1 . CS01 . CS02 . CS03 . CS04 . CS12 . CS13 . CS24 . CS34 . CCZ012 . CCZ013 . CCZ023 . CCZ123 . CCZ234  (elapsed 4592s)
[64/1793] k=5 deg=1    3.2s  T0 . T1 . CS01 . CS02 . CS03 . CS04 . CS12 . CS23 . CS24 . CCZ012 . CCZ013 . CCZ014 . CCZ023 . CCZ024 . CCZ034 . CCZ123 . CCZ124 . CCZ234  (elapsed 4595s)
[65/1793] k=5 deg=1   34.4s  T0 . T1 . CS01 . CS02 . CS03 . CS04 . CS12 . CS23 . CS24 . CCZ012 . CCZ034 . CCZ234  (elapsed 4629s)
[66/1793] k=5 deg=1    3.4s  T0 . T1 . CS01 . CS02 . CS03 . CS04 . CS12 . CS23 . CS24 . CS34 . CCZ012 . CCZ013 . CCZ014 . CCZ023 . CCZ024 . CCZ034 . CCZ123 . CCZ124 . CCZ134 . CCZ234  (elapsed 4633s)
[67/1793] k=5 deg=1   34.5s  T0 . T1 . CS01 . CS02 . CS03 . CS04 . CS12 . CS23 . CS24 . CS34 . CCZ012 . CCZ234  (elapsed 4667s)
[68/1793] k=5 deg=1    4.2s  T0 . T1 . CS01 . CS02 . CS03 . CS04 . CS12 . CS34 . CCZ012 . CCZ013 . CCZ014 . CCZ023 . CCZ024 . CCZ034 . CCZ134 . CCZ234  (elapsed 4671s)
[69/1793] k=5 deg=1    1.0s  T0 . T1 . CS01 . CS02 . CS03 . CS12 . CS13 . CS23 . CS24 . CCZ012 . CCZ013 . CCZ023 . CCZ123  (elapsed 4672s)
[70/1793] k=5 deg=1   71.6s  T0 . T1 . CS01 . CS02 . CS03 . CS12 . CS13 . CS23 . CS24 . CCZ012 . CCZ013 . CCZ024 . CCZ124  (elapsed 4744s)
[71/1793] k=5 deg=2  926.0s  T0 . T1 . CS01 . CS02 . CS03 . CS04 . CS12 . CS13 . CS14 . CS24 . CS34 . CCZ012 . CCZ013 . CCZ014 . CCZ023 . CCZ123 . CCZ234  (elapsed 5340s)
[72/1793] k=5 deg=1    1.1s  T0 . T1 . CS01 . CS02 . CS03 . CS12 . CS13 . CS24 . CCZ012 . CCZ013 . CCZ023 . CCZ123 . CCZ234  (elapsed 5341s)
[73/1793] k=5 deg=1    4.1s  T0 . T1 . CS01 . CS02 . CS03 . CS12 . CS14 . CCZ012 . CCZ013 . CCZ023 . CCZ124  (elapsed 5345s)
[74/1793] k=5 deg=1    3.2s  T0 . T1 . CS01 . CS02 . CS03 . CS12 . CS14 . CS23 . CS24 . CCZ012 . CCZ013 . CCZ023 . CCZ123  (elapsed 5348s)
[75/1793] k=5 deg=1    3.1s  T0 . T1 . CS01 . CS02 . CS03 . CS12 . CS14 . CS23 . CS24 . CS34 . CCZ012 . CCZ013 . CCZ023 . CCZ123 . CCZ134  (elapsed 5351s)
[76/1793] k=5 deg=1    4.1s  T0 . T1 . CS01 . CS02 . CS03 . CS12 . CS14 . CS34 . CCZ012 . CCZ013 . CCZ023 . CCZ124 . CCZ134 . CCZ234  (elapsed 5355s)
[77/1793] k=5 deg=1    3.2s  T0 . T1 . CS01 . CS02 . CS03 . CS12 . CS23 . CS34 . CCZ012 . CCZ013 . CCZ023 . CCZ123 . CCZ134  (elapsed 5358s)
[78/1793] k=5 deg=1   35.5s  T0 . T1 . CS01 . CS02 . CS03 . CS12 . CS23 . CS34 . CCZ012 . CCZ034  (elapsed 5394s)
[79/1793] k=5 deg=1    4.3s  T0 . T1 . CS01 . CS02 . CS03 . CS12 . CS34 . CCZ012 . CCZ013 . CCZ023 . CCZ134 . CCZ234  (elapsed 5398s)
[80/1793] k=5 deg=1    3.0s  T0 . T1 . CS01 . CS02 . CS03 . CS14 . CCZ012 . CCZ013 . CCZ023  (elapsed 5401s)
[81/1793] k=5 deg=1    3.0s  T0 . T1 . CS01 . CS02 . CS03 . CS14 . CS23 . CS24 . CCZ012 . CCZ013 . CCZ023 . CCZ123 . CCZ124  (elapsed 5405s)
[82/1793] k=5 deg=1    3.0s  T0 . T1 . CS01 . CS02 . CS03 . CS14 . CS24 . CS34 . CCZ012 . CCZ013 . CCZ023 . CCZ124 . CCZ134 . CCZ234  (elapsed 5408s)
[83/1793] k=5 deg=1    1.0s  T0 . T1 . CS01 . CS02 . CS12 . CS23 . CS24 . CS34 . CCZ012 . CCZ234  (elapsed 5409s)
[84/1793] k=5 deg=1    1.0s  T0 . T1 . CS01 . CS02 . CS12 . CS23 . CS34 . CCZ012  (elapsed 5410s)
[85/1793] k=5 deg=1   62.6s  T0 . T1 . CS01 . CS02 . CS12 . CS34 . CCZ012 . CCZ034 . CCZ134 . CCZ234  (elapsed 5472s)
[86/1793] k=5 deg=1    1.5s  T0 . T1 . CS01 . CS02 . CS12 . CS34 . CCZ012 . CCZ234  (elapsed 5474s)
[87/1793] k=5 deg=1    3.2s  T0 . T1 . CS01 . CS02 . CS13 . CS14 . CS23 . CS34 . CCZ012 . CCZ123  (elapsed 5477s)
[88/1793] k=5 deg=1    3.1s  T0 . T1 . CS01 . CS02 . CS14 . CS23 . CS34 . CCZ012 . CCZ123 . CCZ134  (elapsed 5480s)
[89/1793] k=5 deg=2  929.1s  T0 . T1 . CS01 . CS02 . CS03 . CS12 . CS13 . CS23 . CS24 . CS34 . CCZ012 . CCZ013 . CCZ024 . CCZ034 . CCZ124 . CCZ134  (elapsed 5673s)
[90/1793] k=5 deg=2  919.4s  T0 . T1 . CS01 . CS23 . CS24 . CCZ234  (elapsed 6399s)
[91/1793] k=5 deg=1    7.4s  T0 . T1 . T2 . CS01 . CS02 . CS03 . CS04 . CCZ012 . CCZ013 . CCZ014 . CCZ023 . CCZ024 . CCZ034  (elapsed 6407s)
[92/1793] k=5 deg=2  928.7s  T0 . T1 . CS01 . CS23 . CS24 . CS34  (elapsed 6602s)
[93/1793] k=5 deg=1    1.3s  T0 . T1 . T2 . CS01 . CS02 . CS03 . CS04 . CS12 . CS13 . CS14 . CS23 . CCZ012 . CCZ013 . CCZ014 . CCZ023 . CCZ024 . CCZ034 . CCZ123 . CCZ124 . CCZ134  (elapsed 6603s)
[94/1793] k=5 deg=2  928.7s  T0 . T1 . T2 . CS01 . CS02 . CS03 . CS04 . CS12 . CCZ012 . CCZ034  (elapsed 7336s)
[95/1793] k=5 deg=1    1.2s  T0 . T1 . T2 . CS01 . CS02 . CS03 . CS04 . CS12 . CS13 . CS14 . CS23 . CS34 . CCZ012 . CCZ013 . CCZ014 . CCZ023 . CCZ024 . CCZ034 . CCZ123 . CCZ124 . CCZ134 . CCZ234  (elapsed 7337s)
[96/1793] k=5 deg=1   62.3s  T0 . T1 . T2 . CS01 . CS02 . CS03 . CS04 . CS12 . CS13 . CS14 . CS23 . CS34 . CCZ012 . CCZ013 . CCZ014 . CCZ023 . CCZ123  (elapsed 7399s)
[97/1793] k=5 deg=2  962.1s  T0 . T1 . T2 . CS01 . CS02 . CS03 . CS04 . CS12 . CS13 . CS14 . CS23 . CS24 . CS34 . CCZ012 . CCZ013 . CCZ014 . CCZ023 . CCZ024 . CCZ123 . CCZ124  (elapsed 7565s)
[98/1793] k=5 deg=1    4.2s  T0 . T1 . T2 . CS01 . CS02 . CS03 . CS04 . CS12 . CS13 . CS23 . CCZ012 . CCZ013 . CCZ014 . CCZ023 . CCZ024 . CCZ034 . CCZ123  (elapsed 7570s)
[99/1793] k=5 deg=1   34.3s  T0 . T1 . T2 . CS01 . CS02 . CS03 . CS04 . CS12 . CS13 . CS23 . CS34 . CCZ012 . CCZ013 . CCZ023 . CCZ123  (elapsed 7604s)
[100/1793] k=5 deg=2  959.9s  T0 . T1 . T2 . CS01 . CS02 . CS03 . CS04 . CS12 . CS13 . CS14 . CS34 . CCZ012 . CCZ013 . CCZ014  (elapsed 8359s)
[101/1793] k=5 deg=1    1.2s  T0 . T1 . T2 . CS01 . CS02 . CS03 . CS12 . CS13 . CS24 . CCZ012 . CCZ013 . CCZ023 . CCZ123  (elapsed 8360s)
[102/1793] k=5 deg=1    1.2s  T0 . T1 . T2 . CS01 . CS02 . CS03 . CS12 . CS13 . CS24 . CS34 . CCZ012 . CCZ013 . CCZ023 . CCZ123 . CCZ234  (elapsed 8362s)
[103/1793] k=5 deg=1    4.2s  T0 . T1 . T2 . CS01 . CS02 . CS03 . CS12 . CS14 . CS24 . CCZ012 . CCZ013 . CCZ023 . CCZ124  (elapsed 8366s)
[104/1793] k=5 deg=1    4.1s  T0 . T1 . T2 . CS01 . CS02 . CS03 . CS12 . CS14 . CS24 . CS34 . CCZ012 . CCZ013 . CCZ023 . CCZ124 . CCZ134 . CCZ234  (elapsed 8370s)
[105/1793] k=5 deg=2  934.5s  T0 . T1 . T2 . CS01 . CS02 . CS03 . CS04 . CS12 . CS34 . CCZ012  (elapsed 8538s)
[106/1793] k=5 deg=1    7.2s  T0 . T1 . T2 . CS01 . CS02 . CS03 . CS14 . CS24 . CCZ012 . CCZ013 . CCZ023  (elapsed 8546s)
[107/1793] k=5 deg=1    7.1s  T0 . T1 . T2 . CS01 . CS02 . CS03 . CS14 . CS34 . CCZ012 . CCZ013 . CCZ023 . CCZ124 . CCZ134 . CCZ234  (elapsed 8553s)
[108/1793] k=5 deg=2  919.9s  T0 . T1 . T2 . CS01 . CS02 . CS03 . CS12 . CS34 . CCZ012 . CCZ034  (elapsed 9290s)
[109/1793] k=5 deg=2  930.3s  T0 . T1 . T2 . CS01 . CS02 . CS12 . CS34 . CCZ012  (elapsed 9483s)
[110/1793] k=5 deg=1    1.0s  T0 . T1 . T2 . CS01 . CS23 . CS34  (elapsed 9484s)
[111/1793] k=5 deg=1    1.4s  T0 . T1 . T2 . CS01 . CS34 . CCZ234  (elapsed 9486s)
[112/1793] k=5 deg=1   34.3s  T0 . T1 . T2 . T3 . CS01 . CS02 . CS03 . CS04 . CS12 . CCZ012  (elapsed 9520s)
[113/1793] k=5 deg=1    4.5s  T0 . T1 . T2 . T3 . CS01 . CS02 . CS03 . CS04 . CS12 . CCZ012 . CCZ013 . CCZ014 . CCZ023 . CCZ024 . CCZ034  (elapsed 9525s)
[114/1793] k=5 deg=1   62.2s  T0 . T1 . T2 . T3 . CS01 . CS02 . CS03 . CS04 . CS12 . CS13 . CS14 . CCZ012 . CCZ013 . CCZ014  (elapsed 9587s)
[115/1793] k=5 deg=1    1.5s  T0 . T1 . T2 . T3 . CS01 . CS02 . CS03 . CS04 . CS12 . CS13 . CS14 . CCZ012 . CCZ013 . CCZ014 . CCZ023 . CCZ024 . CCZ034 . CCZ123 . CCZ124 . CCZ134  (elapsed 9588s)
[116/1793] k=5 deg=2  922.9s  T0 . T1 . T2 . CS01 . CS02 . CS13 . CS14 . CS24 . CS34 . CCZ012 . CCZ123 . CCZ234  (elapsed 10213s)
[117/1793] k=5 deg=2  929.8s  T0 . T1 . T2 . T3 . CS01 . CS02 . CS03 . CS04 . CS12 . CS13 . CS14 . CS23 . CCZ012 . CCZ013 . CCZ014 . CCZ023 . CCZ123  (elapsed 10518s)
[118/1793] k=5 deg=2  922.0s  T0 . T1 . T2 . T3 . CS01 . CS02 . CS03 . CS04 . CS12 . CS13 . CS14 . CS23 . CS24 . CCZ012 . CCZ013 . CCZ014 . CCZ023 . CCZ024 . CCZ123 . CCZ124  (elapsed 11135s)
[119/1793] k=5 deg=1   35.2s  T0 . T1 . T2 . T3 . CS01 . CS02 . CS03 . CS04 . CS12 . CS34 . CCZ012 . CCZ034  (elapsed 11170s)
[120/1793] k=5 deg=2  930.6s  T0 . T1 . T2 . T3 . CS01 . CS02 . CS03 . CS04 . CS12 . CS13 . CS23 . CCZ012 . CCZ013 . CCZ023 . CCZ123  (elapsed 11449s)
[121/1793] k=5 deg=2  956.8s  T0 . T1 . T2 . T3 . CS01 . CS02 . CS03 . CS12 . CS13 . CS24 . CCZ012 . CCZ013 . CCZ023 . CCZ123 . CCZ234  (elapsed 12127s)
[122/1793] k=5 deg=2  932.4s  T0 . T1 . T2 . T3 . CS01 . CS02 . CS03 . CS12 . CS13 . CS24 . CS34 . CCZ012 . CCZ013 . CCZ023 . CCZ123  (elapsed 12381s)
[123/1793] k=5 deg=2  925.0s  T0 . T1 . T2 . T3 . CS01 . CS02 . CS03 . CS12 . CS14 . CS24 . CCZ012 . CCZ013 . CCZ023 . CCZ124 . CCZ134 . CCZ234  (elapsed 13052s)
[124/1793] k=5 deg=2  956.0s  T0 . T1 . T2 . T3 . CS01 . CS02 . CS03 . CS12 . CS14 . CS24 . CS34 . CCZ012 . CCZ013 . CCZ023 . CCZ124  (elapsed 13337s)
[125/1793] k=5 deg=2  933.9s  T0 . T1 . T2 . T3 . CS01 . CS02 . CS03 . CS12 . CS34 . CCZ012 . CCZ013 . CCZ023 . CCZ134 . CCZ234  (elapsed 13986s)
[126/1793] k=5 deg=1    6.3s  T0 . T1 . T2 . T3 . CS01 . CS02 . CS13 . CS14 . CS23 . CS24 . CCZ012 . CCZ123  (elapsed 13992s)
[127/1793] k=5 deg=1    9.3s  T0 . T1 . T2 . T3 . CS01 . CS02 . CS14 . CS24 . CCZ012 . CCZ123 . CCZ134 . CCZ234  (elapsed 14001s)
[128/1793] k=5 deg=1    1.0s  T0 . T1 . T2 . T3 . T4 . CS01  (elapsed 14002s)
[129/1793] k=5 deg=1   32.1s  T0 . T1 . T2 . T3 . T4 . CS01 . CS02 . CS03  (elapsed 14034s)
[130/1793] k=5 deg=1   14.4s  T0 . T1 . T2 . T3 . T4 . CS01 . CS02 . CS03 . CCZ012 . CCZ013 . CCZ023 . CCZ123 . CCZ124 . CCZ134 . CCZ234  (elapsed 14049s)
[131/1793] k=5 deg=2  978.7s  T0 . T1 . T2 . T3 . CS01 . CS02 . CS03 . CS24 . CS34 . CCZ012 . CCZ013 . CCZ023 . CCZ123 . CCZ124 . CCZ134  (elapsed 14316s)
[132/1793] k=5 deg=2  956.9s  T0 . T1 . T2 . T3 . T4 . CS01 . CS02 . CS03 . CS04 . CS12 . CCZ012 . CCZ013 . CCZ014 . CCZ023 . CCZ024 . CCZ034 . CCZ134 . CCZ234  (elapsed 15006s)
[133/1793] k=5 deg=2  926.2s  T0 . T1 . T2 . T3 . T4 . CS01 . CS02 . CS03 . CS04 . CS12 . CS13 . CS14 . CCZ012 . CCZ013 . CCZ014 . CCZ023 . CCZ024 . CCZ034 . CCZ123 . CCZ124 . CCZ134 . CCZ234  (elapsed 15242s)
[134/1793] k=5 deg=2  924.0s  T0 . T1 . T2 . T3 . T4 . CS01 . CS02 . CS03 . CS04 . CS12 . CS13 . CS14 . CS23 . CCZ012 . CCZ013 . CCZ014 . CCZ023 . CCZ024 . CCZ034 . CCZ123 . CCZ124 . CCZ134  (elapsed 15930s)
[135/1793] k=5 deg=2  925.3s  T0 . T1 . T2 . T3 . T4 . CS01 . CS02 . CS03 . CS04 . CS12 . CS13 . CS14 . CS23 . CS24 . CCZ012 . CCZ013 . CCZ014 . CCZ023 . CCZ024 . CCZ034 . CCZ123 . CCZ124 . CCZ134 . CCZ234  (elapsed 16167s)
[136/1793] k=5 deg=2  923.8s  T0 . T1 . T2 . T3 . T4 . CS01 . CS02 . CS03 . CS04 . CS12 . CS13 . CS23 . CCZ012 . CCZ013 . CCZ014 . CCZ023 . CCZ024 . CCZ034 . CCZ123  (elapsed 16854s)
[137/1793] k=5 deg=1   33.8s  T0 . T1 . T2 . T3 . T4 . CS01 . CS02 . CS03 . CS12 . CCZ012  (elapsed 16888s)
[138/1793] k=5 deg=1    4.6s  T0 . T1 . T2 . T3 . T4 . CS01 . CS02 . CS03 . CS12 . CCZ012 . CCZ013 . CCZ023 . CCZ134 . CCZ234  (elapsed 16892s)
[139/1793] k=5 deg=1   62.0s  T0 . T1 . T2 . T3 . T4 . CS01 . CS02 . CS03 . CS12 . CS13 . CCZ012 . CCZ013  (elapsed 16954s)
[140/1793] k=5 deg=1    1.6s  T0 . T1 . T2 . T3 . T4 . CS01 . CS02 . CS03 . CS12 . CS13 . CCZ012 . CCZ013 . CCZ023 . CCZ123 . CCZ234  (elapsed 16956s)
[141/1793] k=5 deg=1    1.6s  T0 . T1 . T2 . T3 . T4 . CS01 . CS02 . CS03 . CS12 . CS13 . CS24 . CCZ012 . CCZ013 . CCZ023 . CCZ123  (elapsed 16958s)
[142/1793] k=5 deg=1    1.5s  T0 . T1 . T2 . T3 . T4 . CS01 . CS02 . CS03 . CS12 . CS13 . CS24 . CS34 . CCZ012 . CCZ013 . CCZ023 . CCZ123 . CCZ234  (elapsed 16959s)
[143/1793] k=5 deg=1    4.3s  T0 . T1 . T2 . T3 . T4 . CS01 . CS02 . CS03 . CS12 . CS14 . CS24 . CCZ012 . CCZ013 . CCZ023 . CCZ124  (elapsed 16963s)
[144/1793] k=5 deg=1    4.3s  T0 . T1 . T2 . T3 . T4 . CS01 . CS02 . CS03 . CS12 . CS14 . CS24 . CS34 . CCZ012 . CCZ013 . CCZ023 . CCZ124 . CCZ134 . CCZ234  (elapsed 16968s)
[145/1793] k=5 deg=1    4.4s  T0 . T1 . T2 . T3 . T4 . CS01 . CS02 . CS03 . CS12 . CS34 . CCZ012 . CCZ013 . CCZ023  (elapsed 16972s)
[146/1793] k=5 deg=1   33.9s  T0 . T1 . T2 . T3 . T4 . CS01 . CS02 . CS03 . CS12 . CS34 . CCZ012 . CCZ034  (elapsed 17006s)
[147/1793] k=5 deg=1   13.3s  T0 . T1 . T2 . T3 . T4 . CS01 . CS02 . CS03 . CS14 . CS24 . CCZ012 . CCZ013 . CCZ023 . CCZ123 . CCZ124  (elapsed 17019s)
[148/1793] k=5 deg=2  920.9s  T0 . T1 . T2 . T3 . T4 . CS01 . CS02 . CS03 . CS04 . CS12 . CS34 . CCZ012 . CCZ013 . CCZ014 . CCZ023 . CCZ024 . CCZ034  (elapsed 17088s)
[149/1793] k=5 deg=1    6.2s  T0 . T1 . T2 . T3 . T4 . CS01 . CS02 . CS13 . CS14 . CS23 . CCZ012 . CCZ123  (elapsed 17095s)
[150/1793] k=5 deg=1    6.2s  T0 . T1 . T2 . T3 . T4 . CS01 . CS02 . CS13 . CS24 . CCZ012  (elapsed 17101s)
[151/1793] k=5 deg=1    9.3s  T0 . T1 . T2 . T3 . T4 . CS01 . CS02 . CS14 . CS34 . CCZ012 . CCZ123 . CCZ134  (elapsed 17110s)
[152/1793] k=5 deg=1   33.5s  T0 . T1 . T2 . T3 . T4 . CS01 . CS02 . CS34  (elapsed 17144s)
[153/1793] k=5 deg=1    9.5s  T0 . T1 . T2 . T3 . T4 . CS01 . CS02 . CS34 . CCZ012 . CCZ123 . CCZ124  (elapsed 17153s)
[154/1793] k=5 deg=1   72.1s  T0 . T1 . T2 . T3 . T4 . CS01 . CCZ023 . CCZ024 . CCZ034 . CCZ123 . CCZ124 . CCZ134 . CCZ234  (elapsed 17225s)
[155/1793] k=5 deg=2  925.9s  T0 . T1 . T2 . T3 . T4 . CS01 . CS02 . CS12 . CCZ012 . CCZ034 . CCZ134 . CCZ234  (elapsed 17945s)
[156/1793] k=5 deg=1    1.3s  T0 . T1 . T2 . T4 . CS01 . CS02 . CS03 . CS04 . CS12 . CS13 . CS14 . CS23 . CCZ012 . CCZ013 . CCZ014 . CCZ023 . CCZ024 . CCZ034 . CCZ123 . CCZ124 . CCZ134 . CCZ234  (elapsed 17947s)
[157/1793] k=5 deg=1   62.6s  T0 . T1 . T2 . T4 . CS01 . CS02 . CS03 . CS04 . CS12 . CS13 . CS14 . CS23 . CCZ012 . CCZ013 . CCZ014 . CCZ023 . CCZ123  (elapsed 18009s)
[158/1793] k=5 deg=1    1.3s  T0 . T1 . T2 . T4 . CS01 . CS02 . CS03 . CS04 . CS12 . CS13 . CS14 . CS23 . CS34 . CCZ012 . CCZ013 . CCZ014 . CCZ023 . CCZ024 . CCZ034 . CCZ123 . CCZ124 . CCZ134  (elapsed 18011s)
[159/1793] k=5 deg=1   34.3s  T0 . T1 . T2 . T4 . CS01 . CS02 . CS03 . CS04 . CS12 . CS13 . CS23 . CCZ012 . CCZ013 . CCZ023 . CCZ123  (elapsed 18045s)
[160/1793] k=5 deg=1    4.3s  T0 . T1 . T2 . T4 . CS01 . CS02 . CS03 . CS04 . CS12 . CS13 . CS23 . CS34 . CCZ012 . CCZ013 . CCZ014 . CCZ023 . CCZ024 . CCZ034 . CCZ123  (elapsed 18049s)
[161/1793] k=5 deg=1    4.2s  T0 . T1 . T2 . T4 . CS01 . CS02 . CS03 . CS12 . CCZ012 . CCZ013 . CCZ023  (elapsed 18053s)
[162/1793] k=5 deg=1   34.6s  T0 . T1 . T2 . T4 . CS01 . CS02 . CS03 . CS12 . CCZ012 . CCZ034  (elapsed 18088s)
[163/1793] k=5 deg=1    1.2s  T0 . T1 . T2 . T4 . CS01 . CS02 . CS03 . CS12 . CS13 . CCZ012 . CCZ013 . CCZ023 . CCZ123  (elapsed 18089s)
[164/1793] k=5 deg=1   64.9s  T0 . T1 . T2 . T4 . CS01 . CS02 . CS03 . CS12 . CS13 . CS34 . CCZ012 . CCZ013  (elapsed 18154s)
[165/1793] k=5 deg=1    1.2s  T0 . T1 . T2 . T4 . CS01 . CS02 . CS03 . CS12 . CS13 . CS34 . CCZ012 . CCZ013 . CCZ023 . CCZ123 . CCZ234  (elapsed 18155s)
[166/1793] k=5 deg=2  933.2s  T0 . T1 . T2 . T3 . T4 . CS01 . CS34 . CCZ023 . CCZ024 . CCZ123 . CCZ124  (elapsed 18158s)
[167/1793] k=5 deg=1    4.1s  T0 . T1 . T2 . T4 . CS01 . CS02 . CS03 . CS12 . CS34 . CCZ012 . CCZ013 . CCZ023 . CCZ134 . CCZ234  (elapsed 18163s)
[168/1793] k=5 deg=1    7.1s  T0 . T1 . T2 . T4 . CS01 . CS02 . CS03 . CS14 . CCZ012 . CCZ013 . CCZ023  (elapsed 18170s)
[169/1793] k=5 deg=1    7.2s  T0 . T1 . T2 . T4 . CS01 . CS02 . CS03 . CS14 . CS24 . CS34 . CCZ012 . CCZ013 . CCZ023 . CCZ124 . CCZ134 . CCZ234  (elapsed 18177s)
[170/1793] k=5 deg=1   34.3s  T0 . T1 . T2 . T4 . CS01 . CS02 . CS03 . CS12 . CS34 . CCZ012  (elapsed 18190s)
[171/1793] k=5 deg=1    7.2s  T0 . T1 . T2 . T4 . CS01 . CS02 . CS03 . CS34 . CCZ012 . CCZ013 . CCZ023 . CCZ124 . CCZ134 . CCZ234  (elapsed 18197s)
[172/1793] k=5 deg=1   11.4s  T0 . T1 . T2 . T4 . CS01 . CS02 . CS13 . CS14 . CCZ012 . CCZ123  (elapsed 18208s)
[173/1793] k=5 deg=1   32.0s  T0 . T1 . T2 . T4 . CS01 . CS02 . CS03 . CS34  (elapsed 18209s)
[174/1793] k=5 deg=1    1.1s  T0 . T1 . T2 . T4 . CS01 . CS23  (elapsed 18210s)
[175/1793] k=5 deg=1   11.5s  T0 . T1 . T2 . T4 . CS01 . CS02 . CS13 . CS24 . CS34 . CCZ012 . CCZ123 . CCZ234  (elapsed 18220s)
[176/1793] k=5 deg=1    3.2s  T0 . T1 . T3 . CS01 . CS02 . CS03 . CS04 . CS12 . CS13 . CS23 . CS24 . CCZ012 . CCZ013 . CCZ014 . CCZ023 . CCZ024 . CCZ034 . CCZ123 . CCZ124 . CCZ234  (elapsed 18223s)
[177/1793] k=5 deg=1    4.2s  T0 . T1 . T3 . CS01 . CS02 . CS03 . CS04 . CS12 . CS23 . CCZ012 . CCZ013 . CCZ014 . CCZ023 . CCZ024 . CCZ034  (elapsed 18227s)
[178/1793] k=5 deg=1   63.7s  T0 . T1 . T3 . CS01 . CS02 . CS03 . CS04 . CS12 . CS13 . CS14 . CS23 . CCZ012 . CCZ013 . CCZ014 . CCZ023 . CCZ024 . CCZ123 . CCZ124  (elapsed 18274s)
[179/1793] k=5 deg=1    4.2s  T0 . T1 . T3 . CS01 . CS02 . CS03 . CS12 . CS14 . CS23 . CCZ012 . CCZ013 . CCZ023 . CCZ124 . CCZ134  (elapsed 18278s)
[180/1793] k=5 deg=1    4.3s  T0 . T1 . T3 . CS01 . CS02 . CS03 . CS12 . CS14 . CS23 . CS34 . CCZ012 . CCZ013 . CCZ023 . CCZ124 . CCZ234  (elapsed 18282s)
[181/1793] k=5 deg=1    3.3s  T0 . T1 . T3 . CS01 . CS02 . CS03 . CS12 . CS14 . CS24 . CCZ012 . CCZ013 . CCZ023 . CCZ123 . CCZ134 . CCZ234  (elapsed 18286s)
[182/1793] k=5 deg=1    3.3s  T0 . T1 . T3 . CS01 . CS02 . CS03 . CS12 . CS14 . CS24 . CS34 . CCZ012 . CCZ013 . CCZ023 . CCZ123 . CCZ234  (elapsed 18289s)
[183/1793] k=5 deg=1    3.2s  T0 . T1 . T3 . CS01 . CS02 . CS03 . CS12 . CS34 . CCZ012 . CCZ013 . CCZ023 . CCZ123 . CCZ134  (elapsed 18292s)
[184/1793] k=5 deg=1   34.0s  T0 . T1 . T3 . CS01 . CS02 . CS03 . CS12 . CS34 . CCZ012 . CCZ034  (elapsed 18326s)
[185/1793] k=5 deg=1    1.2s  T0 . T1 . T3 . CS01 . CS02 . CS12 . CS23 . CS24 . CCZ012 . CCZ234  (elapsed 18327s)
[186/1793] k=5 deg=1    1.2s  T0 . T1 . T3 . CS01 . CS02 . CS12 . CS23 . CS34 . CCZ012 . CCZ234  (elapsed 18329s)
[187/1793] k=5 deg=1    1.0s  T0 . T1 . T3 . CS01 . CS02 . CS12 . CS34 . CCZ012  (elapsed 18330s)
[188/1793] k=5 deg=1    3.0s  T0 . T1 . T3 . CS01 . CS02 . CS13 . CS14 . CS23 . CCZ012 . CCZ123  (elapsed 18333s)
[189/1793] k=5 deg=1    3.1s  T0 . T1 . T3 . CS01 . CS02 . CS14 . CS23 . CCZ012 . CCZ123 . CCZ134  (elapsed 18336s)
[190/1793] k=5 deg=1   34.3s  T0 . T1 . T3 . T4 . CS01 . CS02 . CS03 . CS04 . CS12 . CCZ012  (elapsed 18370s)
[191/1793] k=5 deg=1    3.3s  T0 . T1 . T3 . T4 . CS01 . CS02 . CS03 . CS04 . CS12 . CCZ012 . CCZ013 . CCZ014 . CCZ023 . CCZ024 . CCZ034 . CCZ123 . CCZ124 . CCZ134  (elapsed 18373s)
[192/1793] k=5 deg=1   63.0s  T0 . T1 . T3 . T4 . CS01 . CS02 . CS03 . CS04 . CS12 . CS13 . CS14 . CS23 . CS24 . CCZ012 . CCZ013 . CCZ014 . CCZ023 . CCZ024 . CCZ123 . CCZ124  (elapsed 18436s)
[193/1793] k=5 deg=1    3.4s  T0 . T1 . T3 . T4 . CS01 . CS02 . CS03 . CS04 . CS12 . CS13 . CS23 . CCZ012 . CCZ013 . CCZ014 . CCZ023 . CCZ024 . CCZ034 . CCZ123 . CCZ124 . CCZ234  (elapsed 18440s)
[194/1793] k=5 deg=1    4.3s  T0 . T1 . T3 . T4 . CS01 . CS02 . CS03 . CS04 . CS12 . CS23 . CS24 . CCZ012 . CCZ013 . CCZ014 . CCZ023 . CCZ024 . CCZ034 . CCZ134  (elapsed 18444s)
[195/1793] k=5 deg=1    3.2s  T0 . T1 . T3 . T4 . CS01 . CS02 . CS03 . CS04 . CS12 . CS34 . CCZ012 . CCZ013 . CCZ014 . CCZ023 . CCZ024 . CCZ034 . CCZ123 . CCZ124  (elapsed 18448s)
[196/1793] k=5 deg=1   67.5s  T0 . T1 . T3 . T4 . CS01 . CS02 . CS03 . CS12 . CS13 . CCZ012 . CCZ013 . CCZ024 . CCZ124  (elapsed 18515s)
[197/1793] k=5 deg=1    3.3s  T0 . T1 . T3 . T4 . CS01 . CS02 . CS03 . CS12 . CS14 . CCZ012 . CCZ013 . CCZ023 . CCZ123  (elapsed 18518s)
[198/1793] k=5 deg=1    4.3s  T0 . T1 . T3 . T4 . CS01 . CS02 . CS03 . CS12 . CS14 . CS23 . CS24 . CCZ012 . CCZ013 . CCZ023 . CCZ124  (elapsed 18523s)
[199/1793] k=5 deg=1    4.3s  T0 . T1 . T3 . T4 . CS01 . CS02 . CS03 . CS12 . CS14 . CS23 . CS24 . CS34 . CCZ012 . CCZ013 . CCZ023 . CCZ124 . CCZ134 . CCZ234  (elapsed 18527s)
[200/1793] k=5 deg=1    3.3s  T0 . T1 . T3 . T4 . CS01 . CS02 . CS03 . CS12 . CS14 . CS34 . CCZ012 . CCZ013 . CCZ023 . CCZ123 . CCZ134  (elapsed 18530s)
[201/1793] k=5 deg=1    4.5s  T0 . T1 . T3 . T4 . CS01 . CS02 . CS03 . CS12 . CS23 . CS24 . CCZ012 . CCZ013 . CCZ023 . CCZ134  (elapsed 18535s)
[202/1793] k=5 deg=1   35.8s  T0 . T1 . T3 . T4 . CS01 . CS02 . CS03 . CS12 . CS24 . CCZ012  (elapsed 18571s)
[203/1793] k=5 deg=1    3.4s  T0 . T1 . T3 . T4 . CS01 . CS02 . CS03 . CS12 . CS24 . CCZ012 . CCZ013 . CCZ023 . CCZ123 . CCZ134 . CCZ234  (elapsed 18574s)
[204/1793] k=5 deg=1    3.4s  T0 . T1 . T3 . T4 . CS01 . CS02 . CS03 . CS12 . CS24 . CS34 . CCZ012 . CCZ013 . CCZ023 . CCZ123 . CCZ234  (elapsed 18577s)
[205/1793] k=5 deg=1   34.9s  T0 . T1 . T3 . T4 . CS01 . CS02 . CS03 . CS12 . CS24 . CS34 . CCZ012 . CCZ034  (elapsed 18612s)
[206/1793] k=5 deg=1    1.0s  T0 . T1 . T3 . T4 . CS01 . CS02 . CS12 . CCZ012  (elapsed 18613s)
[207/1793] k=5 deg=1    1.2s  T0 . T1 . T3 . T4 . CS01 . CS02 . CS12 . CS23 . CS24 . CCZ012  (elapsed 18615s)
[208/1793] k=5 deg=1   64.7s  T0 . T1 . T3 . T4 . CS01 . CS02 . CS12 . CS23 . CS24 . CCZ012 . CCZ034 . CCZ134  (elapsed 18679s)
[209/1793] k=5 deg=1    1.2s  T0 . T1 . T3 . T4 . CS01 . CS02 . CS12 . CS23 . CS34 . CCZ012  (elapsed 18681s)
[210/1793] k=5 deg=1    3.3s  T0 . T1 . T3 . T4 . CS01 . CS02 . CS13 . CCZ012  (elapsed 18684s)
[211/1793] k=5 deg=1    3.1s  T0 . T1 . T3 . T4 . CS01 . CS02 . CS13 . CS23 . CCZ012 . CCZ123  (elapsed 18687s)
[212/1793] k=5 deg=1    3.1s  T0 . T1 . T3 . T4 . CS01 . CS02 . CS23 . CS34 . CCZ012 . CCZ123  (elapsed 18690s)
[213/1793] k=5 deg=1    3.1s  T0 . T1 . T3 . T4 . CS01 . CS02 . CS34 . CCZ012  (elapsed 18693s)
[214/1793] k=5 deg=1    3.1s  T0 . T1 . T4 . CS01 . CS02 . CS03 . CCZ012 . CCZ013 . CCZ023  (elapsed 18696s)
[215/1793] k=5 deg=1    3.3s  T0 . T1 . T4 . CS01 . CS02 . CS03 . CS04 . CS12 . CS13 . CCZ012 . CCZ013 . CCZ014 . CCZ023 . CCZ024 . CCZ034 . CCZ123 . CCZ124 . CCZ134  (elapsed 18699s)
[216/1793] k=5 deg=1   34.8s  T0 . T1 . T4 . CS01 . CS02 . CS03 . CS04 . CS12 . CS13 . CCZ012 . CCZ013 . CCZ023 . CCZ123  (elapsed 18734s)
[217/1793] k=5 deg=2  951.5s  T0 . T1 . T3 . CS01 . CS02 . CS03 . CS12 . CS13 . CS24 . CCZ012 . CCZ013 . CCZ024 . CCZ124  (elapsed 19179s)
[218/1793] k=5 deg=1    4.4s  T0 . T1 . T4 . CS01 . CS02 . CS03 . CS04 . CS12 . CS13 . CS24 . CS34 . CCZ012 . CCZ013 . CCZ014 . CCZ023 . CCZ024 . CCZ034 . CCZ123 . CCZ234  (elapsed 19183s)
[219/1793] k=5 deg=1    3.4s  T0 . T1 . T4 . CS01 . CS02 . CS03 . CS04 . CS12 . CS13 . CS34 . CCZ012 . CCZ013 . CCZ014 . CCZ023 . CCZ024 . CCZ034 . CCZ123 . CCZ124  (elapsed 19187s)
[220/1793] k=5 deg=1   34.2s  T0 . T1 . T4 . CS01 . CS02 . CS03 . CS04 . CS12 . CS23 . CCZ012  (elapsed 19221s)
[221/1793] k=5 deg=1    3.2s  T0 . T1 . T4 . CS01 . CS02 . CS03 . CS04 . CS12 . CS23 . CCZ012 . CCZ013 . CCZ014 . CCZ023 . CCZ024 . CCZ034 . CCZ123 . CCZ124 . CCZ234  (elapsed 19224s)
[222/1793] k=5 deg=1    3.2s  T0 . T1 . T4 . CS01 . CS02 . CS03 . CS04 . CS12 . CS23 . CS34 . CCZ012 . CCZ013 . CCZ014 . CCZ023 . CCZ024 . CCZ034 . CCZ123 . CCZ124 . CCZ134 . CCZ234  (elapsed 19227s)
[223/1793] k=5 deg=1   34.2s  T0 . T1 . T4 . CS01 . CS02 . CS03 . CS04 . CS12 . CS23 . CS34 . CCZ012 . CCZ034  (elapsed 19261s)
[224/1793] k=5 deg=1    1.0s  T0 . T1 . T4 . CS01 . CS02 . CS03 . CS12 . CS13 . CS23 . CCZ012 . CCZ013 . CCZ023 . CCZ123  (elapsed 19262s)
[225/1793] k=5 deg=1   75.4s  T0 . T1 . T4 . CS01 . CS02 . CS03 . CS12 . CS13 . CS23 . CCZ012 . CCZ013 . CCZ024 . CCZ034 . CCZ124 . CCZ134 . CCZ234  (elapsed 19338s)
[226/1793] k=5 deg=1    1.1s  T0 . T1 . T4 . CS01 . CS02 . CS03 . CS12 . CS13 . CS23 . CS24 . CS34 . CCZ012 . CCZ013 . CCZ023 . CCZ123  (elapsed 19339s)
[227/1793] k=5 deg=1   73.0s  T0 . T1 . T4 . CS01 . CS02 . CS03 . CS12 . CS13 . CS23 . CS24 . CS34 . CCZ012 . CCZ013 . CCZ234  (elapsed 19412s)
[228/1793] k=5 deg=2  972.6s  T0 . T1 . T4 . CS01 . CS02 . CS03 . CS04 . CS12 . CS13 . CS14 . CCZ012 . CCZ013 . CCZ014 . CCZ023 . CCZ123  (elapsed 19707s)
[229/1793] k=5 deg=1    1.2s  T0 . T1 . T4 . CS01 . CS02 . CS03 . CS12 . CS13 . CS24 . CCZ012 . CCZ013 . CCZ023 . CCZ123  (elapsed 19708s)
[230/1793] k=5 deg=1    3.2s  T0 . T1 . T4 . CS01 . CS02 . CS03 . CS12 . CS14 . CS23 . CCZ012 . CCZ013 . CCZ023 . CCZ123  (elapsed 19712s)
[231/1793] k=5 deg=1    3.2s  T0 . T1 . T4 . CS01 . CS02 . CS03 . CS12 . CS14 . CS23 . CS34 . CCZ012 . CCZ013 . CCZ023 . CCZ123 . CCZ134  (elapsed 19715s)
[232/1793] k=5 deg=1    4.2s  T0 . T1 . T4 . CS01 . CS02 . CS03 . CS12 . CS14 . CS24 . CCZ012 . CCZ013 . CCZ023 . CCZ124  (elapsed 19719s)
[233/1793] k=5 deg=1    4.2s  T0 . T1 . T4 . CS01 . CS02 . CS03 . CS12 . CS14 . CS24 . CS34 . CCZ012 . CCZ013 . CCZ023 . CCZ124 . CCZ134 . CCZ234  (elapsed 19723s)
[234/1793] k=5 deg=1    3.2s  T0 . T1 . T4 . CS01 . CS02 . CS03 . CS12 . CS23 . CS24 . CCZ012 . CCZ013 . CCZ023 . CCZ123  (elapsed 19726s)
[235/1793] k=5 deg=1   34.5s  T0 . T1 . T4 . CS01 . CS02 . CS03 . CS12 . CS23 . CS24 . CCZ012 . CCZ034 . CCZ234  (elapsed 19761s)
[236/1793] k=5 deg=1    3.4s  T0 . T1 . T4 . CS01 . CS02 . CS03 . CS12 . CS23 . CS24 . CS34 . CCZ012 . CCZ013 . CCZ023 . CCZ123 . CCZ134  (elapsed 19764s)
[237/1793] k=5 deg=1   36.6s  T0 . T1 . T4 . CS01 . CS02 . CS03 . CS12 . CS23 . CS24 . CS34 . CCZ012 . CCZ234  (elapsed 19801s)
[238/1793] k=5 deg=1    4.2s  T0 . T1 . T4 . CS01 . CS02 . CS03 . CS12 . CS24 . CCZ012 . CCZ013 . CCZ023  (elapsed 19805s)
[239/1793] k=5 deg=1    4.2s  T0 . T1 . T4 . CS01 . CS02 . CS03 . CS12 . CS24 . CS34 . CCZ012 . CCZ013 . CCZ023 . CCZ134 . CCZ234  (elapsed 19809s)
[240/1793] k=5 deg=1    3.1s  T0 . T1 . T4 . CS01 . CS02 . CS03 . CS23 . CCZ012 . CCZ013 . CCZ023 . CCZ123  (elapsed 19812s)
[241/1793] k=5 deg=1    3.1s  T0 . T1 . T4 . CS01 . CS02 . CS03 . CS23 . CS24 . CS34 . CCZ012 . CCZ013 . CCZ023 . CCZ123 . CCZ124 . CCZ134  (elapsed 19816s)
[242/1793] k=5 deg=1    3.1s  T0 . T1 . T4 . CS01 . CS02 . CS03 . CS24 . CS34 . CCZ012 . CCZ013 . CCZ023 . CCZ124 . CCZ134 . CCZ234  (elapsed 19819s)
[243/1793] k=5 deg=1    1.1s  T0 . T1 . T4 . CS01 . CS02 . CS12 . CS23 . CCZ012  (elapsed 19820s)
[244/1793] k=5 deg=1    3.3s  T0 . T1 . T4 . CS01 . CS02 . CS13 . CS14 . CS23 . CCZ012 . CCZ123  (elapsed 19823s)
[245/1793] k=5 deg=1    3.2s  T0 . T1 . T4 . CS01 . CS02 . CS13 . CS23 . CS34 . CCZ012 . CCZ123  (elapsed 19826s)
[246/1793] k=5 deg=1    3.1s  T0 . T1 . T4 . CS01 . CS02 . CS13 . CS34 . CCZ012  (elapsed 19829s)
[247/1793] k=5 deg=1    3.1s  T0 . T1 . T4 . CS01 . CS02 . CS23 . CCZ012 . CCZ123  (elapsed 19833s)
[248/1793] k=5 deg=1   63.0s  T0 . T1 . T4 . CS01 . CS23 . CCZ023 . CCZ123  (elapsed 19896s)
[249/1793] k=5 deg=2  939.9s  T0 . T1 . T4 . CS01 . CS02 . CS03 . CS12 . CS13 . CS23 . CS34 . CCZ012 . CCZ013 . CCZ024 . CCZ124 . CCZ234  (elapsed 20352s)
[250/1793] k=5 deg=2  919.7s  T0 . CS12 . CS13 . CS14 . CCZ123 . CCZ124 . CCZ134  (elapsed 20815s)
[251/1793] k=5 deg=2  929.5s  T0 . CS12 . CS13 . CS14 . CS24 . CS34 . CCZ123 . CCZ234  (elapsed 21281s)
[252/1793] k=5 deg=1   63.2s  T0 . T2 . CS01 . CS02 . CS03 . CS04 . CS12 . CS23 . CS34 . CCZ012 . CCZ013 . CCZ014 . CCZ023 . CCZ123 . CCZ134  (elapsed 21345s)
[253/1793] k=5 deg=1   62.5s  T0 . T2 . CS01 . CS02 . CS03 . CS04 . CS12 . CS34 . CCZ012 . CCZ013 . CCZ014 . CCZ134  (elapsed 21407s)
[254/1793] k=5 deg=1  127.6s  T0 . T2 . CS01 . CS02 . CS03 . CS12 . CS14 . CS23 . CCZ012 . CCZ013 . CCZ014 . CCZ023 . CCZ123 . CCZ124 . CCZ134  (elapsed 21535s)
[255/1793] k=5 deg=2  921.4s  T0 . CS12 . CS13 . CS24 . CS34 . CCZ123 . CCZ124 . CCZ134 . CCZ234  (elapsed 21737s)
[256/1793] k=5 deg=1  128.0s  T0 . T2 . CS01 . CS02 . CS12 . CS13 . CS14 . CS34 . CCZ012 . CCZ013 . CCZ014 . CCZ034 . CCZ123 . CCZ124 . CCZ134 . CCZ234  (elapsed 21865s)
[257/1793] k=5 deg=1  130.0s  T0 . T2 . CS01 . CS02 . CS12 . CS13 . CS34 . CCZ012 . CCZ013 . CCZ034 . CCZ123 . CCZ234  (elapsed 21995s)
[258/1793] k=5 deg=1   64.6s  T0 . T2 . T3 . CS01 . CS02 . CS03 . CS04 . CS12 . CS13 . CCZ012 . CCZ013 . CCZ014  (elapsed 22059s)
[259/1793] k=5 deg=1   62.1s  T0 . T2 . T3 . CS01 . CS02 . CS03 . CS04 . CS12 . CS13 . CS23 . CCZ012 . CCZ013 . CCZ014 . CCZ023 . CCZ123  (elapsed 22122s)
[260/1793] k=5 deg=2  951.1s  T0 . T2 . CS01 . CS02 . CS12 . CS13 . CS14 . CCZ012 . CCZ013 . CCZ014 . CCZ123 . CCZ124 . CCZ134  (elapsed 22486s)
[261/1793] k=5 deg=1  131.9s  T0 . T2 . T3 . CS01 . CS02 . CS12 . CS34 . CCZ012 . CCZ013 . CCZ034 . CCZ123 . CCZ234  (elapsed 22618s)
[262/1793] k=5 deg=1  158.6s  T0 . T2 . T3 . CS01 . CS04 . CS14 . CS23 . CCZ012 . CCZ013 . CCZ024 . CCZ034 . CCZ124 . CCZ134  (elapsed 22776s)
[263/1793] k=5 deg=1  157.7s  T0 . T2 . T3 . CS01 . CS04 . CS14 . CS34 . CCZ012 . CCZ013 . CCZ023 . CCZ024 . CCZ124 . CCZ134 . CCZ234  (elapsed 22934s)
[264/1793] k=5 deg=1    1.1s  T0 . T2 . T3 . CS01 . CS12 . CS34  (elapsed 22935s)
[265/1793] k=5 deg=2  923.4s  T0 . T2 . T3 . CS01 . CS02 . CS03 . CS12 . CS13 . CS14 . CS23 . CCZ012 . CCZ013 . CCZ014 . CCZ023 . CCZ123 . CCZ124 . CCZ134  (elapsed 23045s)
[266/1793] k=5 deg=1  156.7s  T0 . T2 . T3 . CS01 . CS24 . CS34 . CCZ012 . CCZ013 . CCZ023 . CCZ024 . CCZ034  (elapsed 23092s)
[267/1793] k=5 deg=1   61.5s  T0 . T2 . T3 . T4 . CS01 . CS02 . CS03 . CS04 . CS12 . CS13 . CS14 . CCZ012 . CCZ013 . CCZ014  (elapsed 23106s)
[268/1793] k=5 deg=1   62.1s  T0 . T2 . T3 . T4 . CS01 . CS02 . CS03 . CS04 . CS12 . CS13 . CS14 . CS23 . CCZ012 . CCZ013 . CCZ014 . CCZ023 . CCZ123  (elapsed 23154s)
[269/1793] k=5 deg=1   62.0s  T0 . T2 . T3 . T4 . CS01 . CS02 . CS03 . CS12 . CS13 . CS14 . CCZ012 . CCZ013  (elapsed 23168s)
[270/1793] k=5 deg=1  127.2s  T0 . T2 . T3 . T4 . CS01 . CS02 . CS12 . CCZ012 . CCZ013 . CCZ014 . CCZ034 . CCZ123 . CCZ124 . CCZ234  (elapsed 23296s)
[271/1793] k=5 deg=2  920.7s  T0 . T2 . T3 . T4 . CS01 . CS02 . CS03 . CS12 . CS13 . CS23 . CCZ012 . CCZ013 . CCZ014 . CCZ023 . CCZ123 . CCZ124 . CCZ134  (elapsed 24075s)
[272/1793] k=5 deg=1  132.6s  T0 . T2 . T3 . T4 . CS01 . CS02 . CS12 . CS14 . CS34 . CCZ012 . CCZ013 . CCZ123 . CCZ134  (elapsed 24208s)
[273/1793] k=5 deg=2  923.1s  T0 . T2 . T3 . T4 . CS01 . CS02 . CS12 . CS14 . CCZ012 . CCZ013 . CCZ034 . CCZ123 . CCZ134 . CCZ234  (elapsed 24219s)
[274/1793] k=5 deg=1  163.6s  T0 . T2 . T3 . T4 . CS01 . CS04 . CS23 . CCZ012 . CCZ013  (elapsed 24382s)
[275/1793] k=5 deg=1  162.7s  T0 . T2 . T3 . T4 . CS01 . CS04 . CS24 . CCZ012 . CCZ013 . CCZ023 . CCZ024  (elapsed 24545s)
[276/1793] k=5 deg=1    1.1s  T0 . T2 . T3 . T4 . CS01 . CS12  (elapsed 24546s)
[277/1793] k=5 deg=1    2.1s  T0 . T2 . T3 . T4 . CS01 . CS12 . CS13 . CS14  (elapsed 24548s)
[278/1793] k=5 deg=1   64.0s  T0 . T2 . T3 . T4 . CS01 . CS12 . CS13 . CS14 . CCZ023 . CCZ024 . CCZ034 . CCZ234  (elapsed 24612s)
[279/1793] k=5 deg=1  157.7s  T0 . T2 . T3 . T4 . CS01 . CS14 . CCZ012 . CCZ013 . CCZ023 . CCZ024 . CCZ034 . CCZ124 . CCZ134 . CCZ234  (elapsed 24770s)
[280/1793] k=5 deg=2  949.4s  T0 . T2 . T3 . T4 . CS01 . CS02 . CS12 . CS34 . CCZ012 . CCZ013 . CCZ014 . CCZ123 . CCZ124  (elapsed 25157s)
[281/1793] k=5 deg=2  925.3s  T0 . T2 . T3 . T4 . CS01 . CS14 . CS23 . CCZ012 . CCZ013 . CCZ024 . CCZ034 . CCZ124 . CCZ134  (elapsed 25695s)
[282/1793] k=5 deg=1  157.0s  T0 . T2 . T3 . T4 . CS01 . CS34 . CCZ012 . CCZ013 . CCZ014 . CCZ023 . CCZ024  (elapsed 25852s)
[283/1793] k=5 deg=1   63.7s  T0 . T2 . T4 . CS01 . CS02 . CS03 . CS04 . CS12 . CS14 . CS23 . CCZ012 . CCZ013 . CCZ014 . CCZ023 . CCZ123  (elapsed 25916s)
[284/1793] k=5 deg=1   64.2s  T0 . T2 . T4 . CS01 . CS02 . CS03 . CS12 . CS14 . CS34 . CCZ012 . CCZ013 . CCZ134  (elapsed 25981s)
[285/1793] k=5 deg=2  928.5s  T0 . T2 . T3 . T4 . CS01 . CS23 . CS24 . CS34 . CCZ012 . CCZ013 . CCZ014 . CCZ234  (elapsed 26086s)
[286/1793] k=5 deg=1  126.9s  T0 . T2 . T4 . CS01 . CS02 . CS03 . CS12 . CS23 . CS34 . CCZ012 . CCZ013 . CCZ014 . CCZ023 . CCZ123 . CCZ124  (elapsed 26107s)
[287/1793] k=5 deg=1  126.2s  T0 . T2 . T4 . CS01 . CS02 . CS12 . CS13 . CCZ012 . CCZ013 . CCZ014 . CCZ123 . CCZ124 . CCZ134  (elapsed 26212s)
[288/1793] k=5 deg=1  126.4s  T0 . T2 . T4 . CS01 . CS02 . CS12 . CS13 . CS14 . CCZ012 . CCZ013 . CCZ123  (elapsed 26234s)
[289/1793] k=5 deg=2  920.9s  T0 . T2 . T4 . CS01 . CS02 . CS12 . CS13 . CS14 . CS34 . CCZ012 . CCZ013 . CCZ034 . CCZ123 . CCZ234  (elapsed 27133s)
[290/1793] k=5 deg=2  921.7s  T0 . T2 . T4 . CS01 . CS02 . CS12 . CS13 . CS34 . CCZ012 . CCZ013 . CCZ014 . CCZ034 . CCZ123 . CCZ124 . CCZ134 . CCZ234  (elapsed 27155s)
[291/1793] k=5 deg=1  158.0s  T0 . T2 . T4 . CS01 . CS03 . CS04 . CS13 . CCZ012 . CCZ023 . CCZ123  (elapsed 27291s)
[292/1793] k=5 deg=1  161.1s  T0 . T2 . T4 . CS01 . CS13 . CS23 . CCZ012 . CCZ013 . CCZ014 . CCZ023 . CCZ024 . CCZ123 . CCZ134 . CCZ234  (elapsed 27452s)
[293/1793] k=5 deg=1   63.3s  T0 . T3 . CS01 . CS02 . CS03 . CS04 . CS13 . CS23 . CCZ012 . CCZ013 . CCZ014 . CCZ023 . CCZ024 . CCZ123  (elapsed 27515s)
[294/1793] k=5 deg=2  921.6s  T0 . T2 . T4 . CS01 . CS04 . CS13 . CS23 . CS24 . CCZ012 . CCZ013 . CCZ023 . CCZ024 . CCZ123  (elapsed 28077s)
[295/1793] k=5 deg=1   64.8s  T0 . T3 . CS01 . CS02 . CS03 . CS13 . CS24 . CCZ012 . CCZ013 . CCZ024 . CCZ124  (elapsed 28142s)
[296/1793] k=5 deg=1  155.2s  T0 . T3 . CS01 . CS02 . CS03 . CS34 . CCZ012 . CCZ034  (elapsed 28297s)
[297/1793] k=5 deg=2  940.2s  T0 . T3 . CS01 . CS02 . CS03 . CS13 . CS14 . CS23 . CS24 . CCZ012 . CCZ013 . CCZ014 . CCZ023 . CCZ024 . CCZ123 . CCZ124 . CCZ134 . CCZ234  (elapsed 28456s)
[298/1793] k=5 deg=1  163.1s  T0 . T3 . CS01 . CS02 . CS04 . CS14 . CS24 . CCZ012 . CCZ013 . CCZ023 . CCZ034 . CCZ124 . CCZ134 . CCZ234  (elapsed 28460s)
[299/1793] k=5 deg=1    1.1s  T0 . T3 . CS01 . CS02 . CS12 . CS13 . CS14 . CS23 . CCZ012 . CCZ134  (elapsed 28461s)
[300/1793] k=5 deg=1    1.0s  T0 . T3 . CS01 . CS02 . CS12 . CS13 . CS14 . CS23 . CS24 . CCZ012 . CCZ134 . CCZ234  (elapsed 28462s)
[301/1793] k=5 deg=1    1.0s  T0 . T3 . CS01 . CS02 . CS12 . CS13 . CS14 . CS34 . CCZ012 . CCZ134  (elapsed 28463s)
[302/1793] k=5 deg=1    1.0s  T0 . T3 . CS01 . CS02 . CS12 . CS13 . CS24 . CCZ012  (elapsed 28464s)
[303/1793] k=5 deg=1    3.1s  T0 . T3 . CS01 . CS02 . CS13 . CS34 . CCZ012 . CCZ134  (elapsed 28467s)
[304/1793] k=5 deg=1  123.7s  T0 . T3 . CS01 . CS02 . CS23 . CS34 . CCZ012 . CCZ013 . CCZ034 . CCZ234  (elapsed 28591s)
[305/1793] k=5 deg=1    1.1s  T0 . T3 . CS01 . CS02 . CS34 . CCZ012  (elapsed 28592s)
[306/1793] k=5 deg=1  159.7s  T0 . T3 . CS01 . CS02 . CS34 . CCZ012 . CCZ013 . CCZ023 . CCZ034  (elapsed 28752s)
[307/1793] k=5 deg=1  134.8s  T0 . T3 . CS01 . CS04 . CS12 . CS13 . CS14 . CS23 . CCZ012 . CCZ023 . CCZ034 . CCZ134  (elapsed 28887s)
[308/1793] k=5 deg=2  922.4s  T0 . T3 . CS01 . CS02 . CS04 . CS14 . CS24 . CS34 . CCZ012 . CCZ013 . CCZ023 . CCZ124 . CCZ134 . CCZ234  (elapsed 29378s)
[309/1793] k=5 deg=1  127.4s  T0 . T3 . CS01 . CS04 . CS12 . CS14 . CS24 . CCZ012 . CCZ013 . CCZ024 . CCZ034 . CCZ123 . CCZ134 . CCZ234  (elapsed 29505s)
[310/1793] k=5 deg=1  127.3s  T0 . T3 . CS01 . CS04 . CS12 . CS14 . CS34 . CCZ012 . CCZ013 . CCZ123 . CCZ134  (elapsed 29633s)
[311/1793] k=5 deg=1  132.4s  T0 . T3 . CS01 . CS12 . CS23 . CS24 . CS34 . CCZ012 . CCZ013 . CCZ023 . CCZ024 . CCZ034 . CCZ123  (elapsed 29765s)
[312/1793] k=5 deg=2  921.4s  T0 . T3 . CS01 . CS04 . CS12 . CS14 . CS23 . CS24 . CS34 . CCZ012 . CCZ013 . CCZ023 . CCZ024 . CCZ123 . CCZ134  (elapsed 29808s)
[313/1793] k=5 deg=1    1.1s  T0 . T3 . T4 . CS01 . CS02 . CCZ012  (elapsed 29809s)
[314/1793] k=5 deg=1  127.2s  T0 . T3 . CS01 . CS12 . CS24 . CS34 . CCZ012 . CCZ013 . CCZ024 . CCZ034 . CCZ123 . CCZ234  (elapsed 29892s)
[315/1793] k=5 deg=1  156.3s  T0 . T3 . T4 . CS01 . CS02 . CCZ012 . CCZ013 . CCZ014 . CCZ023 . CCZ024 . CCZ034  (elapsed 29966s)
[316/1793] k=5 deg=1   63.5s  T0 . T3 . T4 . CS01 . CS02 . CS03 . CS04 . CS13 . CS14 . CS23 . CS24 . CCZ012 . CCZ013 . CCZ014 . CCZ023 . CCZ024 . CCZ123 . CCZ124  (elapsed 30029s)
[317/1793] k=5 deg=1  155.4s  T0 . T3 . T4 . CS01 . CS02 . CS03 . CS04 . CCZ012  (elapsed 30047s)
[318/1793] k=5 deg=1   64.6s  T0 . T3 . T4 . CS01 . CS02 . CS03 . CS13 . CS14 . CCZ012 . CCZ013 . CCZ024  (elapsed 30094s)
[319/1793] k=5 deg=1  154.2s  T0 . T3 . T4 . CS01 . CS02 . CS03 . CS14 . CS24 . CCZ012 . CCZ124  (elapsed 30248s)
[320/1793] k=5 deg=2  920.2s  T0 . T3 . T4 . CS01 . CS02 . CS03 . CS13 . CS23 . CCZ012 . CCZ013 . CCZ014 . CCZ023 . CCZ024 . CCZ123 . CCZ134 . CCZ234  (elapsed 30968s)
[321/1793] k=5 deg=1  160.8s  T0 . T3 . T4 . CS01 . CS02 . CS04 . CCZ012 . CCZ013 . CCZ023  (elapsed 31129s)
[322/1793] k=5 deg=2  948.5s  T0 . T3 . T4 . CS01 . CS02 . CS03 . CS14 . CS24 . CS34 . CCZ012 . CCZ034 . CCZ124  (elapsed 31196s)
[323/1793] k=5 deg=1    1.0s  T0 . T3 . T4 . CS01 . CS02 . CS12 . CS13 . CCZ012  (elapsed 31197s)
[324/1793] k=5 deg=1    1.0s  T0 . T3 . T4 . CS01 . CS02 . CS12 . CS13 . CS23 . CS34 . CCZ012  (elapsed 31199s)
[325/1793] k=5 deg=1    1.0s  T0 . T3 . T4 . CS01 . CS02 . CS12 . CS34 . CCZ012  (elapsed 31200s)
[326/1793] k=5 deg=1    3.1s  T0 . T3 . T4 . CS01 . CS02 . CS13 . CS14 . CCZ012  (elapsed 31203s)
[327/1793] k=5 deg=1    3.3s  T0 . T3 . T4 . CS01 . CS02 . CS13 . CS14 . CS23 . CCZ012 . CCZ123  (elapsed 31206s)
[328/1793] k=5 deg=1   63.6s  T0 . T3 . T4 . CS01 . CS02 . CS13 . CS14 . CS23 . CS24 . CCZ012 . CCZ034 . CCZ123 . CCZ124  (elapsed 31269s)
[329/1793] k=5 deg=1    4.1s  T0 . T3 . T4 . CS01 . CS02 . CS13 . CS14 . CS23 . CS24 . CCZ012 . CCZ123 . CCZ124  (elapsed 31274s)
[330/1793] k=5 deg=1  131.7s  T0 . T3 . T4 . CS01 . CS02 . CS14 . CS23 . CS24 . CCZ012 . CCZ013 . CCZ034 . CCZ124 . CCZ134  (elapsed 31405s)
[331/1793] k=5 deg=2  942.8s  T0 . T3 . T4 . CS01 . CS02 . CS04 . CS34 . CCZ012 . CCZ013 . CCZ023 . CCZ034  (elapsed 32071s)
[332/1793] k=5 deg=1  124.3s  T0 . T3 . T4 . CS01 . CS02 . CS23 . CS24 . CCZ012 . CCZ013 . CCZ014 . CCZ034  (elapsed 32196s)
[333/1793] k=5 deg=1  124.0s  T0 . T3 . T4 . CS01 . CS02 . CS23 . CS24 . CS34 . CCZ012 . CCZ013 . CCZ014 . CCZ234  (elapsed 32320s)
[334/1793] k=5 deg=2  976.6s  T0 . T3 . T4 . CS01 . CS02 . CS14 . CS24 . CCZ012 . CCZ013 . CCZ023 . CCZ034 . CCZ124 . CCZ134 . CCZ234  (elapsed 32382s)
[335/1793] k=5 deg=1  132.9s  T0 . T3 . T4 . CS01 . CS03 . CS12 . CS14 . CCZ012  (elapsed 32515s)
[336/1793] k=5 deg=1  129.6s  T0 . T3 . T4 . CS01 . CS04 . CS12 . CCZ012 . CCZ013 . CCZ123  (elapsed 32645s)
[337/1793] k=5 deg=1  135.5s  T0 . T3 . T4 . CS01 . CS04 . CS12 . CS23 . CS24 . CCZ012 . CCZ013 . CCZ023 . CCZ024 . CCZ123  (elapsed 32780s)
[338/1793] k=5 deg=2  916.0s  T0 . T3 . T4 . CS01 . CS02 . CS34 . CCZ012 . CCZ013 . CCZ014 . CCZ023 . CCZ024  (elapsed 33236s)
[339/1793] k=5 deg=1  126.2s  T0 . T3 . T4 . CS01 . CS12 . CS14 . CS34 . CCZ012 . CCZ013 . CCZ123 . CCZ134  (elapsed 33362s)
[340/1793] k=5 deg=1    1.1s  T0 . T3 . T4 . CS01 . CS12 . CS23  (elapsed 33363s)
[341/1793] k=5 deg=1  126.2s  T0 . T3 . T4 . CS01 . CS12 . CS34 . CCZ012 . CCZ013 . CCZ014 . CCZ123 . CCZ124  (elapsed 33489s)
[342/1793] k=5 deg=2  939.8s  T0 . T3 . T4 . CS01 . CS12 . CS14 . CS23 . CS24 . CCZ012 . CCZ013 . CCZ023 . CCZ024 . CCZ034 . CCZ123 . CCZ134  (elapsed 33720s)
[343/1793] k=5 deg=2  946.1s  T0 . T4 . CS01 . CS02 . CS03 . CCZ012 . CCZ013 . CCZ014 . CCZ023 . CCZ024 . CCZ034  (elapsed 34435s)
[344/1793] k=5 deg=2  943.3s  T0 . T4 . CS01 . CS02 . CS03 . CS04 . CCZ012 . CCZ013 . CCZ023  (elapsed 34663s)
[345/1793] k=5 deg=1   66.5s  T0 . T4 . CS01 . CS02 . CS03 . CS04 . CS14 . CCZ012 . CCZ013 . CCZ014 . CCZ023  (elapsed 34730s)
[346/1793] k=5 deg=1    1.1s  T0 . T4 . CS01 . CS02 . CS03 . CS12 . CS13 . CCZ012 . CCZ013 . CCZ023 . CCZ123  (elapsed 34731s)
[347/1793] k=5 deg=1    1.1s  T0 . T4 . CS01 . CS02 . CS03 . CS12 . CS13 . CS14 . CS23 . CCZ012 . CCZ013 . CCZ023 . CCZ123  (elapsed 34732s)
[348/1793] k=5 deg=1    1.0s  T0 . T4 . CS01 . CS02 . CS03 . CS12 . CS13 . CS14 . CS23 . CS24 . CS34 . CCZ012 . CCZ013 . CCZ023 . CCZ123  (elapsed 34733s)
[349/1793] k=5 deg=1    1.0s  T0 . T4 . CS01 . CS02 . CS03 . CS12 . CS13 . CS14 . CS24 . CS34 . CCZ012 . CCZ013 . CCZ023 . CCZ123 . CCZ234  (elapsed 34734s)
[350/1793] k=5 deg=1    1.0s  T0 . T4 . CS01 . CS02 . CS03 . CS12 . CS14 . CS24 . CS34 . CCZ012 . CCZ013 . CCZ023 . CCZ123 . CCZ134 . CCZ234  (elapsed 34735s)
[351/1793] k=5 deg=1    1.0s  T0 . T4 . CS01 . CS02 . CS03 . CS12 . CS14 . CS34 . CCZ012 . CCZ013 . CCZ023 . CCZ123 . CCZ134  (elapsed 34736s)
[352/1793] k=5 deg=1    1.0s  T0 . T4 . CS01 . CS02 . CS03 . CS12 . CS34 . CCZ012 . CCZ013 . CCZ023 . CCZ123  (elapsed 34737s)
[353/1793] k=5 deg=1    3.2s  T0 . T4 . CS01 . CS02 . CS03 . CS14 . CCZ012 . CCZ013 . CCZ023  (elapsed 34740s)
[354/1793] k=5 deg=1   67.0s  T0 . T4 . CS01 . CS02 . CS03 . CS14 . CS23 . CCZ012 . CCZ013 . CCZ024 . CCZ034 . CCZ123 . CCZ234  (elapsed 34807s)
[355/1793] k=5 deg=1   67.1s  T0 . T4 . CS01 . CS02 . CS03 . CS14 . CS23 . CS34 . CCZ012 . CCZ013 . CCZ024 . CCZ123 . CCZ134 . CCZ234  (elapsed 34875s)
[356/1793] k=5 deg=1    4.1s  T0 . T4 . CS01 . CS02 . CS03 . CS14 . CS24 . CCZ012 . CCZ013 . CCZ023 . CCZ124  (elapsed 34879s)
[357/1793] k=5 deg=1  123.6s  T0 . T4 . CS01 . CS02 . CS03 . CS24 . CS34 . CCZ012 . CCZ013 . CCZ014 . CCZ023 . CCZ234  (elapsed 35002s)
[358/1793] k=5 deg=1  155.4s  T0 . T4 . CS01 . CS02 . CS03 . CS34 . CCZ012 . CCZ013 . CCZ014 . CCZ023 . CCZ024  (elapsed 35158s)
[359/1793] k=5 deg=2  944.5s  T0 . T4 . CS01 . CS02 . CS03 . CS04 . CS13 . CS23 . CCZ012 . CCZ123  (elapsed 35380s)
[360/1793] k=5 deg=1  154.9s  T0 . T4 . CS01 . CS02 . CS04 . CS13 . CS23 . CS34 . CCZ012 . CCZ013 . CCZ023 . CCZ034 . CCZ123  (elapsed 35535s)
[361/1793] k=5 deg=1    1.0s  T0 . T4 . CS01 . CS02 . CS12 . CS13 . CS23 . CCZ012  (elapsed 35536s)
[362/1793] k=5 deg=1    1.0s  T0 . T4 . CS01 . CS02 . CS12 . CS13 . CS34 . CCZ012  (elapsed 35537s)
[363/1793] k=5 deg=1  155.3s  T0 . T4 . CS01 . CS02 . CS13 . CS14 . CS23 . CS24 . CCZ012 . CCZ013 . CCZ023 . CCZ123 . CCZ124  (elapsed 35692s)
[364/1793] k=5 deg=2  914.7s  T0 . T4 . CS01 . CS02 . CS04 . CS13 . CS23 . CCZ012 . CCZ013 . CCZ023 . CCZ123  (elapsed 36072s)
[365/1793] k=5 deg=1  123.5s  T0 . T4 . CS01 . CS02 . CS13 . CS14 . CS24 . CCZ012 . CCZ013 . CCZ123 . CCZ124  (elapsed 36196s)
[366/1793] k=5 deg=1  154.8s  T0 . T4 . CS01 . CS02 . CS13 . CS23 . CCZ012 . CCZ013 . CCZ014 . CCZ023 . CCZ024 . CCZ123 . CCZ134 . CCZ234  (elapsed 36351s)
[367/1793] k=5 deg=1    1.2s  T0 . T4 . CS01 . CS02 . CS13 . CS23 . CCZ012 . CCZ123  (elapsed 36352s)
[368/1793] k=5 deg=2  918.2s  T0 . T4 . CS01 . CS02 . CS13 . CS14 . CS23 . CS24 . CS34 . CCZ012 . CCZ013 . CCZ023 . CCZ034 . CCZ123 . CCZ124  (elapsed 36610s)
[369/1793] k=5 deg=1  123.8s  T0 . T4 . CS01 . CS02 . CS13 . CS24 . CCZ012 . CCZ013 . CCZ014 . CCZ123 . CCZ134  (elapsed 36734s)
[370/1793] k=5 deg=1    1.3s  T0 . T4 . CS01 . CS02 . CS13 . CS24 . CCZ012 . CCZ123  (elapsed 36736s)
[371/1793] k=5 deg=1  127.7s  T0 . T4 . CS01 . CS02 . CS13 . CS24 . CS34 . CCZ012 . CCZ013 . CCZ014 . CCZ034 . CCZ123 . CCZ134 . CCZ234  (elapsed 36863s)
[372/1793] k=5 deg=1    1.3s  T0 . T4 . CS01 . CS02 . CS13 . CS24 . CS34 . CCZ012 . CCZ123 . CCZ234  (elapsed 36865s)
[373/1793] k=5 deg=2  935.3s  T0 . T4 . CS01 . CS02 . CS13 . CS23 . CS34 . CCZ012 . CCZ013 . CCZ014 . CCZ023 . CCZ024 . CCZ034 . CCZ123 . CCZ134 . CCZ234  (elapsed 37287s)
[374/1793] k=5 deg=2  918.6s  T0 . T4 . CS01 . CS03 . CS04 . CS12 . CS13 . CS23 . CCZ012 . CCZ023  (elapsed 37783s)
[375/1793] k=5 deg=1  125.1s  T0 . T4 . CS01 . CS04 . CS12 . CS13 . CS23 . CS24 . CCZ012 . CCZ013 . CCZ023 . CCZ024 . CCZ123  (elapsed 37908s)
[376/1793] k=5 deg=1  128.7s  T0 . T4 . CS01 . CS12 . CS13 . CCZ012 . CCZ013 . CCZ014 . CCZ123 . CCZ124 . CCZ134  (elapsed 38037s)
[377/1793] k=5 deg=1    1.1s  T0 . T4 . CS01 . CS12 . CS13 . CCZ123  (elapsed 38038s)
[378/1793] k=5 deg=1  128.1s  T0 . T4 . CS01 . CS12 . CS13 . CS14 . CCZ012 . CCZ013 . CCZ123  (elapsed 38166s)
[379/1793] k=5 deg=2  913.9s  T0 . T4 . CS01 . CS04 . CS12 . CS13 . CCZ012 . CCZ013 . CCZ123  (elapsed 38201s)
[380/1793] k=5 deg=1  129.4s  T0 . T4 . CS01 . CS12 . CS13 . CS14 . CS23 . CCZ012 . CCZ013 . CCZ023 . CCZ123  (elapsed 38296s)
[381/1793] k=5 deg=1  125.8s  T0 . T4 . CS01 . CS12 . CS13 . CS14 . CS23 . CS24 . CS34 . CCZ012 . CCZ013 . CCZ023 . CCZ024 . CCZ034 . CCZ123  (elapsed 38327s)
[382/1793] k=5 deg=1    1.1s  T0 . T4 . CS01 . CS12 . CS13 . CS23 . CS24 . CCZ123  (elapsed 38328s)
[383/1793] k=5 deg=1  129.9s  T0 . T4 . CS01 . CS12 . CS13 . CS23 . CS24 . CCZ012 . CCZ013 . CCZ014 . CCZ023 . CCZ024 . CCZ123 . CCZ124 . CCZ134 . CCZ234  (elapsed 38426s)
[384/1793] k=5 deg=1    1.1s  T0 . T4 . CS01 . CS12 . CS23 . CS34  (elapsed 38427s)
[385/1793] k=5 deg=1  126.1s  T0 . T4 . CS01 . CS12 . CS14 . CS23 . CCZ012 . CCZ023  (elapsed 38454s)
[386/1793] k=5 deg=1   62.4s  T0 . T4 . CS01 . CS14 . CS23 . CCZ023 . CCZ123  (elapsed 38489s)
[387/1793] k=5 deg=1   62.0s  T0 . T4 . CS12 . CS13 . CCZ012 . CCZ013 . CCZ123  (elapsed 38516s)
[388/1793] k=5 deg=1   62.8s  T0 . T4 . CS12 . CS13 . CS23 . CCZ012 . CCZ013 . CCZ023  (elapsed 38552s)
[389/1793] k=6 deg=2  371.8s  T0 . CS01 . CS02 . CS03 . CS04 . CS05 . CS12 . CCZ012 . CCZ013 . CCZ014 . CCZ015 . CCZ023 . CCZ024 . CCZ025 . CCZ034 . CCZ035 . CCZ045 . CCZ123 . CCZ124 . CCZ125  (elapsed 38888s)
[390/1793] k=6 deg=2  374.6s  T0 . CS01 . CS02 . CS03 . CS04 . CS05 . CS12 . CS13 . CCZ012 . CCZ013 . CCZ014 . CCZ015 . CCZ023 . CCZ024 . CCZ025 . CCZ034 . CCZ035 . CCZ045 . CCZ123 . CCZ124 . CCZ125 . CCZ134 . CCZ135  (elapsed 38927s)
[391/1793] k=6 deg=1    3.3s  T0 . CS01 . CS02 . CS03 . CS04 . CS05 . CS12 . CS13 . CS14 . CS15 . CS23 . CS24 . CS25 . CCZ012 . CCZ013 . CCZ014 . CCZ015 . CCZ023 . CCZ024 . CCZ025 . CCZ034 . CCZ035 . CCZ045 . CCZ123 . CCZ124 . CCZ125 . CCZ134 . CCZ135 . CCZ145 . CCZ234 . CCZ235 . CCZ245  (elapsed 38930s)
[392/1793] k=6 deg=2  373.1s  T0 . CS01 . CS02 . CS03 . CS04 . CS05 . CS12 . CS13 . CS14 . CCZ012 . CCZ013 . CCZ014 . CCZ015 . CCZ023 . CCZ024 . CCZ025 . CCZ034 . CCZ035 . CCZ045 . CCZ123 . CCZ124 . CCZ125 . CCZ134 . CCZ135 . CCZ145  (elapsed 39261s)
[393/1793] k=6 deg=2  363.1s  T0 . CS01 . CS02 . CS03 . CS04 . CS05 . CS12 . CS13 . CS14 . CS15 . CS23 . CS24 . CS35 . CS45 . CCZ012 . CCZ013 . CCZ014 . CCZ015 . CCZ023 . CCZ024 . CCZ025 . CCZ034 . CCZ035 . CCZ045 . CCZ123 . CCZ124 . CCZ125 . CCZ134 . CCZ135 . CCZ145 . CCZ234 . CCZ235 . CCZ245 . CCZ345  (elapsed 39293s)
[394/1793] k=6 deg=2  363.8s  T0 . CS01 . CS02 . CS03 . CS04 . CS05 . CS12 . CS13 . CS14 . CS23 . CS24 . CCZ012 . CCZ013 . CCZ014 . CCZ015 . CCZ023 . CCZ024 . CCZ025 . CCZ034 . CCZ035 . CCZ045 . CCZ123 . CCZ124 . CCZ125 . CCZ134 . CCZ135 . CCZ145 . CCZ234 . CCZ235 . CCZ245  (elapsed 39625s)
[395/1793] k=6 deg=2  373.1s  T0 . CS01 . CS02 . CS03 . CS04 . CS05 . CS12 . CS13 . CS23 . CCZ012 . CCZ013 . CCZ014 . CCZ015 . CCZ023 . CCZ024 . CCZ025 . CCZ034 . CCZ035 . CCZ045 . CCZ123 . CCZ124 . CCZ125 . CCZ134 . CCZ135 . CCZ234 . CCZ235  (elapsed 39666s)
[396/1793] k=6 deg=2  360.7s  T0 . CS01 . CS02 . CS03 . CS04 . CS05 . CS12 . CS13 . CS24 . CS34 . CCZ012 . CCZ013 . CCZ014 . CCZ015 . CCZ023 . CCZ024 . CCZ025 . CCZ034 . CCZ035 . CCZ045 . CCZ123 . CCZ124 . CCZ125 . CCZ134 . CCZ135 . CCZ234 . CCZ245 . CCZ345  (elapsed 39986s)
[397/1793] k=6 deg=2  363.2s  T0 . CS01 . CS02 . CS03 . CS04 . CS05 . CS13 . CS14 . CS15 . CS23 . CS24 . CS25 . CS35 . CS45 . CCZ012 . CCZ034 . CCZ123 . CCZ124 . CCZ125 . CCZ134 . CCZ135 . CCZ145 . CCZ234 . CCZ235 . CCZ245 . CCZ345  (elapsed 40030s)
[398/1793] k=6 deg=1    2.5s  T0 . CS01 . CS02 . CS03 . CS04 . CS05 . CS24 . CS25 . CS34 . CS35 . CCZ012 . CCZ013 . CCZ014 . CCZ015 . CCZ023 . CCZ045 . CCZ124 . CCZ125 . CCZ134 . CCZ135 . CCZ234 . CCZ235 . CCZ245 . CCZ345  (elapsed 40032s)
[399/1793] k=6 deg=2  362.2s  T0 . CS01 . CS02 . CS03 . CS04 . CS05 . CS14 . CS15 . CS24 . CS25 . CS34 . CS35 . CS45 . CCZ012 . CCZ013 . CCZ023 . CCZ124 . CCZ125 . CCZ134 . CCZ135 . CCZ145 . CCZ234 . CCZ235 . CCZ245 . CCZ345  (elapsed 40348s)
[400/1793] k=6 deg=1    0.0s  T0 . CS01 . CS02 . CS03 . CS04 . CS05 . CS25 . CS35 . CS45 . CCZ012 . CCZ013 . CCZ014 . CCZ015 . CCZ023 . CCZ024 . CCZ034 . CCZ125 . CCZ135 . CCZ145 . CCZ235 . CCZ245 . CCZ345  (elapsed 40348s)
[401/1793] k=6 deg=2  362.8s  T0 . CS01 . CS02 . CS03 . CS04 . CS05 . CS24 . CS25 . CS34 . CS35 . CS45 . CCZ012 . CCZ013 . CCZ014 . CCZ015 . CCZ023 . CCZ124 . CCZ125 . CCZ134 . CCZ135 . CCZ145 . CCZ234 . CCZ235 . CCZ245 . CCZ345  (elapsed 40395s)
[402/1793] k=6 deg=2  362.8s  T0 . CS01 . CS02 . CS03 . CS04 . CS05 . CS34 . CS35 . CS45 . CCZ012 . CCZ013 . CCZ014 . CCZ015 . CCZ023 . CCZ024 . CCZ025 . CCZ134 . CCZ135 . CCZ145 . CCZ234 . CCZ235 . CCZ245 . CCZ345  (elapsed 40711s)
[403/1793] k=6 deg=2  362.5s  T0 . CS01 . CS02 . CS03 . CS04 . CS05 . CS35 . CS45 . CCZ012 . CCZ013 . CCZ014 . CCZ015 . CCZ023 . CCZ024 . CCZ025 . CCZ034 . CCZ135 . CCZ145 . CCZ235 . CCZ245 . CCZ345  (elapsed 40757s)
[404/1793] k=6 deg=2  361.0s  T0 . CS01 . CS02 . CS03 . CS04 . CS05 . CS45 . CCZ012 . CCZ013 . CCZ014 . CCZ015 . CCZ023 . CCZ024 . CCZ025 . CCZ034 . CCZ035 . CCZ145 . CCZ245 . CCZ345  (elapsed 41072s)
[405/1793] k=6 deg=1    1.0s  T0 . CS01 . CS02 . CS03 . CS04 . CS12 . CS13 . CS14 . CS15 . CS23 . CS24 . CS25 . CCZ012 . CCZ013 . CCZ014 . CCZ023 . CCZ024 . CCZ034 . CCZ123 . CCZ124 . CCZ134 . CCZ234  (elapsed 41073s)
[406/1793] k=6 deg=2  360.9s  T0 . CS01 . CS02 . CS03 . CS04 . CS12 . CS13 . CS14 . CS15 . CCZ012 . CCZ013 . CCZ014 . CCZ023 . CCZ024 . CCZ034 . CCZ123 . CCZ124 . CCZ134  (elapsed 41118s)
[407/1793] k=6 deg=1    3.4s  T0 . CS01 . CS02 . CS03 . CS04 . CS12 . CS13 . CS14 . CS25 . CS35 . CS45 . CCZ012 . CCZ013 . CCZ014 . CCZ023 . CCZ024 . CCZ034 . CCZ123 . CCZ124 . CCZ134 . CCZ235 . CCZ245 . CCZ345  (elapsed 41122s)
[408/1793] k=6 deg=2  373.7s  T0 . CS01 . CS02 . CS03 . CS04 . CS12 . CS13 . CS14 . CS15 . CS23 . CS24 . CS35 . CS45 . CCZ012 . CCZ013 . CCZ014 . CCZ023 . CCZ024 . CCZ034 . CCZ123 . CCZ124 . CCZ134 . CCZ234 . CCZ345  (elapsed 41447s)
[409/1793] k=6 deg=1    2.3s  T0 . CS01 . CS02 . CS03 . CS04 . CS12 . CS13 . CS15 . CS23 . CS25 . CCZ012 . CCZ013 . CCZ014 . CCZ023 . CCZ024 . CCZ034 . CCZ123 . CCZ124 . CCZ134 . CCZ145 . CCZ234 . CCZ245  (elapsed 41449s)
[410/1793] k=6 deg=1    2.1s  T0 . CS01 . CS02 . CS03 . CS04 . CS12 . CS13 . CS15 . CS24 . CS34 . CS45 . CCZ012 . CCZ013 . CCZ014 . CCZ023 . CCZ024 . CCZ034 . CCZ123 . CCZ124 . CCZ134 . CCZ145 . CCZ234  (elapsed 41451s)
[411/1793] k=6 deg=1    2.6s  T0 . CS01 . CS02 . CS03 . CS04 . CS12 . CS13 . CS15 . CS25 . CS35 . CCZ012 . CCZ013 . CCZ014 . CCZ023 . CCZ024 . CCZ034 . CCZ123 . CCZ124 . CCZ134 . CCZ145 . CCZ235 . CCZ245 . CCZ345  (elapsed 41454s)
[412/1793] k=6 deg=2  363.0s  T0 . CS01 . CS02 . CS03 . CS04 . CS12 . CS13 . CS15 . CCZ012 . CCZ013 . CCZ014 . CCZ023 . CCZ024 . CCZ034 . CCZ123 . CCZ124 . CCZ134 . CCZ145  (elapsed 41485s)
[413/1793] k=6 deg=1    0.8s  T0 . CS01 . CS02 . CS03 . CS04 . CS12 . CS15 . CCZ012 . CCZ013 . CCZ014 . CCZ023 . CCZ024 . CCZ034 . CCZ123 . CCZ124 . CCZ135 . CCZ145  (elapsed 41486s)
[414/1793] k=6 deg=2  364.2s  T0 . CS01 . CS02 . CS03 . CS04 . CS12 . CS13 . CS25 . CS35 . CCZ012 . CCZ013 . CCZ014 . CCZ023 . CCZ024 . CCZ034 . CCZ123 . CCZ124 . CCZ134 . CCZ235 . CCZ245 . CCZ345  (elapsed 41818s)
[415/1793] k=6 deg=1    3.5s  T0 . CS01 . CS02 . CS03 . CS04 . CS14 . CS24 . CS34 . CS45 . CCZ012 . CCZ013 . CCZ023 . CCZ045 . CCZ124 . CCZ134 . CCZ234  (elapsed 41822s)
[416/1793] k=6 deg=2  366.0s  T0 . CS01 . CS02 . CS03 . CS04 . CS12 . CS15 . CS25 . CCZ012 . CCZ013 . CCZ014 . CCZ023 . CCZ024 . CCZ034 . CCZ123 . CCZ124 . CCZ135 . CCZ145 . CCZ235 . CCZ245  (elapsed 41852s)
[417/1793] k=6 deg=2  362.6s  T0 . CS01 . CS02 . CS03 . CS04 . CS15 . CCZ012 . CCZ013 . CCZ014 . CCZ015 . CCZ023 . CCZ024 . CCZ034 . CCZ125 . CCZ135 . CCZ145  (elapsed 42184s)
[418/1793] k=6 deg=2  364.1s  T0 . CS01 . CS02 . CS03 . CS04 . CS15 . CCZ012 . CCZ013 . CCZ014 . CCZ023 . CCZ024 . CCZ034 . CCZ125 . CCZ135 . CCZ145  (elapsed 42216s)
[419/1793] k=6 deg=1    0.5s  T0 . CS01 . CS02 . CS03 . CS04 . CS15 . CS25 . CCZ012 . CCZ013 . CCZ014 . CCZ023 . CCZ024 . CCZ034 . CCZ125 . CCZ135 . CCZ145 . CCZ235 . CCZ245  (elapsed 42216s)
[420/1793] k=6 deg=2  362.0s  T0 . CS01 . CS02 . CS03 . CS04 . CS15 . CS25 . CCZ012 . CCZ013 . CCZ014 . CCZ015 . CCZ023 . CCZ024 . CCZ025 . CCZ034 . CCZ125 . CCZ135 . CCZ145 . CCZ235 . CCZ245  (elapsed 42546s)
[421/1793] k=6 deg=2  362.7s  T0 . CS01 . CS02 . CS03 . CS04 . CS15 . CS25 . CS35 . CCZ012 . CCZ013 . CCZ014 . CCZ015 . CCZ023 . CCZ024 . CCZ025 . CCZ034 . CCZ035 . CCZ125 . CCZ135 . CCZ145 . CCZ235 . CCZ245 . CCZ345  (elapsed 42579s)
[422/1793] k=6 deg=2  372.3s  T0 . CS01 . CS02 . CS03 . CS04 . CS15 . CS25 . CS35 . CCZ012 . CCZ013 . CCZ014 . CCZ023 . CCZ024 . CCZ034 . CCZ125 . CCZ135 . CCZ145 . CCZ235 . CCZ245 . CCZ345  (elapsed 42919s)
[423/1793] k=6 deg=2  367.3s  T0 . CS01 . CS02 . CS03 . CS04 . CS23 . CS24 . CS25 . CS34 . CS35 . CCZ012 . CCZ013 . CCZ014 . CCZ025 . CCZ035 . CCZ123 . CCZ124 . CCZ125 . CCZ134 . CCZ135 . CCZ234  (elapsed 42946s)
[424/1793] k=6 deg=1    0.8s  T0 . CS01 . CS02 . CS03 . CS04 . CS34 . CS35 . CCZ012 . CCZ013 . CCZ014 . CCZ023 . CCZ024 . CCZ035 . CCZ134 . CCZ135 . CCZ234 . CCZ235  (elapsed 42947s)
[425/1793] k=6 deg=2  361.2s  T0 . CS01 . CS02 . CS03 . CS04 . CS24 . CS34 . CS45 . CCZ012 . CCZ013 . CCZ014 . CCZ023 . CCZ045 . CCZ124 . CCZ134 . CCZ145 . CCZ234  (elapsed 43280s)
[426/1793] k=6 deg=1    1.7s  T0 . CS01 . CS02 . CS03 . CS05 . CS13 . CS15 . CS23 . CS25 . CS34 . CS35 . CS45 . CCZ012 . CCZ034 . CCZ045 . CCZ123 . CCZ125 . CCZ135 . CCZ235  (elapsed 43282s)
[427/1793] k=6 deg=2  365.4s  T0 . CS01 . CS02 . CS03 . CS04 . CS34 . CS35 . CS45 . CCZ012 . CCZ013 . CCZ014 . CCZ023 . CCZ024 . CCZ035 . CCZ045 . CCZ134 . CCZ135 . CCZ145 . CCZ234 . CCZ235 . CCZ245  (elapsed 43312s)
[428/1793] k=6 deg=1    0.4s  T0 . CS01 . CS02 . CS03 . CS05 . CS14 . CS15 . CS24 . CS25 . CS34 . CS35 . CCZ012 . CCZ013 . CCZ014 . CCZ023 . CCZ024 . CCZ034 . CCZ124 . CCZ125 . CCZ134 . CCZ135 . CCZ234 . CCZ235  (elapsed 43313s)
[429/1793] k=6 deg=1    3.4s  T0 . CS01 . CS02 . CS03 . CS05 . CS14 . CS15 . CS24 . CS25 . CS45 . CCZ012 . CCZ013 . CCZ014 . CCZ023 . CCZ024 . CCZ035 . CCZ045 . CCZ124 . CCZ125 . CCZ134 . CCZ135 . CCZ234 . CCZ235 . CCZ345  (elapsed 43316s)
[430/1793] k=6 deg=1    2.1s  T0 . CS01 . CS02 . CS03 . CS12 . CS13 . CS14 . CS15 . CCZ012 . CCZ013 . CCZ023 . CCZ123 . CCZ145  (elapsed 43319s)
[431/1793] k=6 deg=2  360.7s  T0 . CS01 . CS02 . CS03 . CS05 . CS14 . CS15 . CS24 . CS25 . CCZ012 . CCZ013 . CCZ014 . CCZ023 . CCZ024 . CCZ035 . CCZ124 . CCZ125 . CCZ134 . CCZ135 . CCZ234 . CCZ235  (elapsed 43642s)
[432/1793] k=6 deg=2  361.2s  T0 . CS01 . CS02 . CS03 . CS12 . CS13 . CS14 . CS15 . CS23 . CS24 . CS25 . CCZ012 . CCZ013 . CCZ023 . CCZ123 . CCZ145 . CCZ245  (elapsed 43680s)
[433/1793] k=6 deg=1    2.8s  T0 . CS01 . CS02 . CS03 . CS12 . CS13 . CS14 . CS15 . CS24 . CS34 . CS45 . CCZ012 . CCZ013 . CCZ023 . CCZ123 . CCZ145 . CCZ234  (elapsed 43683s)
[434/1793] k=6 deg=2  361.3s  T0 . CS01 . CS02 . CS03 . CS12 . CS13 . CS14 . CS15 . CS23 . CS24 . CS35 . CS45 . CCZ012 . CCZ013 . CCZ023 . CCZ123 . CCZ145  (elapsed 44003s)
[435/1793] k=6 deg=1    0.2s  T0 . CS01 . CS02 . CS03 . CS12 . CS13 . CS14 . CS25 . CS35 . CS45 . CCZ012 . CCZ013 . CCZ023 . CCZ123 . CCZ235  (elapsed 44004s)
[436/1793] k=6 deg=2  362.9s  T0 . CS01 . CS02 . CS03 . CS12 . CS13 . CS14 . CS24 . CS25 . CS34 . CS35 . CS45 . CCZ012 . CCZ013 . CCZ023 . CCZ123 . CCZ234 . CCZ235 . CCZ245 . CCZ345  (elapsed 44045s)
[437/1793] k=6 deg=1    0.4s  T0 . CS01 . CS02 . CS03 . CS12 . CS14 . CS15 . CCZ012 . CCZ013 . CCZ023 . CCZ123 . CCZ134 . CCZ135 . CCZ145  (elapsed 44046s)
[438/1793] k=6 deg=1    2.2s  T0 . CS01 . CS02 . CS03 . CS12 . CS14 . CS15 . CS24 . CS25 . CCZ012 . CCZ013 . CCZ023 . CCZ123 . CCZ134 . CCZ135 . CCZ145 . CCZ234 . CCZ235 . CCZ245  (elapsed 44048s)
[439/1793] k=6 deg=1    2.9s  T0 . CS01 . CS02 . CS03 . CS12 . CS14 . CS15 . CS24 . CS45 . CCZ012 . CCZ013 . CCZ023 . CCZ123 . CCZ134 . CCZ135 . CCZ145 . CCZ234 . CCZ345  (elapsed 44051s)
[440/1793] k=6 deg=1    3.3s  T0 . CS01 . CS02 . CS03 . CS12 . CS14 . CS25 . CS45 . CCZ012 . CCZ013 . CCZ023 . CCZ123 . CCZ134 . CCZ235 . CCZ345  (elapsed 44054s)
[441/1793] k=6 deg=2  359.4s  T0 . CS01 . CS02 . CS03 . CS12 . CS13 . CS24 . CS25 . CS34 . CS35 . CCZ012 . CCZ013 . CCZ023 . CCZ123 . CCZ234 . CCZ235 . CCZ245 . CCZ345  (elapsed 44363s)
[442/1793] k=6 deg=2  360.8s  T0 . CS01 . CS02 . CS03 . CS14 . CS15 . CCZ012 . CCZ013 . CCZ014 . CCZ015 . CCZ023 . CCZ124 . CCZ125 . CCZ134 . CCZ135 . CCZ145  (elapsed 44415s)
[443/1793] k=6 deg=2  365.1s  T0 . CS01 . CS02 . CS03 . CS14 . CS15 . CCZ012 . CCZ013 . CCZ023 . CCZ124 . CCZ125 . CCZ134 . CCZ135 . CCZ145  (elapsed 44728s)
[444/1793] k=6 deg=2  360.6s  T0 . CS01 . CS02 . CS03 . CS14 . CS15 . CS24 . CS25 . CCZ012 . CCZ013 . CCZ014 . CCZ015 . CCZ023 . CCZ024 . CCZ025 . CCZ124 . CCZ125 . CCZ134 . CCZ135 . CCZ145 . CCZ234 . CCZ235 . CCZ245  (elapsed 44776s)
[445/1793] k=6 deg=2  376.4s  T0 . CS01 . CS02 . CS03 . CS14 . CS15 . CS24 . CS25 . CCZ012 . CCZ013 . CCZ023 . CCZ124 . CCZ125 . CCZ134 . CCZ135 . CCZ145 . CCZ234 . CCZ235 . CCZ245  (elapsed 45105s)
[446/1793] k=6 deg=1    2.5s  T0 . CS01 . CS02 . CS03 . CS14 . CS15 . CS24 . CS25 . CS34 . CS35 . CS45 . CCZ012 . CCZ013 . CCZ023 . CCZ124 . CCZ125 . CCZ134 . CCZ135 . CCZ145 . CCZ234 . CCZ235 . CCZ245 . CCZ345  (elapsed 45107s)
[447/1793] k=6 deg=1    1.0s  T0 . CS01 . CS02 . CS03 . CS14 . CS15 . CS24 . CS25 . CS45 . CCZ012 . CCZ013 . CCZ014 . CCZ015 . CCZ023 . CCZ024 . CCZ025 . CCZ045 . CCZ124 . CCZ125 . CCZ134 . CCZ135 . CCZ145 . CCZ234 . CCZ235 . CCZ245 . CCZ345  (elapsed 45108s)
[448/1793] k=6 deg=1    0.5s  T0 . CS01 . CS02 . CS03 . CS14 . CS15 . CS24 . CS25 . CS45 . CCZ012 . CCZ013 . CCZ023 . CCZ124 . CCZ125 . CCZ134 . CCZ135 . CCZ145 . CCZ234 . CCZ235 . CCZ245 . CCZ345  (elapsed 45109s)
[449/1793] k=6 deg=2  362.2s  T0 . CS01 . CS02 . CS03 . CS14 . CS15 . CS24 . CS25 . CS34 . CS35 . CS45 . CCZ012 . CCZ013 . CCZ014 . CCZ015 . CCZ023 . CCZ024 . CCZ025 . CCZ034 . CCZ035 . CCZ045 . CCZ124 . CCZ125 . CCZ134 . CCZ135 . CCZ145 . CCZ234 . CCZ235 . CCZ245 . CCZ345  (elapsed 45138s)
[450/1793] k=6 deg=1    0.4s  T0 . CS01 . CS02 . CS03 . CS14 . CS15 . CS45 . CCZ012 . CCZ013 . CCZ023 . CCZ124 . CCZ125 . CCZ134 . CCZ135 . CCZ145 . CCZ245 . CCZ345  (elapsed 45138s)
[451/1793] k=6 deg=1    2.1s  T0 . CS01 . CS02 . CS03 . CS14 . CS24 . CS34 . CS45 . CCZ012 . CCZ013 . CCZ014 . CCZ023 . CCZ024 . CCZ034 . CCZ045 . CCZ124 . CCZ134 . CCZ234  (elapsed 45141s)
[452/1793] k=6 deg=2  364.4s  T0 . CS01 . CS02 . CS03 . CS14 . CS15 . CS45 . CCZ012 . CCZ013 . CCZ014 . CCZ015 . CCZ023 . CCZ045 . CCZ124 . CCZ125 . CCZ134 . CCZ135 . CCZ145 . CCZ245 . CCZ345  (elapsed 45473s)
[453/1793] k=6 deg=1    1.8s  T0 . CS01 . CS02 . CS03 . CS14 . CS24 . CS45 . CCZ012 . CCZ013 . CCZ014 . CCZ023 . CCZ024 . CCZ045 . CCZ124 . CCZ134 . CCZ234 . CCZ345  (elapsed 45475s)
[454/1793] k=6 deg=1    1.3s  T0 . CS01 . CS02 . CS03 . CS14 . CS24 . CS45 . CCZ012 . CCZ013 . CCZ023 . CCZ124 . CCZ134 . CCZ234 . CCZ345  (elapsed 45476s)
[455/1793] k=6 deg=2  361.0s  T0 . CS01 . CS02 . CS03 . CS14 . CS24 . CS34 . CS45 . CCZ012 . CCZ013 . CCZ023 . CCZ124 . CCZ134 . CCZ234  (elapsed 45502s)
[456/1793] k=6 deg=1    1.8s  T0 . CS01 . CS02 . CS03 . CS14 . CS45 . CCZ012 . CCZ013 . CCZ023 . CCZ124 . CCZ134 . CCZ245 . CCZ345  (elapsed 45504s)
[457/1793] k=6 deg=1    1.6s  T0 . CS01 . CS02 . CS03 . CS23 . CS24 . CS35 . CS45 . CCZ012 . CCZ013 . CCZ024 . CCZ035 . CCZ045 . CCZ123 . CCZ124 . CCZ135 . CCZ145  (elapsed 45505s)
[458/1793] k=6 deg=2  364.5s  T0 . CS01 . CS02 . CS03 . CS14 . CS45 . CCZ012 . CCZ013 . CCZ014 . CCZ023 . CCZ045 . CCZ124 . CCZ134 . CCZ245 . CCZ345  (elapsed 45841s)
[459/1793] k=6 deg=1    3.5s  T0 . CS01 . CS02 . CS03 . CS45 . CCZ012 . CCZ013 . CCZ023 . CCZ145 . CCZ245 . CCZ345  (elapsed 45844s)
[460/1793] k=6 deg=1    1.0s  T0 . CS01 . CS02 . CS04 . CS05 . CS13 . CS14 . CS15 . CS23 . CS24 . CS25 . CCZ012 . CCZ013 . CCZ023 . CCZ045 . CCZ123 . CCZ124 . CCZ125 . CCZ145 . CCZ245  (elapsed 45845s)
[461/1793] k=6 deg=1    2.9s  T0 . CS01 . CS02 . CS04 . CS05 . CS13 . CS14 . CS15 . CS23 . CS24 . CS25 . CS34 . CS45 . CCZ012 . CCZ013 . CCZ023 . CCZ034 . CCZ123 . CCZ124 . CCZ125 . CCZ145 . CCZ245  (elapsed 45848s)
[462/1793] k=6 deg=2  367.1s  T0 . CS01 . CS02 . CS03 . CS45 . CCZ012 . CCZ013 . CCZ023 . CCZ045 . CCZ145 . CCZ245 . CCZ345  (elapsed 45872s)
[463/1793] k=6 deg=2  361.9s  T0 . CS01 . CS02 . CS04 . CS13 . CS14 . CS23 . CS24 . CS34 . CS35 . CS45 . CCZ012 . CCZ013 . CCZ023 . CCZ034 . CCZ035 . CCZ045 . CCZ123 . CCZ124 . CCZ345  (elapsed 46210s)
[464/1793] k=6 deg=1    0.3s  T0 . CS01 . CS02 . CS05 . CS13 . CS14 . CS15 . CS23 . CS24 . CS25 . CCZ012 . CCZ013 . CCZ014 . CCZ023 . CCZ024 . CCZ123 . CCZ124 . CCZ125 . CCZ134 . CCZ234  (elapsed 46210s)
[465/1793] k=6 deg=1    0.8s  T0 . CS01 . CS02 . CS05 . CS13 . CS14 . CS15 . CS23 . CS24 . CS25 . CS34 . CS35 . CCZ012 . CCZ013 . CCZ014 . CCZ023 . CCZ024 . CCZ034 . CCZ035 . CCZ123 . CCZ124 . CCZ125 . CCZ134 . CCZ234  (elapsed 46211s)
[466/1793] k=6 deg=2  365.3s  T0 . CS01 . CS02 . CS05 . CS13 . CS14 . CS15 . CCZ012 . CCZ013 . CCZ014 . CCZ025 . CCZ123 . CCZ124 . CCZ125 . CCZ134  (elapsed 46238s)
[467/1793] k=6 deg=2  362.6s  T0 . CS01 . CS02 . CS05 . CS13 . CS14 . CS15 . CS34 . CS35 . CCZ012 . CCZ013 . CCZ014 . CCZ025 . CCZ034 . CCZ035 . CCZ123 . CCZ124 . CCZ125 . CCZ134 . CCZ234 . CCZ235  (elapsed 46574s)
[468/1793] k=6 deg=2  365.9s  T0 . CS01 . CS02 . CS05 . CS13 . CS14 . CS15 . CS35 . CS45 . CCZ012 . CCZ013 . CCZ014 . CCZ025 . CCZ035 . CCZ045 . CCZ123 . CCZ124 . CCZ125 . CCZ134 . CCZ235 . CCZ245 . CCZ345  (elapsed 46603s)
[469/1793] k=6 deg=1    1.9s  T0 . CS01 . CS02 . CS12 . CS13 . CS14 . CS15 . CCZ012 . CCZ134 . CCZ135 . CCZ145  (elapsed 46605s)
[470/1793] k=6 deg=2  361.5s  T0 . CS01 . CS02 . CS05 . CS13 . CS15 . CS23 . CS25 . CS34 . CS45 . CCZ012 . CCZ013 . CCZ023 . CCZ034 . CCZ045 . CCZ123 . CCZ125  (elapsed 46935s)
[471/1793] k=6 deg=1    1.1s  T0 . CS01 . CS02 . CS12 . CS13 . CS14 . CS15 . CS23 . CS34 . CS35 . CCZ012 . CCZ134 . CCZ135 . CCZ145 . CCZ345  (elapsed 46937s)
[472/1793] k=6 deg=2  365.1s  T0 . CS01 . CS02 . CS12 . CS13 . CS14 . CS15 . CS23 . CS24 . CS35 . CS45 . CCZ012 . CCZ134 . CCZ135 . CCZ145 . CCZ234 . CCZ345  (elapsed 46970s)
[473/1793] k=6 deg=2  369.6s  T0 . CS01 . CS02 . CS12 . CS13 . CS14 . CS23 . CS25 . CS34 . CS35 . CS45 . CCZ012 . CCZ134 . CCZ235  (elapsed 47306s)
[474/1793] k=6 deg=2  366.2s  T0 . CS01 . CS02 . CS12 . CS13 . CS14 . CS25 . CS35 . CS45 . CCZ012 . CCZ134 . CCZ345  (elapsed 47337s)
[475/1793] k=6 deg=1    3.6s  T0 . CS01 . CS02 . CS13 . CS14 . CS15 . CCZ012 . CCZ123 . CCZ124 . CCZ125 . CCZ134 . CCZ135 . CCZ145  (elapsed 47340s)
[476/1793] k=6 deg=1    0.7s  T0 . CS01 . CS02 . CS13 . CS14 . CS15 . CS23 . CS24 . CS25 . CS34 . CS35 . CCZ012 . CCZ013 . CCZ014 . CCZ015 . CCZ023 . CCZ024 . CCZ025 . CCZ034 . CCZ035 . CCZ123 . CCZ124 . CCZ125 . CCZ134 . CCZ135 . CCZ145 . CCZ234 . CCZ235 . CCZ245 . CCZ345  (elapsed 47341s)
[477/1793] k=6 deg=2  364.6s  T0 . CS01 . CS02 . CS13 . CS14 . CS15 . CCZ012 . CCZ013 . CCZ014 . CCZ015 . CCZ123 . CCZ124 . CCZ125 . CCZ134 . CCZ135 . CCZ145  (elapsed 47671s)
[478/1793] k=6 deg=1    1.3s  T0 . CS01 . CS02 . CS13 . CS14 . CS15 . CS34 . CS35 . CCZ012 . CCZ013 . CCZ014 . CCZ015 . CCZ034 . CCZ035 . CCZ123 . CCZ124 . CCZ125 . CCZ134 . CCZ135 . CCZ145 . CCZ234 . CCZ235 . CCZ345  (elapsed 47672s)
[479/1793] k=6 deg=1    1.0s  T0 . CS01 . CS02 . CS13 . CS14 . CS15 . CS34 . CS35 . CCZ012 . CCZ123 . CCZ124 . CCZ125 . CCZ134 . CCZ135 . CCZ145 . CCZ234 . CCZ235 . CCZ345  (elapsed 47673s)
[480/1793] k=6 deg=2  364.7s  T0 . CS01 . CS02 . CS13 . CS14 . CS15 . CS23 . CS24 . CS25 . CS34 . CS35 . CCZ012 . CCZ123 . CCZ124 . CCZ125 . CCZ134 . CCZ135 . CCZ145 . CCZ234 . CCZ235 . CCZ245 . CCZ345  (elapsed 47706s)
[481/1793] k=6 deg=2  365.6s  T0 . CS01 . CS02 . CS13 . CS14 . CS23 . CS24 . CS34 . CS35 . CS45 . CCZ012 . CCZ013 . CCZ014 . CCZ023 . CCZ024 . CCZ034 . CCZ035 . CCZ045 . CCZ123 . CCZ124 . CCZ134 . CCZ234  (elapsed 48039s)
[482/1793] k=6 deg=2  365.6s  T0 . CS01 . CS02 . CS13 . CS14 . CS23 . CS24 . CS34 . CS35 . CS45 . CCZ012 . CCZ123 . CCZ124 . CCZ134 . CCZ234  (elapsed 48071s)
[483/1793] k=6 deg=2  365.2s  T0 . CS01 . CS02 . CS13 . CS14 . CS23 . CS24 . CS35 . CS45 . CCZ012 . CCZ013 . CCZ014 . CCZ023 . CCZ024 . CCZ035 . CCZ045 . CCZ123 . CCZ124 . CCZ134 . CCZ234 . CCZ345  (elapsed 48404s)
[484/1793] k=6 deg=1    2.1s  T0 . CS01 . CS02 . CS13 . CS14 . CS34 . CS35 . CS45 . CCZ012 . CCZ013 . CCZ014 . CCZ034 . CCZ035 . CCZ045 . CCZ123 . CCZ124 . CCZ134 . CCZ234 . CCZ235 . CCZ245  (elapsed 48406s)
[485/1793] k=6 deg=2  365.2s  T0 . CS01 . CS02 . CS13 . CS14 . CS23 . CS24 . CS35 . CS45 . CCZ012 . CCZ123 . CCZ124 . CCZ134 . CCZ234 . CCZ345  (elapsed 48437s)
[486/1793] k=6 deg=2  382.4s  T0 . CS01 . CS02 . CS13 . CS14 . CS34 . CS35 . CS45 . CCZ012 . CCZ123 . CCZ124 . CCZ134 . CCZ234 . CCZ235 . CCZ245  (elapsed 48788s)
[487/1793] k=6 deg=2  366.7s  T0 . CS01 . CS02 . CS13 . CS14 . CS35 . CS45 . CCZ012 . CCZ013 . CCZ014 . CCZ035 . CCZ045 . CCZ123 . CCZ124 . CCZ134 . CCZ235 . CCZ245 . CCZ345  (elapsed 48803s)
[488/1793] k=6 deg=2  371.6s  T0 . CS01 . CS02 . CS13 . CS14 . CS35 . CS45 . CCZ012 . CCZ123 . CCZ124 . CCZ134 . CCZ235 . CCZ245 . CCZ345  (elapsed 49160s)
[489/1793] k=6 deg=2  365.7s  T0 . CS01 . CS02 . CS13 . CS23 . CS34 . CS35 . CCZ012 . CCZ013 . CCZ023 . CCZ034 . CCZ035 . CCZ123 . CCZ345  (elapsed 49169s)
[490/1793] k=6 deg=1    3.3s  T0 . CS01 . CS02 . CS13 . CS34 . CS35 . CCZ012 . CCZ013 . CCZ034 . CCZ035 . CCZ123 . CCZ234 . CCZ235 . CCZ345  (elapsed 49172s)
[491/1793] k=6 deg=1    3.6s  T0 . CS01 . CS02 . CS13 . CS34 . CS35 . CCZ012 . CCZ123 . CCZ234 . CCZ235 . CCZ345  (elapsed 49176s)
[492/1793] k=6 deg=1    3.0s  T0 . CS01 . CS02 . CS34 . CS35 . CCZ012 . CCZ034 . CCZ035 . CCZ134 . CCZ135 . CCZ234 . CCZ235 . CCZ345  (elapsed 49179s)
[493/1793] k=6 deg=1    2.1s  T0 . CS01 . CS02 . CS34 . CS35 . CCZ012 . CCZ134 . CCZ135 . CCZ234 . CCZ235 . CCZ345  (elapsed 49181s)
[494/1793] k=6 deg=2  368.4s  T0 . CS01 . CS02 . CS13 . CS23 . CS34 . CS35 . CCZ012 . CCZ123 . CCZ345  (elapsed 49528s)
[495/1793] k=6 deg=1    1.3s  T0 . CS01 . CS02 . CS34 . CS35 . CS45 . CCZ012 . CCZ134 . CCZ135 . CCZ145 . CCZ234 . CCZ235 . CCZ245  (elapsed 49530s)
[496/1793] k=6 deg=1    2.3s  T0 . CS01 . CS04 . CS05 . CS12 . CS13 . CS14 . CS15 . CCZ012 . CCZ013 . CCZ045 . CCZ123 . CCZ145  (elapsed 49532s)
[497/1793] k=6 deg=2  366.5s  T0 . CS01 . CS02 . CS34 . CS35 . CS45 . CCZ012 . CCZ034 . CCZ035 . CCZ045 . CCZ134 . CCZ135 . CCZ145 . CCZ234 . CCZ235 . CCZ245  (elapsed 49548s)
[498/1793] k=6 deg=2  369.6s  T0 . CS01 . CS04 . CS05 . CS12 . CS13 . CS14 . CS15 . CS23 . CS24 . CS35 . CS45 . CCZ012 . CCZ013 . CCZ023 . CCZ024 . CCZ035 . CCZ123 . CCZ145  (elapsed 49902s)
[499/1793] k=6 deg=1    2.0s  T0 . CS01 . CS05 . CS12 . CS13 . CS14 . CS15 . CCZ012 . CCZ013 . CCZ014 . CCZ123 . CCZ124 . CCZ134  (elapsed 49904s)
[500/1793] k=6 deg=2  365.8s  T0 . CS01 . CS04 . CS05 . CS12 . CS13 . CS14 . CS15 . CS24 . CS34 . CS45 . CCZ012 . CCZ013 . CCZ024 . CCZ034 . CCZ123 . CCZ145 . CCZ234  (elapsed 49914s)
[501/1793] k=6 deg=1    0.7s  T0 . CS01 . CS05 . CS12 . CS13 . CS14 . CS15 . CS23 . CS24 . CS35 . CS45 . CCZ012 . CCZ013 . CCZ014 . CCZ023 . CCZ024 . CCZ035 . CCZ045 . CCZ123 . CCZ124 . CCZ134 . CCZ234 . CCZ345  (elapsed 49914s)
[502/1793] k=6 deg=1    3.3s  T0 . CS01 . CS05 . CS12 . CS13 . CS15 . CS23 . CS24 . CS25 . CS34 . CS45 . CCZ012 . CCZ013 . CCZ023 . CCZ024 . CCZ025 . CCZ034 . CCZ045 . CCZ123 . CCZ245  (elapsed 49918s)
[503/1793] k=6 deg=2  369.6s  T0 . CS01 . CS05 . CS12 . CS13 . CS14 . CS15 . CS23 . CS24 . CS25 . CCZ012 . CCZ013 . CCZ014 . CCZ023 . CCZ024 . CCZ025 . CCZ123 . CCZ124 . CCZ134 . CCZ234  (elapsed 50273s)
[504/1793] k=6 deg=2  366.2s  T0 . CS01 . CS05 . CS12 . CS13 . CS15 . CS24 . CS34 . CS45 . CCZ012 . CCZ013 . CCZ024 . CCZ034 . CCZ045 . CCZ123 . CCZ234  (elapsed 50284s)
[505/1793] k=6 deg=2  374.4s  T0 . CS01 . CS12 . CS13 . CS14 . CS15 . CS23 . CS24 . CS25 . CCZ012 . CCZ013 . CCZ014 . CCZ015 . CCZ023 . CCZ024 . CCZ025 . CCZ123 . CCZ124 . CCZ125 . CCZ134 . CCZ135 . CCZ145 . CCZ234 . CCZ235 . CCZ245  (elapsed 50648s)
[506/1793] k=6 deg=2  376.7s  T0 . CS01 . CS12 . CS13 . CS14 . CS15 . CS23 . CS24 . CS25 . CCZ123 . CCZ124 . CCZ125 . CCZ134 . CCZ135 . CCZ145 . CCZ234 . CCZ235 . CCZ245  (elapsed 50661s)
[507/1793] k=6 deg=2  367.7s  T0 . CS01 . CS12 . CS13 . CS14 . CS15 . CS23 . CS24 . CS35 . CS45 . CCZ012 . CCZ013 . CCZ014 . CCZ015 . CCZ023 . CCZ024 . CCZ035 . CCZ045 . CCZ123 . CCZ124 . CCZ125 . CCZ134 . CCZ135 . CCZ145 . CCZ234 . CCZ235 . CCZ245 . CCZ345  (elapsed 51016s)
[508/1793] k=6 deg=1    1.5s  T0 . CS01 . CS12 . CS13 . CS14 . CS23 . CS24 . CS25 . CS35 . CS45 . CCZ012 . CCZ013 . CCZ014 . CCZ023 . CCZ024 . CCZ025 . CCZ035 . CCZ045 . CCZ123 . CCZ124 . CCZ134 . CCZ234 . CCZ345  (elapsed 51017s)
[509/1793] k=6 deg=2  366.5s  T0 . CS01 . CS12 . CS13 . CS14 . CS15 . CS23 . CS24 . CS35 . CS45 . CCZ123 . CCZ124 . CCZ125 . CCZ134 . CCZ135 . CCZ145 . CCZ234 . CCZ235 . CCZ245 . CCZ345  (elapsed 51027s)
[510/1793] k=6 deg=1    0.6s  T0 . CS01 . CS12 . CS13 . CS14 . CS25 . CS35 . CS45 . CCZ012 . CCZ013 . CCZ014 . CCZ025 . CCZ035 . CCZ045 . CCZ123 . CCZ124 . CCZ134 . CCZ235 . CCZ245 . CCZ345  (elapsed 51028s)
[511/1793] k=6 deg=1    3.5s  T0 . CS01 . CS12 . CS13 . CS14 . CS25 . CS35 . CS45 . CCZ123 . CCZ124 . CCZ134 . CCZ235 . CCZ245 . CCZ345  (elapsed 51031s)
[512/1793] k=6 deg=2  365.4s  T0 . CS01 . CS12 . CS13 . CS14 . CS23 . CS24 . CS25 . CS35 . CS45 . CCZ123 . CCZ124 . CCZ134 . CCZ234 . CCZ345  (elapsed 51383s)
[513/1793] k=6 deg=1    1.4s  T0 . CS01 . CS12 . CS13 . CS23 . CS24 . CS25 . CS34 . CS35 . CCZ123 . CCZ245 . CCZ345  (elapsed 51384s)
[514/1793] k=6 deg=2  368.0s  T0 . CS01 . CS12 . CS13 . CS23 . CS24 . CS25 . CS34 . CS35 . CCZ012 . CCZ013 . CCZ023 . CCZ024 . CCZ025 . CCZ034 . CCZ035 . CCZ123 . CCZ245 . CCZ345  (elapsed 51399s)
[515/1793] k=6 deg=1    0.5s  T0 . CS01 . CS12 . CS13 . CS24 . CS25 . CS34 . CS35 . CCZ123 . CCZ234 . CCZ235 . CCZ245 . CCZ345  (elapsed 51400s)
[516/1793] k=6 deg=2  364.5s  T0 . CS01 . CS12 . CS13 . CS24 . CS25 . CS34 . CS35 . CCZ012 . CCZ013 . CCZ024 . CCZ025 . CCZ034 . CCZ035 . CCZ123 . CCZ234 . CCZ235 . CCZ245 . CCZ345  (elapsed 51749s)
[517/1793] k=6 deg=2  366.6s  T0 . CS01 . CS12 . CS23 . CS24 . CS25 . CCZ012 . CCZ023 . CCZ024 . CCZ025 . CCZ234 . CCZ235 . CCZ245  (elapsed 51766s)
[518/1793] k=6 deg=2  364.7s  T0 . CS01 . CS12 . CS23 . CS24 . CS25 . CCZ234 . CCZ235 . CCZ245  (elapsed 52113s)
[519/1793] k=6 deg=1    0.9s  T0 . CS01 . CS23 . CS24 . CS25 . CCZ123 . CCZ124 . CCZ125 . CCZ234 . CCZ235 . CCZ245  (elapsed 52114s)
[520/1793] k=6 deg=1    1.8s  T0 . CS01 . CS23 . CS24 . CS25 . CS34 . CS35 . CCZ023 . CCZ024 . CCZ025 . CCZ034 . CCZ035 . CCZ123 . CCZ124 . CCZ125 . CCZ134 . CCZ135 . CCZ245 . CCZ345  (elapsed 52116s)
[521/1793] k=6 deg=1    0.5s  T0 . CS01 . CS23 . CS24 . CS25 . CS34 . CS35 . CCZ123 . CCZ124 . CCZ125 . CCZ134 . CCZ135 . CCZ245 . CCZ345  (elapsed 52117s)
[522/1793] k=6 deg=2  366.9s  T0 . CS01 . CS23 . CS24 . CS25 . CCZ023 . CCZ024 . CCZ025 . CCZ123 . CCZ124 . CCZ125 . CCZ234 . CCZ235 . CCZ245  (elapsed 52133s)
[523/1793] k=6 deg=1    1.6s  T0 . CS01 . CS23 . CS24 . CS35 . CS45 . CCZ123 . CCZ124 . CCZ135 . CCZ145 . CCZ234 . CCZ235 . CCZ245 . CCZ345  (elapsed 52135s)
[524/1793] k=6 deg=2  366.6s  T0 . CS01 . CS23 . CS24 . CS35 . CS45 . CCZ023 . CCZ024 . CCZ035 . CCZ045 . CCZ123 . CCZ124 . CCZ135 . CCZ145 . CCZ234 . CCZ235 . CCZ245 . CCZ345  (elapsed 52483s)
[525/1793] k=6 deg=2  371.6s  T0 . T1 . CS01 . CS02 . CS03 . CS04 . CS05 . CS12 . CCZ012 . CCZ013 . CCZ014 . CCZ015 . CCZ023 . CCZ024 . CCZ025 . CCZ034 . CCZ035 . CCZ045  (elapsed 52506s)
[526/1793] k=6 deg=2  363.6s  T0 . T1 . CS01 . CS02 . CS03 . CS04 . CS05 . CS12 . CS13 . CCZ012 . CCZ013 . CCZ014 . CCZ015 . CCZ023 . CCZ024 . CCZ025 . CCZ034 . CCZ035 . CCZ045 . CCZ123  (elapsed 52847s)
[527/1793] k=6 deg=2  363.7s  T0 . T1 . CS01 . CS02 . CS03 . CS04 . CS05 . CS12 . CS13 . CS14 . CCZ012 . CCZ013 . CCZ014 . CCZ015 . CCZ023 . CCZ024 . CCZ025 . CCZ034 . CCZ035 . CCZ045 . CCZ123 . CCZ124 . CCZ134  (elapsed 52870s)
[528/1793] k=6 deg=2  364.8s  T0 . T1 . CS01 . CS02 . CS03 . CS04 . CS05 . CS12 . CS13 . CS14 . CS15 . CS23 . CCZ012 . CCZ013 . CCZ014 . CCZ015 . CCZ023 . CCZ024 . CCZ025 . CCZ034 . CCZ035 . CCZ045 . CCZ123 . CCZ124 . CCZ125 . CCZ134 . CCZ135 . CCZ145 . CCZ234 . CCZ235  (elapsed 53211s)
[529/1793] k=6 deg=1    1.2s  T0 . T1 . CS01 . CS02 . CS03 . CS04 . CS05 . CS12 . CS13 . CS14 . CS15 . CS23 . CS24 . CS25 . CS34 . CS35 . CCZ012 . CCZ013 . CCZ014 . CCZ015 . CCZ023 . CCZ024 . CCZ025 . CCZ034 . CCZ035 . CCZ045 . CCZ123 . CCZ124 . CCZ125 . CCZ134 . CCZ135 . CCZ145 . CCZ234 . CCZ235 . CCZ245 . CCZ345  (elapsed 53213s)
[530/1793] k=6 deg=1    3.1s  T0 . T1 . CS01 . CS02 . CS03 . CS04 . CS05 . CS12 . CS13 . CS14 . CS15 . CS23 . CS24 . CS34 . CCZ012 . CCZ013 . CCZ014 . CCZ015 . CCZ023 . CCZ024 . CCZ025 . CCZ034 . CCZ035 . CCZ045 . CCZ123 . CCZ124 . CCZ125 . CCZ134 . CCZ135 . CCZ145 . CCZ234 . CCZ235 . CCZ245 . CCZ345  (elapsed 53216s)
[531/1793] k=6 deg=2  365.3s  T0 . T1 . CS01 . CS02 . CS03 . CS04 . CS05 . CS12 . CS13 . CS14 . CS15 . CS23 . CS24 . CCZ012 . CCZ013 . CCZ014 . CCZ015 . CCZ023 . CCZ024 . CCZ025 . CCZ034 . CCZ035 . CCZ045 . CCZ123 . CCZ124 . CCZ125 . CCZ134 . CCZ135 . CCZ145 . CCZ234 . CCZ235 . CCZ245  (elapsed 53236s)
[532/1793] k=6 deg=1    1.3s  T0 . T1 . CS01 . CS02 . CS03 . CS04 . CS05 . CS12 . CS13 . CS14 . CS15 . CS34 . CS35 . CS45 . CCZ012 . CCZ013 . CCZ014 . CCZ015 . CCZ023 . CCZ024 . CCZ025 . CCZ123 . CCZ124 . CCZ125 . CCZ234 . CCZ235 . CCZ245 . CCZ345  (elapsed 53237s)
[533/1793] k=6 deg=2  366.6s  T0 . T1 . CS01 . CS02 . CS03 . CS04 . CS05 . CS12 . CS13 . CS14 . CS15 . CS24 . CS25 . CS34 . CS35 . CS45 . CCZ012 . CCZ013 . CCZ014 . CCZ015 . CCZ023 . CCZ123 . CCZ234 . CCZ235 . CCZ245 . CCZ345  (elapsed 53582s)
[534/1793] k=6 deg=1    3.5s  T0 . T1 . CS01 . CS02 . CS03 . CS04 . CS05 . CS12 . CS13 . CS14 . CS15 . CS45 . CCZ012 . CCZ013 . CCZ014 . CCZ015 . CCZ023 . CCZ024 . CCZ025 . CCZ034 . CCZ035 . CCZ123 . CCZ124 . CCZ125 . CCZ134 . CCZ135 . CCZ245 . CCZ345  (elapsed 53586s)
[535/1793] k=6 deg=2  365.8s  T0 . T1 . CS01 . CS02 . CS03 . CS04 . CS05 . CS12 . CS13 . CS14 . CS15 . CS35 . CS45 . CCZ012 . CCZ013 . CCZ014 . CCZ015 . CCZ023 . CCZ024 . CCZ025 . CCZ034 . CCZ123 . CCZ124 . CCZ125 . CCZ134 . CCZ235 . CCZ245 . CCZ345  (elapsed 53603s)
[536/1793] k=6 deg=2  369.8s  T0 . T1 . CS01 . CS02 . CS03 . CS04 . CS05 . CS12 . CS13 . CS14 . CS25 . CCZ012 . CCZ013 . CCZ014 . CCZ015 . CCZ023 . CCZ024 . CCZ025 . CCZ034 . CCZ035 . CCZ045 . CCZ123 . CCZ124 . CCZ125 . CCZ134 . CCZ235 . CCZ245  (elapsed 53956s)
[537/1793] k=6 deg=1    2.5s  T0 . T1 . CS01 . CS02 . CS03 . CS04 . CS05 . CS12 . CS13 . CS14 . CS25 . CS35 . CS45 . CCZ012 . CCZ013 . CCZ014 . CCZ015 . CCZ023 . CCZ024 . CCZ025 . CCZ034 . CCZ035 . CCZ045 . CCZ123 . CCZ124 . CCZ125 . CCZ134 . CCZ135 . CCZ145 . CCZ235 . CCZ245 . CCZ345  (elapsed 53958s)
[538/1793] k=6 deg=2  368.0s  T0 . T1 . CS01 . CS02 . CS03 . CS04 . CS05 . CS12 . CS13 . CS14 . CS25 . CS35 . CCZ012 . CCZ013 . CCZ014 . CCZ015 . CCZ023 . CCZ024 . CCZ025 . CCZ034 . CCZ035 . CCZ045 . CCZ123 . CCZ124 . CCZ125 . CCZ134 . CCZ135 . CCZ235 . CCZ245 . CCZ345  (elapsed 53971s)
[539/1793] k=6 deg=1    1.1s  T0 . T1 . CS01 . CS02 . CS03 . CS04 . CS05 . CS12 . CS13 . CS24 . CS25 . CCZ012 . CCZ013 . CCZ014 . CCZ015 . CCZ023 . CCZ024 . CCZ025 . CCZ034 . CCZ035 . CCZ045 . CCZ123 . CCZ124 . CCZ125 . CCZ234 . CCZ235 . CCZ245  (elapsed 53972s)
[540/1793] k=6 deg=1    2.7s  T0 . T1 . CS01 . CS02 . CS03 . CS04 . CS05 . CS12 . CS13 . CS24 . CS25 . CS34 . CS35 . CCZ012 . CCZ013 . CCZ014 . CCZ015 . CCZ023 . CCZ024 . CCZ025 . CCZ034 . CCZ035 . CCZ045 . CCZ123 . CCZ124 . CCZ125 . CCZ134 . CCZ135 . CCZ234 . CCZ235 . CCZ245 . CCZ345  (elapsed 53974s)
[541/1793] k=6 deg=1    1.2s  T0 . T1 . CS01 . CS02 . CS03 . CS04 . CS05 . CS12 . CS13 . CS24 . CS25 . CS34 . CS35 . CCZ012 . CCZ013 . CCZ023 . CCZ045 . CCZ123 . CCZ234 . CCZ235 . CCZ245 . CCZ345  (elapsed 53976s)
[542/1793] k=6 deg=2  366.9s  T0 . T1 . CS01 . CS02 . CS03 . CS04 . CS05 . CS12 . CS13 . CS14 . CS25 . CS35 . CS45 . CCZ012 . CCZ013 . CCZ014 . CCZ023 . CCZ024 . CCZ034 . CCZ123 . CCZ124 . CCZ134 . CCZ235 . CCZ245 . CCZ345  (elapsed 54325s)
[543/1793] k=6 deg=2  363.8s  T0 . T1 . CS01 . CS02 . CS03 . CS04 . CS05 . CS12 . CS13 . CS24 . CS25 . CS34 . CS35 . CS45 . CCZ012 . CCZ013 . CCZ014 . CCZ015 . CCZ023 . CCZ024 . CCZ025 . CCZ034 . CCZ035 . CCZ045 . CCZ123 . CCZ124 . CCZ125 . CCZ134 . CCZ135 . CCZ145 . CCZ234 . CCZ235 . CCZ245 . CCZ345  (elapsed 54340s)
[544/1793] k=6 deg=2  366.3s  T0 . T1 . CS01 . CS02 . CS03 . CS04 . CS05 . CS12 . CS13 . CS24 . CS25 . CS34 . CS35 . CS45 . CCZ012 . CCZ013 . CCZ023 . CCZ123 . CCZ234 . CCZ235 . CCZ245 . CCZ345  (elapsed 54691s)
[545/1793] k=6 deg=2  362.9s  T0 . T1 . CS01 . CS02 . CS03 . CS04 . CS05 . CS12 . CS13 . CS24 . CS25 . CS45 . CCZ012 . CCZ013 . CCZ014 . CCZ015 . CCZ023 . CCZ024 . CCZ025 . CCZ034 . CCZ035 . CCZ045 . CCZ123 . CCZ124 . CCZ125 . CCZ145 . CCZ234 . CCZ235 . CCZ245 . CCZ345  (elapsed 54702s)
[546/1793] k=6 deg=1    1.4s  T0 . T1 . CS01 . CS02 . CS03 . CS04 . CS05 . CS12 . CS23 . CS24 . CS25 . CCZ012 . CCZ013 . CCZ014 . CCZ015 . CCZ023 . CCZ024 . CCZ025 . CCZ034 . CCZ035 . CCZ045 . CCZ123 . CCZ124 . CCZ125 . CCZ234 . CCZ235 . CCZ245  (elapsed 54704s)
[547/1793] k=6 deg=1    1.2s  T0 . T1 . CS01 . CS02 . CS03 . CS04 . CS05 . CS12 . CS23 . CS24 . CS25 . CS34 . CS35 . CCZ012 . CCZ013 . CCZ014 . CCZ015 . CCZ023 . CCZ024 . CCZ025 . CCZ034 . CCZ035 . CCZ045 . CCZ123 . CCZ124 . CCZ125 . CCZ134 . CCZ135 . CCZ234 . CCZ235 . CCZ245 . CCZ345  (elapsed 54705s)
[548/1793] k=6 deg=1    2.6s  T0 . T1 . CS01 . CS02 . CS03 . CS04 . CS05 . CS12 . CS23 . CS24 . CS25 . CS35 . CS45 . CCZ012 . CCZ034 . CCZ234 . CCZ235 . CCZ245 . CCZ345  (elapsed 54708s)
[549/1793] k=6 deg=2  366.3s  T0 . T1 . CS01 . CS02 . CS03 . CS04 . CS05 . CS12 . CS13 . CS45 . CCZ012 . CCZ013 . CCZ014 . CCZ015 . CCZ023 . CCZ024 . CCZ025 . CCZ034 . CCZ035 . CCZ045 . CCZ123 . CCZ145 . CCZ245 . CCZ345  (elapsed 55058s)
[550/1793] k=6 deg=1    0.3s  T0 . T1 . CS01 . CS02 . CS03 . CS04 . CS12 . CS13 . CS14 . CS23 . CS24 . CS25 . CCZ012 . CCZ013 . CCZ014 . CCZ023 . CCZ024 . CCZ034 . CCZ123 . CCZ124 . CCZ134 . CCZ234  (elapsed 55058s)
[551/1793] k=6 deg=2  362.9s  T0 . T1 . CS01 . CS02 . CS03 . CS04 . CS05 . CS12 . CS34 . CS35 . CCZ012 . CCZ013 . CCZ014 . CCZ015 . CCZ023 . CCZ024 . CCZ025 . CCZ034 . CCZ035 . CCZ045 . CCZ134 . CCZ135 . CCZ234 . CCZ235 . CCZ345  (elapsed 55071s)
[552/1793] k=6 deg=2  366.9s  T0 . T1 . CS01 . CS02 . CS03 . CS04 . CS12 . CS13 . CS14 . CS23 . CS24 . CS25 . CS34 . CS35 . CCZ012 . CCZ013 . CCZ014 . CCZ023 . CCZ024 . CCZ034 . CCZ123 . CCZ124 . CCZ134 . CCZ234  (elapsed 55425s)
[553/1793] k=6 deg=1    2.2s  T0 . T1 . CS01 . CS02 . CS03 . CS04 . CS12 . CS13 . CS14 . CS23 . CS24 . CS35 . CS45 . CCZ012 . CCZ013 . CCZ014 . CCZ023 . CCZ024 . CCZ034 . CCZ123 . CCZ124 . CCZ134 . CCZ234 . CCZ345  (elapsed 55427s)
[554/1793] k=6 deg=1    3.2s  T0 . T1 . CS01 . CS02 . CS03 . CS04 . CS12 . CS13 . CS14 . CS23 . CS25 . CCZ012 . CCZ013 . CCZ014 . CCZ023 . CCZ024 . CCZ034 . CCZ123 . CCZ124 . CCZ134 . CCZ234 . CCZ245  (elapsed 55430s)
[555/1793] k=6 deg=1    2.3s  T0 . T1 . CS01 . CS02 . CS03 . CS04 . CS12 . CS13 . CS14 . CS23 . CS25 . CS35 . CCZ012 . CCZ013 . CCZ014 . CCZ023 . CCZ024 . CCZ034 . CCZ123 . CCZ124 . CCZ134 . CCZ234 . CCZ245 . CCZ345  (elapsed 55433s)
[556/1793] k=6 deg=2  377.4s  T0 . T1 . CS01 . CS02 . CS03 . CS04 . CS12 . CS13 . CS14 . CS23 . CS24 . CS25 . CS34 . CS35 . CCZ012 . CCZ013 . CCZ014 . CCZ025 . CCZ035 . CCZ125 . CCZ135 . CCZ234  (elapsed 55448s)
[557/1793] k=6 deg=2  363.8s  T0 . T1 . CS01 . CS02 . CS03 . CS04 . CS12 . CS13 . CS14 . CS24 . CS34 . CS45 . CCZ012 . CCZ013 . CCZ014 . CCZ023 . CCZ045 . CCZ123 . CCZ145 . CCZ234  (elapsed 55796s)
[558/1793] k=6 deg=2  364.2s  T0 . T1 . CS01 . CS02 . CS03 . CS04 . CS12 . CS13 . CS14 . CS25 . CCZ012 . CCZ013 . CCZ014 . CCZ023 . CCZ024 . CCZ034 . CCZ123 . CCZ124 . CCZ134 . CCZ235 . CCZ245  (elapsed 55812s)
[559/1793] k=6 deg=2  364.2s  T0 . T1 . CS01 . CS02 . CS03 . CS04 . CS12 . CS13 . CS14 . CS25 . CS35 . CCZ012 . CCZ013 . CCZ014 . CCZ023 . CCZ024 . CCZ034 . CCZ123 . CCZ124 . CCZ134 . CCZ235 . CCZ245 . CCZ345  (elapsed 56161s)
[560/1793] k=6 deg=2  366.6s  T0 . T1 . CS01 . CS02 . CS03 . CS04 . CS12 . CS13 . CS14 . CS34 . CS35 . CCZ012 . CCZ013 . CCZ014 . CCZ023 . CCZ024 . CCZ035 . CCZ123 . CCZ124 . CCZ135 . CCZ234 . CCZ235  (elapsed 56179s)
[561/1793] k=6 deg=1    0.1s  T0 . T1 . CS01 . CS02 . CS03 . CS04 . CS12 . CS13 . CS15 . CCZ012 . CCZ013 . CCZ014 . CCZ023 . CCZ024 . CCZ034 . CCZ123 . CCZ125 . CCZ135  (elapsed 56179s)
[562/1793] k=6 deg=1    2.6s  T0 . T1 . CS01 . CS02 . CS03 . CS04 . CS12 . CS13 . CS15 . CS24 . CS25 . CCZ012 . CCZ013 . CCZ014 . CCZ023 . CCZ024 . CCZ034 . CCZ123 . CCZ124 . CCZ135 . CCZ234 . CCZ235  (elapsed 56182s)
[563/1793] k=6 deg=1    1.0s  T0 . T1 . CS01 . CS02 . CS03 . CS04 . CS12 . CS13 . CS15 . CS24 . CS25 . CS34 . CS35 . CCZ012 . CCZ013 . CCZ014 . CCZ023 . CCZ024 . CCZ034 . CCZ123 . CCZ124 . CCZ134 . CCZ234 . CCZ235  (elapsed 56183s)
[564/1793] k=6 deg=1    2.7s  T0 . T1 . CS01 . CS02 . CS03 . CS04 . CS12 . CS13 . CS15 . CS24 . CS25 . CS34 . CS35 . CS45 . CCZ012 . CCZ013 . CCZ014 . CCZ023 . CCZ024 . CCZ034 . CCZ123 . CCZ124 . CCZ134 . CCZ145 . CCZ234 . CCZ235  (elapsed 56185s)
[565/1793] k=6 deg=1    2.3s  T0 . T1 . CS01 . CS02 . CS03 . CS04 . CS12 . CS13 . CS15 . CS24 . CS25 . CS45 . CCZ012 . CCZ013 . CCZ014 . CCZ023 . CCZ024 . CCZ034 . CCZ123 . CCZ124 . CCZ135 . CCZ145 . CCZ234 . CCZ235 . CCZ345  (elapsed 56188s)
[566/1793] k=6 deg=1    0.1s  T0 . T1 . CS01 . CS02 . CS03 . CS04 . CS12 . CS13 . CS15 . CS45 . CCZ012 . CCZ013 . CCZ014 . CCZ023 . CCZ024 . CCZ034 . CCZ123 . CCZ125 . CCZ135 . CCZ145 . CCZ245 . CCZ345  (elapsed 56188s)
[567/1793] k=6 deg=2  364.7s  T0 . T1 . CS01 . CS02 . CS03 . CS04 . CS12 . CS13 . CS14 . CS34 . CS35 . CS45 . CCZ012 . CCZ013 . CCZ014 . CCZ023 . CCZ024 . CCZ035 . CCZ045 . CCZ123 . CCZ124 . CCZ135 . CCZ145 . CCZ234 . CCZ235 . CCZ245  (elapsed 56525s)
[568/1793] k=6 deg=2  370.2s  T0 . T1 . CS01 . CS02 . CS03 . CS04 . CS12 . CS13 . CS24 . CS34 . CS45 . CCZ012 . CCZ013 . CCZ014 . CCZ023 . CCZ024 . CCZ034 . CCZ123 . CCZ124 . CCZ134 . CCZ145 . CCZ234  (elapsed 56558s)
[569/1793] k=6 deg=2  363.3s  T0 . T1 . CS01 . CS02 . CS03 . CS04 . CS12 . CS13 . CS24 . CS34 . CS45 . CCZ012 . CCZ013 . CCZ023 . CCZ045 . CCZ123 . CCZ234  (elapsed 56889s)
[570/1793] k=6 deg=2  367.4s  T0 . T1 . CS01 . CS02 . CS03 . CS04 . CS12 . CS13 . CS24 . CS45 . CCZ012 . CCZ013 . CCZ014 . CCZ023 . CCZ024 . CCZ034 . CCZ123 . CCZ124 . CCZ145 . CCZ234 . CCZ345  (elapsed 56925s)
[571/1793] k=6 deg=2  363.3s  T0 . T1 . CS01 . CS02 . CS03 . CS04 . CS12 . CS13 . CS45 . CCZ012 . CCZ013 . CCZ014 . CCZ023 . CCZ024 . CCZ034 . CCZ123 . CCZ145 . CCZ245 . CCZ345  (elapsed 57252s)
[572/1793] k=6 deg=2  366.6s  T0 . T1 . CS01 . CS02 . CS03 . CS04 . CS12 . CS15 . CCZ012 . CCZ013 . CCZ014 . CCZ023 . CCZ024 . CCZ034 . CCZ125  (elapsed 57292s)
[573/1793] k=6 deg=2  378.6s  T0 . T1 . CS01 . CS02 . CS03 . CS04 . CS12 . CS15 . CS23 . CS24 . CS25 . CCZ012 . CCZ013 . CCZ014 . CCZ023 . CCZ024 . CCZ034 . CCZ123 . CCZ124 . CCZ234  (elapsed 57631s)
[574/1793] k=6 deg=2  369.0s  T0 . T1 . CS01 . CS02 . CS03 . CS04 . CS12 . CS15 . CS23 . CS24 . CS25 . CS34 . CS35 . CCZ012 . CCZ013 . CCZ014 . CCZ023 . CCZ024 . CCZ034 . CCZ123 . CCZ124 . CCZ134 . CCZ135 . CCZ234  (elapsed 57661s)
[575/1793] k=6 deg=1    3.5s  T0 . T1 . CS01 . CS02 . CS03 . CS04 . CS12 . CS15 . CS34 . CS35 . CCZ012 . CCZ013 . CCZ014 . CCZ023 . CCZ024 . CCZ034 . CCZ125 . CCZ134 . CCZ135 . CCZ234 . CCZ235  (elapsed 57665s)
[576/1793] k=6 deg=2  368.1s  T0 . T1 . CS01 . CS02 . CS03 . CS04 . CS12 . CS15 . CS23 . CS24 . CS25 . CS35 . CS45 . CCZ012 . CCZ013 . CCZ014 . CCZ023 . CCZ024 . CCZ034 . CCZ123 . CCZ124 . CCZ135 . CCZ145 . CCZ234 . CCZ345  (elapsed 57999s)
[577/1793] k=6 deg=2  367.7s  T0 . T1 . CS01 . CS02 . CS03 . CS04 . CS12 . CS15 . CS35 . CS45 . CCZ012 . CCZ013 . CCZ014 . CCZ023 . CCZ024 . CCZ034 . CCZ125 . CCZ135 . CCZ145 . CCZ235 . CCZ245 . CCZ345  (elapsed 58032s)
[578/1793] k=6 deg=2  371.0s  T0 . T1 . CS01 . CS02 . CS03 . CS04 . CS12 . CS23 . CS24 . CS34 . CS35 . CS45 . CCZ012 . CCZ013 . CCZ014 . CCZ023 . CCZ024 . CCZ034 . CCZ123 . CCZ124 . CCZ134 . CCZ135 . CCZ145 . CCZ234  (elapsed 58370s)
[579/1793] k=6 deg=2  367.9s  T0 . T1 . CS01 . CS02 . CS03 . CS04 . CS12 . CS23 . CS24 . CS35 . CS45 . CCZ012 . CCZ013 . CCZ014 . CCZ023 . CCZ024 . CCZ034 . CCZ123 . CCZ124 . CCZ135 . CCZ145 . CCZ234 . CCZ345  (elapsed 58400s)
[580/1793] k=6 deg=2  370.4s  T0 . T1 . CS01 . CS02 . CS03 . CS04 . CS12 . CS34 . CS35 . CS45 . CCZ012 . CCZ013 . CCZ014 . CCZ023 . CCZ024 . CCZ034 . CCZ134 . CCZ135 . CCZ145 . CCZ234 . CCZ235 . CCZ245  (elapsed 58740s)
[581/1793] k=6 deg=1    2.5s  T0 . T1 . CS01 . CS02 . CS03 . CS04 . CS15 . CCZ012 . CCZ013 . CCZ014 . CCZ023 . CCZ024 . CCZ034  (elapsed 58743s)
[582/1793] k=6 deg=1    1.1s  T0 . T1 . CS01 . CS02 . CS03 . CS04 . CS15 . CS23 . CS24 . CS25 . CCZ012 . CCZ013 . CCZ014 . CCZ023 . CCZ024 . CCZ034 . CCZ123 . CCZ124 . CCZ125 . CCZ234  (elapsed 58744s)
[583/1793] k=6 deg=2  378.0s  T0 . T1 . CS01 . CS02 . CS03 . CS04 . CS12 . CS35 . CS45 . CCZ012 . CCZ013 . CCZ014 . CCZ023 . CCZ024 . CCZ034 . CCZ135 . CCZ145 . CCZ235 . CCZ245 . CCZ345  (elapsed 58778s)
[584/1793] k=6 deg=1    0.5s  T0 . T1 . CS01 . CS02 . CS03 . CS04 . CS15 . CS25 . CS35 . CS45 . CCZ012 . CCZ013 . CCZ014 . CCZ023 . CCZ024 . CCZ034 . CCZ125 . CCZ135 . CCZ145 . CCZ235 . CCZ245 . CCZ345  (elapsed 58779s)
[585/1793] k=6 deg=2  370.9s  T0 . T1 . CS01 . CS02 . CS03 . CS04 . CS15 . CS23 . CS24 . CS35 . CS45 . CCZ012 . CCZ013 . CCZ014 . CCZ023 . CCZ024 . CCZ034 . CCZ123 . CCZ124 . CCZ135 . CCZ145 . CCZ234 . CCZ345  (elapsed 59115s)
[586/1793] k=6 deg=1    3.5s  T0 . T1 . CS01 . CS02 . CS03 . CS12 . CS13 . CS23 . CS24 . CS25 . CCZ012 . CCZ013 . CCZ023 . CCZ123 . CCZ245  (elapsed 59118s)
[587/1793] k=6 deg=2  371.2s  T0 . T1 . CS01 . CS02 . CS03 . CS05 . CS12 . CS23 . CS25 . CS34 . CS35 . CS45 . CCZ012 . CCZ034 . CCZ045 . CCZ235  (elapsed 59150s)
[588/1793] k=6 deg=1    2.2s  T0 . T1 . CS01 . CS02 . CS03 . CS12 . CS13 . CS23 . CS24 . CS35 . CS45 . CCZ012 . CCZ013 . CCZ023 . CCZ123  (elapsed 59152s)
[589/1793] k=6 deg=2  379.3s  T0 . T1 . CS01 . CS02 . CS03 . CS12 . CS13 . CS23 . CS24 . CS25 . CS34 . CS45 . CCZ012 . CCZ013 . CCZ023 . CCZ123 . CCZ245  (elapsed 59498s)
[590/1793] k=6 deg=2  369.0s  T0 . T1 . CS01 . CS02 . CS03 . CS12 . CS13 . CS23 . CS24 . CS35 . CS45 . CCZ012 . CCZ013 . CCZ024 . CCZ035 . CCZ045 . CCZ124 . CCZ135 . CCZ145  (elapsed 59521s)
[591/1793] k=6 deg=2  367.0s  T0 . T1 . CS01 . CS02 . CS03 . CS12 . CS13 . CS24 . CS25 . CCZ012 . CCZ013 . CCZ023 . CCZ123 . CCZ234 . CCZ235 . CCZ245  (elapsed 59865s)
[592/1793] k=6 deg=2  366.5s  T0 . T1 . CS01 . CS02 . CS03 . CS12 . CS13 . CS24 . CS25 . CS34 . CS35 . CS45 . CCZ012 . CCZ013 . CCZ023 . CCZ123 . CCZ234 . CCZ235 . CCZ245 . CCZ345  (elapsed 59888s)
[593/1793] k=6 deg=2  368.2s  T0 . T1 . CS01 . CS02 . CS03 . CS12 . CS13 . CS24 . CS25 . CS45 . CCZ012 . CCZ013 . CCZ023 . CCZ123 . CCZ234 . CCZ235 . CCZ245 . CCZ345  (elapsed 60233s)
[594/1793] k=6 deg=1    0.2s  T0 . T1 . CS01 . CS02 . CS03 . CS12 . CS13 . CS24 . CS45 . CCZ012 . CCZ013 . CCZ023 . CCZ123 . CCZ234 . CCZ345  (elapsed 60233s)
[595/1793] k=6 deg=2  366.4s  T0 . T1 . CS01 . CS02 . CS03 . CS12 . CS13 . CS24 . CS34 . CS45 . CCZ012 . CCZ013 . CCZ023 . CCZ123 . CCZ234  (elapsed 60254s)
[596/1793] k=6 deg=1    0.4s  T0 . T1 . CS01 . CS02 . CS03 . CS12 . CS13 . CS45 . CCZ012 . CCZ013 . CCZ023 . CCZ123 . CCZ245 . CCZ345  (elapsed 60255s)
[597/1793] k=6 deg=2  370.3s  T0 . T1 . CS01 . CS02 . CS03 . CS12 . CS13 . CS45 . CCZ012 . CCZ013 . CCZ023 . CCZ045 . CCZ123 . CCZ145 . CCZ245 . CCZ345  (elapsed 60603s)
[598/1793] k=6 deg=2  377.0s  T0 . T1 . CS01 . CS02 . CS03 . CS12 . CS14 . CS15 . CS23 . CS24 . CS25 . CCZ012 . CCZ013 . CCZ023 . CCZ123 . CCZ145 . CCZ245  (elapsed 60632s)
[599/1793] k=6 deg=2  367.9s  T0 . T1 . CS01 . CS02 . CS03 . CS12 . CS14 . CS15 . CS23 . CS24 . CS25 . CS34 . CS35 . CCZ012 . CCZ013 . CCZ023 . CCZ123 . CCZ134 . CCZ135 . CCZ145 . CCZ245 . CCZ345  (elapsed 60971s)
[600/1793] k=6 deg=2  366.4s  T0 . T1 . CS01 . CS02 . CS03 . CS12 . CS14 . CS15 . CS23 . CS24 . CS25 . CS34 . CS45 . CCZ012 . CCZ013 . CCZ023 . CCZ123 . CCZ134 . CCZ245  (elapsed 60998s)
[601/1793] k=6 deg=1    0.6s  T0 . T1 . CS01 . CS02 . CS03 . CS12 . CS14 . CS35 . CS45 . CCZ012 . CCZ013 . CCZ023 . CCZ124 . CCZ135 . CCZ145 . CCZ235 . CCZ245  (elapsed 60999s)
[602/1793] k=6 deg=2  368.9s  T0 . T1 . CS01 . CS02 . CS03 . CS12 . CS14 . CS23 . CS24 . CS34 . CS35 . CS45 . CCZ012 . CCZ013 . CCZ023 . CCZ123 . CCZ134 . CCZ135 . CCZ145 . CCZ345  (elapsed 61340s)
[603/1793] k=6 deg=1    3.0s  T0 . T1 . CS01 . CS02 . CS03 . CS12 . CS23 . CS34 . CS35 . CCZ012 . CCZ013 . CCZ023 . CCZ123 . CCZ134 . CCZ135 . CCZ345  (elapsed 61343s)
[604/1793] k=6 deg=1    2.1s  T0 . T1 . CS01 . CS02 . CS03 . CS12 . CS34 . CS35 . CCZ012 . CCZ013 . CCZ023 . CCZ134 . CCZ135 . CCZ234 . CCZ235 . CCZ345  (elapsed 61345s)
[605/1793] k=6 deg=2  365.7s  T0 . T1 . CS01 . CS02 . CS03 . CS12 . CS15 . CS23 . CS25 . CS34 . CS45 . CCZ012 . CCZ013 . CCZ023 . CCZ123 . CCZ134 . CCZ145  (elapsed 61364s)
[606/1793] k=6 deg=2  365.1s  T0 . T1 . CS01 . CS02 . CS03 . CS14 . CS15 . CCZ012 . CCZ013 . CCZ023 . CCZ145  (elapsed 61710s)
[607/1793] k=6 deg=2  365.5s  T0 . T1 . CS01 . CS02 . CS03 . CS14 . CS15 . CS23 . CS24 . CS25 . CCZ012 . CCZ013 . CCZ023 . CCZ123 . CCZ124 . CCZ125 . CCZ145 . CCZ245  (elapsed 61730s)
[608/1793] k=6 deg=2  366.4s  T0 . T1 . CS01 . CS02 . CS03 . CS14 . CS15 . CS23 . CS24 . CS35 . CS45 . CCZ012 . CCZ013 . CCZ023 . CCZ123 . CCZ124 . CCZ135  (elapsed 62077s)
[609/1793] k=6 deg=1    1.3s  T0 . T1 . CS01 . CS02 . CS03 . CS15 . CS23 . CS24 . CS25 . CS34 . CS45 . CCZ012 . CCZ013 . CCZ023 . CCZ123 . CCZ124 . CCZ125 . CCZ134 . CCZ145 . CCZ245  (elapsed 62078s)
[610/1793] k=6 deg=1    3.1s  T0 . T1 . CS01 . CS02 . CS03 . CS15 . CS24 . CS34 . CS45 . CCZ012 . CCZ013 . CCZ023 . CCZ124 . CCZ134 . CCZ145 . CCZ234  (elapsed 62081s)
[611/1793] k=6 deg=2  366.2s  T0 . T1 . CS01 . CS02 . CS03 . CS14 . CS15 . CS24 . CS34 . CS45 . CCZ012 . CCZ013 . CCZ023 . CCZ124 . CCZ134 . CCZ234  (elapsed 62096s)
[612/1793] k=6 deg=2  369.2s  T0 . T1 . CS01 . CS02 . CS12 . CS23 . CS24 . CS25 . CS34 . CS35 . CCZ012 . CCZ234 . CCZ235 . CCZ245 . CCZ345  (elapsed 62450s)
[613/1793] k=6 deg=1    0.5s  T0 . T1 . CS01 . CS02 . CS12 . CS23 . CS24 . CS35 . CS45 . CCZ012 . CCZ234 . CCZ345  (elapsed 62451s)
[614/1793] k=6 deg=2  369.6s  T0 . T1 . CS01 . CS02 . CS12 . CS23 . CS24 . CS34 . CS35 . CS45 . CCZ012 . CCZ234  (elapsed 62466s)
[615/1793] k=6 deg=1    0.8s  T0 . T1 . CS01 . CS02 . CS12 . CS34 . CS35 . CCZ012 . CCZ034 . CCZ035 . CCZ134 . CCZ135 . CCZ234 . CCZ235 . CCZ345  (elapsed 62466s)
[616/1793] k=6 deg=2  370.5s  T0 . T1 . CS01 . CS02 . CS12 . CS23 . CS34 . CS35 . CCZ012 . CCZ345  (elapsed 62821s)
[617/1793] k=6 deg=2  379.0s  T0 . T1 . CS01 . CS02 . CS12 . CS34 . CS35 . CCZ012 . CCZ234 . CCZ235 . CCZ345  (elapsed 62846s)
[618/1793] k=6 deg=1    1.3s  T0 . T1 . CS01 . CS02 . CS12 . CS34 . CS35 . CS45 . CCZ012 . CCZ234 . CCZ235 . CCZ245  (elapsed 62847s)
[619/1793] k=6 deg=2  383.4s  T0 . T1 . CS01 . CS02 . CS12 . CS34 . CS35 . CS45 . CCZ012 . CCZ034 . CCZ035 . CCZ045 . CCZ134 . CCZ135 . CCZ145 . CCZ234 . CCZ235 . CCZ245  (elapsed 63205s)
[620/1793] k=6 deg=2  366.8s  T0 . T1 . T2 . CS01 . CS02 . CS03 . CS04 . CS05 . CCZ012 . CCZ013 . CCZ014 . CCZ015 . CCZ023 . CCZ024 . CCZ025 . CCZ034 . CCZ035 . CCZ045  (elapsed 63214s)
[621/1793] k=6 deg=1    3.2s  T0 . T1 . T2 . CS01 . CS02 . CS03 . CS04 . CS05 . CS12 . CS13 . CS14 . CS15 . CS23 . CS24 . CCZ012 . CCZ013 . CCZ014 . CCZ015 . CCZ023 . CCZ024 . CCZ025 . CCZ034 . CCZ035 . CCZ045 . CCZ123 . CCZ124 . CCZ125 . CCZ134 . CCZ135 . CCZ145 . CCZ234  (elapsed 63217s)
[622/1793] k=6 deg=1    1.1s  T0 . T1 . T2 . CS01 . CS02 . CS03 . CS04 . CS05 . CS12 . CS13 . CS14 . CS15 . CS23 . CS24 . CS25 . CS34 . CCZ012 . CCZ013 . CCZ014 . CCZ015 . CCZ023 . CCZ024 . CCZ025 . CCZ034 . CCZ035 . CCZ045 . CCZ123 . CCZ124 . CCZ125 . CCZ134 . CCZ135 . CCZ145 . CCZ234 . CCZ235 . CCZ245 . CCZ345  (elapsed 63218s)
[623/1793] k=6 deg=2  371.5s  T0 . T1 . T2 . CS01 . CS02 . CS03 . CS04 . CS05 . CS12 . CS13 . CS14 . CS15 . CS23 . CCZ012 . CCZ013 . CCZ014 . CCZ015 . CCZ023 . CCZ024 . CCZ025 . CCZ034 . CCZ035 . CCZ045 . CCZ123 . CCZ124 . CCZ125 . CCZ134 . CCZ135 . CCZ145  (elapsed 63576s)
[624/1793] k=6 deg=1    0.3s  T0 . T1 . T2 . CS01 . CS02 . CS03 . CS04 . CS05 . CS12 . CS13 . CS14 . CS15 . CS23 . CS24 . CS25 . CS34 . CS35 . CS45 . CCZ012 . CCZ013 . CCZ014 . CCZ015 . CCZ023 . CCZ024 . CCZ025 . CCZ123 . CCZ124 . CCZ125 . CCZ345  (elapsed 63577s)
[625/1793] k=6 deg=2  368.7s  T0 . T1 . T2 . CS01 . CS02 . CS03 . CS04 . CS05 . CS12 . CS13 . CS14 . CS15 . CS23 . CS24 . CS25 . CS34 . CS35 . CS45 . CCZ012 . CCZ013 . CCZ014 . CCZ015 . CCZ023 . CCZ024 . CCZ025 . CCZ034 . CCZ035 . CCZ045 . CCZ123 . CCZ124 . CCZ125 . CCZ134 . CCZ135 . CCZ145 . CCZ234 . CCZ235 . CCZ245 . CCZ345  (elapsed 63587s)
[626/1793] k=6 deg=1    2.7s  T0 . T1 . T2 . CS01 . CS02 . CS03 . CS04 . CS05 . CS12 . CS13 . CS14 . CS15 . CS23 . CS24 . CS35 . CCZ012 . CCZ013 . CCZ014 . CCZ015 . CCZ023 . CCZ024 . CCZ025 . CCZ034 . CCZ035 . CCZ045 . CCZ123 . CCZ124 . CCZ125 . CCZ134 . CCZ135 . CCZ145 . CCZ234 . CCZ235 . CCZ345  (elapsed 63589s)
[627/1793] k=6 deg=2  374.2s  T0 . T1 . T2 . CS01 . CS02 . CS03 . CS04 . CS05 . CS12 . CS13 . CS14 . CS15 . CS23 . CS24 . CS25 . CS45 . CCZ012 . CCZ013 . CCZ014 . CCZ015 . CCZ023 . CCZ024 . CCZ025 . CCZ034 . CCZ035 . CCZ123 . CCZ124 . CCZ125 . CCZ134 . CCZ135 . CCZ234 . CCZ235 . CCZ345  (elapsed 63951s)
[628/1793] k=6 deg=2  371.3s  T0 . T1 . T2 . CS01 . CS02 . CS03 . CS04 . CS05 . CS12 . CS13 . CS14 . CS15 . CS23 . CS24 . CS35 . CS45 . CCZ012 . CCZ013 . CCZ014 . CCZ015 . CCZ023 . CCZ024 . CCZ025 . CCZ034 . CCZ035 . CCZ045 . CCZ123 . CCZ124 . CCZ125 . CCZ134 . CCZ135 . CCZ145 . CCZ234 . CCZ235 . CCZ245 . CCZ345  (elapsed 63961s)
[629/1793] k=6 deg=2  376.2s  T0 . T1 . T2 . CS01 . CS02 . CS03 . CS04 . CS05 . CS12 . CS13 . CS14 . CS15 . CS23 . CS24 . CS35 . CS45 . CCZ012 . CCZ013 . CCZ014 . CCZ015 . CCZ023 . CCZ024 . CCZ034 . CCZ123 . CCZ124 . CCZ134 . CCZ234 . CCZ345  (elapsed 64327s)
[630/1793] k=6 deg=2  380.7s  T0 . T1 . T2 . CS01 . CS02 . CS03 . CS04 . CS05 . CS12 . CS13 . CS14 . CS15 . CS23 . CS34 . CS35 . CCZ012 . CCZ013 . CCZ014 . CCZ015 . CCZ023 . CCZ024 . CCZ025 . CCZ034 . CCZ035 . CCZ045 . CCZ123 . CCZ124 . CCZ125 . CCZ134 . CCZ135 . CCZ145 . CCZ234 . CCZ235 . CCZ345  (elapsed 64342s)
[631/1793] k=6 deg=2  374.7s  T0 . T1 . T2 . CS01 . CS02 . CS03 . CS04 . CS05 . CS12 . CS13 . CS14 . CS15 . CS23 . CS34 . CS35 . CCZ012 . CCZ013 . CCZ014 . CCZ015 . CCZ023 . CCZ045 . CCZ123 . CCZ145 . CCZ345  (elapsed 64702s)
[632/1793] k=6 deg=1    1.1s  T0 . T1 . T2 . CS01 . CS02 . CS03 . CS04 . CS05 . CS12 . CS13 . CS14 . CS15 . CS23 . CS34 . CS35 . CS45 . CCZ012 . CCZ013 . CCZ014 . CCZ015 . CCZ023 . CCZ123 . CCZ345  (elapsed 64703s)
[633/1793] k=6 deg=1    0.5s  T0 . T1 . T2 . CS01 . CS02 . CS03 . CS04 . CS05 . CS12 . CS13 . CS14 . CS15 . CS23 . CS45 . CCZ012 . CCZ013 . CCZ014 . CCZ015 . CCZ023 . CCZ024 . CCZ025 . CCZ034 . CCZ035 . CCZ045 . CCZ123 . CCZ124 . CCZ125 . CCZ134 . CCZ135 . CCZ145 . CCZ245 . CCZ345  (elapsed 64703s)
[634/1793] k=6 deg=1    2.0s  T0 . T1 . T2 . CS01 . CS02 . CS03 . CS04 . CS05 . CS12 . CS13 . CS14 . CS23 . CS24 . CCZ012 . CCZ013 . CCZ014 . CCZ015 . CCZ023 . CCZ024 . CCZ025 . CCZ034 . CCZ035 . CCZ045 . CCZ123 . CCZ124 . CCZ134 . CCZ234  (elapsed 64705s)
[635/1793] k=6 deg=2  369.2s  T0 . T1 . T2 . CS01 . CS02 . CS03 . CS04 . CS05 . CS12 . CS13 . CS14 . CS15 . CS23 . CS34 . CS35 . CS45 . CCZ012 . CCZ013 . CCZ014 . CCZ015 . CCZ023 . CCZ024 . CCZ025 . CCZ034 . CCZ035 . CCZ045 . CCZ123 . CCZ124 . CCZ125 . CCZ134 . CCZ135 . CCZ145 . CCZ234 . CCZ235 . CCZ245 . CCZ345  (elapsed 64711s)
[636/1793] k=6 deg=2  368.4s  T0 . T1 . T2 . CS01 . CS02 . CS03 . CS04 . CS05 . CS12 . CS13 . CS14 . CS23 . CS24 . CS35 . CS45 . CCZ012 . CCZ013 . CCZ014 . CCZ023 . CCZ024 . CCZ034 . CCZ123 . CCZ124 . CCZ134 . CCZ234 . CCZ345  (elapsed 65074s)
[637/1793] k=6 deg=1    1.1s  T0 . T1 . T2 . CS01 . CS02 . CS03 . CS04 . CS05 . CS12 . CS13 . CS23 . CS34 . CS35 . CCZ012 . CCZ013 . CCZ023 . CCZ045 . CCZ123 . CCZ345  (elapsed 65075s)
[638/1793] k=6 deg=1    0.3s  T0 . T1 . T2 . CS01 . CS02 . CS03 . CS04 . CS05 . CS12 . CS13 . CS23 . CS34 . CS35 . CS45 . CCZ012 . CCZ013 . CCZ023 . CCZ123 . CCZ345  (elapsed 65075s)
[639/1793] k=6 deg=2  368.4s  T0 . T1 . T2 . CS01 . CS02 . CS03 . CS04 . CS05 . CS12 . CS13 . CS23 . CCZ012 . CCZ013 . CCZ014 . CCZ015 . CCZ023 . CCZ024 . CCZ025 . CCZ034 . CCZ035 . CCZ045 . CCZ123  (elapsed 65079s)
[640/1793] k=6 deg=2  367.3s  T0 . T1 . T2 . CS01 . CS02 . CS03 . CS04 . CS05 . CS12 . CS13 . CS23 . CS45 . CCZ012 . CCZ013 . CCZ014 . CCZ015 . CCZ023 . CCZ024 . CCZ025 . CCZ034 . CCZ035 . CCZ045 . CCZ123 . CCZ145 . CCZ245 . CCZ345  (elapsed 65443s)
[641/1793] k=6 deg=2  366.9s  T0 . T1 . T2 . CS01 . CS02 . CS03 . CS04 . CS12 . CS13 . CS14 . CS23 . CS24 . CS34 . CS35 . CCZ012 . CCZ013 . CCZ014 . CCZ023 . CCZ024 . CCZ034 . CCZ123 . CCZ124 . CCZ134 . CCZ234  (elapsed 65446s)
[642/1793] k=6 deg=2  368.1s  T0 . T1 . T2 . CS01 . CS02 . CS03 . CS04 . CS12 . CS13 . CS14 . CS23 . CS24 . CS34 . CS35 . CCZ012 . CCZ013 . CCZ014 . CCZ023 . CCZ024 . CCZ035 . CCZ123 . CCZ124 . CCZ135 . CCZ235  (elapsed 65811s)
[643/1793] k=6 deg=2  368.4s  T0 . T1 . T2 . CS01 . CS02 . CS03 . CS04 . CS12 . CS13 . CS14 . CS23 . CS24 . CS35 . CCZ012 . CCZ013 . CCZ014 . CCZ023 . CCZ024 . CCZ034 . CCZ123 . CCZ124 . CCZ134 . CCZ234 . CCZ345  (elapsed 65815s)
[644/1793] k=6 deg=1    1.0s  T0 . T1 . T2 . CS01 . CS02 . CS03 . CS04 . CS12 . CS13 . CS14 . CS23 . CS25 . CS34 . CS35 . CCZ012 . CCZ013 . CCZ014 . CCZ023 . CCZ024 . CCZ034 . CCZ123 . CCZ124 . CCZ134 . CCZ234  (elapsed 65816s)
[645/1793] k=6 deg=2  366.7s  T0 . T1 . T2 . CS01 . CS02 . CS03 . CS04 . CS12 . CS13 . CS14 . CS23 . CS25 . CCZ012 . CCZ013 . CCZ014 . CCZ023 . CCZ024 . CCZ034 . CCZ123 . CCZ124 . CCZ134 . CCZ235  (elapsed 66177s)
[646/1793] k=6 deg=2  368.3s  T0 . T1 . T2 . CS01 . CS02 . CS03 . CS04 . CS12 . CS13 . CS14 . CS23 . CS25 . CS34 . CS35 . CS45 . CCZ012 . CCZ013 . CCZ014 . CCZ023 . CCZ024 . CCZ034 . CCZ123 . CCZ124 . CCZ134 . CCZ234 . CCZ245  (elapsed 66184s)
[647/1793] k=6 deg=2  373.1s  T0 . T1 . T2 . CS01 . CS02 . CS03 . CS04 . CS12 . CS13 . CS14 . CS23 . CS25 . CS45 . CCZ012 . CCZ013 . CCZ014 . CCZ023 . CCZ024 . CCZ034 . CCZ123 . CCZ124 . CCZ134 . CCZ235 . CCZ245 . CCZ345  (elapsed 66550s)
[648/1793] k=6 deg=1    0.0s  T0 . T1 . T2 . CS01 . CS02 . CS03 . CS04 . CS12 . CS13 . CS14 . CS23 . CS34 . CS45 . CCZ012 . CCZ013 . CCZ014 . CCZ023 . CCZ045 . CCZ123 . CCZ145  (elapsed 66551s)
[649/1793] k=6 deg=2  373.0s  T0 . T1 . T2 . CS01 . CS02 . CS03 . CS04 . CS12 . CS13 . CS14 . CS23 . CS34 . CS45 . CCZ012 . CCZ013 . CCZ014 . CCZ023 . CCZ024 . CCZ034 . CCZ123 . CCZ124 . CCZ134 . CCZ234 . CCZ245  (elapsed 66557s)
[650/1793] k=6 deg=2  372.0s  T0 . T1 . T2 . CS01 . CS02 . CS03 . CS04 . CS12 . CS13 . CS14 . CS23 . CS45 . CCZ012 . CCZ013 . CCZ014 . CCZ023 . CCZ024 . CCZ034 . CCZ123 . CCZ124 . CCZ134 . CCZ245 . CCZ345  (elapsed 66923s)
[651/1793] k=6 deg=2  384.2s  T0 . T1 . T2 . CS01 . CS02 . CS03 . CS04 . CS12 . CS13 . CS14 . CS25 . CCZ012 . CCZ013 . CCZ014 . CCZ023 . CCZ024 . CCZ034 . CCZ123 . CCZ124 . CCZ134  (elapsed 66941s)
[652/1793] k=6 deg=2  368.4s  T0 . T1 . T2 . CS01 . CS02 . CS03 . CS04 . CS12 . CS13 . CS14 . CS25 . CS34 . CS35 . CCZ012 . CCZ013 . CCZ014 . CCZ023 . CCZ024 . CCZ034 . CCZ123 . CCZ124 . CCZ134 . CCZ234 . CCZ235  (elapsed 67291s)
[653/1793] k=6 deg=1    3.5s  T0 . T1 . T2 . CS01 . CS02 . CS03 . CS04 . CS12 . CS13 . CS14 . CS25 . CS35 . CS45 . CCZ012 . CCZ013 . CCZ014 . CCZ023 . CCZ024 . CCZ034 . CCZ123 . CCZ124 . CCZ134 . CCZ235 . CCZ245 . CCZ345  (elapsed 67295s)
[654/1793] k=6 deg=1    1.0s  T0 . T1 . T2 . CS01 . CS02 . CS03 . CS04 . CS12 . CS13 . CS15 . CS23 . CS25 . CCZ012 . CCZ013 . CCZ014 . CCZ023 . CCZ024 . CCZ034 . CCZ123 . CCZ125 . CCZ135 . CCZ235  (elapsed 67296s)
[655/1793] k=6 deg=2  372.8s  T0 . T1 . T2 . CS01 . CS02 . CS03 . CS04 . CS12 . CS13 . CS14 . CS25 . CS34 . CS35 . CCZ012 . CCZ013 . CCZ014 . CCZ025 . CCZ035 . CCZ125 . CCZ135  (elapsed 67314s)
[656/1793] k=6 deg=2  369.3s  T0 . T1 . T2 . CS01 . CS02 . CS03 . CS04 . CS12 . CS13 . CS15 . CS23 . CS25 . CS45 . CCZ012 . CCZ013 . CCZ014 . CCZ023 . CCZ024 . CCZ034 . CCZ123 . CCZ125 . CCZ135 . CCZ145 . CCZ235 . CCZ245 . CCZ345  (elapsed 67665s)
[657/1793] k=6 deg=2  372.8s  T0 . T1 . T2 . CS01 . CS02 . CS03 . CS04 . CS12 . CS13 . CS23 . CS34 . CS45 . CCZ012 . CCZ013 . CCZ023 . CCZ045 . CCZ123  (elapsed 67687s)
[658/1793] k=6 deg=1    2.4s  T0 . T1 . T2 . CS01 . CS02 . CS03 . CS04 . CS12 . CS15 . CS25 . CCZ012 . CCZ013 . CCZ014 . CCZ023 . CCZ024 . CCZ034 . CCZ125  (elapsed 67689s)
[659/1793] k=6 deg=1    0.7s  T0 . T1 . T2 . CS01 . CS02 . CS03 . CS04 . CS12 . CS15 . CS25 . CS34 . CS35 . CCZ012 . CCZ013 . CCZ014 . CCZ023 . CCZ024 . CCZ034 . CCZ125 . CCZ134 . CCZ135 . CCZ234 . CCZ235  (elapsed 67690s)
[660/1793] k=6 deg=2  369.5s  T0 . T1 . T2 . CS01 . CS02 . CS03 . CS04 . CS12 . CS13 . CS23 . CS45 . CCZ012 . CCZ013 . CCZ014 . CCZ023 . CCZ024 . CCZ034 . CCZ123 . CCZ145 . CCZ245 . CCZ345  (elapsed 68034s)
[661/1793] k=6 deg=2  372.7s  T0 . T1 . T2 . CS01 . CS02 . CS03 . CS04 . CS12 . CS15 . CS25 . CS35 . CS45 . CCZ012 . CCZ013 . CCZ014 . CCZ023 . CCZ024 . CCZ034 . CCZ125 . CCZ135 . CCZ145 . CCZ235 . CCZ245 . CCZ345  (elapsed 68063s)
[662/1793] k=6 deg=1    1.6s  T0 . T1 . T2 . CS01 . CS02 . CS03 . CS04 . CS15 . CS35 . CS45 . CCZ012 . CCZ013 . CCZ014 . CCZ023 . CCZ024 . CCZ034 . CCZ125 . CCZ135 . CCZ145 . CCZ235 . CCZ245 . CCZ345  (elapsed 68064s)
[663/1793] k=6 deg=1    3.5s  T0 . T1 . T2 . CS01 . CS02 . CS03 . CS12 . CS13 . CS23 . CS34 . CS35 . CS45 . CCZ012 . CCZ013 . CCZ023 . CCZ123 . CCZ345  (elapsed 68068s)
[664/1793] k=6 deg=2  372.9s  T0 . T1 . T2 . CS01 . CS02 . CS03 . CS04 . CS15 . CS25 . CCZ012 . CCZ013 . CCZ014 . CCZ023 . CCZ024 . CCZ034  (elapsed 68407s)
[665/1793] k=6 deg=2  386.0s  T0 . T1 . T2 . CS01 . CS02 . CS03 . CS12 . CS13 . CS23 . CS34 . CS45 . CCZ012 . CCZ013 . CCZ023 . CCZ123  (elapsed 68454s)
[666/1793] k=6 deg=2  385.6s  T0 . T1 . T2 . CS01 . CS02 . CS03 . CS12 . CS13 . CS23 . CS45 . CCZ012 . CCZ013 . CCZ023 . CCZ045 . CCZ123 . CCZ145 . CCZ245 . CCZ345  (elapsed 68793s)
[667/1793] k=6 deg=1    1.1s  T0 . T1 . T2 . CS01 . CS02 . CS03 . CS12 . CS13 . CS24 . CS25 . CCZ012 . CCZ013 . CCZ023 . CCZ123 . CCZ245  (elapsed 68794s)
[668/1793] k=6 deg=1    2.5s  T0 . T1 . T2 . CS01 . CS02 . CS03 . CS12 . CS13 . CS24 . CS25 . CS34 . CS35 . CCZ012 . CCZ013 . CCZ023 . CCZ123 . CCZ234 . CCZ235 . CCZ245 . CCZ345  (elapsed 68797s)
[669/1793] k=6 deg=2  374.1s  T0 . T1 . T2 . CS01 . CS02 . CS03 . CS12 . CS13 . CS23 . CS45 . CCZ012 . CCZ013 . CCZ023 . CCZ123 . CCZ345  (elapsed 68828s)
[670/1793] k=6 deg=2  372.2s  T0 . T1 . T2 . CS01 . CS02 . CS03 . CS12 . CS13 . CS24 . CS25 . CS34 . CS45 . CCZ012 . CCZ013 . CCZ023 . CCZ123 . CCZ234  (elapsed 69169s)
[671/1793] k=6 deg=1    1.4s  T0 . T1 . T2 . CS01 . CS02 . CS03 . CS12 . CS13 . CS25 . CS34 . CS45 . CCZ012 . CCZ013 . CCZ023 . CCZ123 . CCZ234 . CCZ245  (elapsed 69170s)
[672/1793] k=6 deg=2  370.7s  T0 . T1 . T2 . CS01 . CS02 . CS03 . CS12 . CS13 . CS24 . CS34 . CS35 . CS45 . CCZ012 . CCZ013 . CCZ023 . CCZ123 . CCZ234 . CCZ235 . CCZ245 . CCZ345  (elapsed 69199s)
[673/1793] k=6 deg=1    2.0s  T0 . T1 . T2 . CS01 . CS02 . CS03 . CS14 . CS15 . CS24 . CS25 . CCZ012 . CCZ013 . CCZ023 . CCZ145 . CCZ245  (elapsed 69201s)
[674/1793] k=6 deg=2  371.9s  T0 . T1 . T2 . CS01 . CS02 . CS03 . CS12 . CS14 . CS24 . CS35 . CS45 . CCZ012 . CCZ013 . CCZ023 . CCZ124 . CCZ135 . CCZ145 . CCZ235 . CCZ245  (elapsed 69542s)
[675/1793] k=6 deg=1    3.0s  T0 . T1 . T2 . CS01 . CS23 . CS34 . CS35 . CCZ345  (elapsed 69545s)
[676/1793] k=6 deg=1    2.2s  T0 . T1 . T2 . CS01 . CS34 . CS35 . CCZ234 . CCZ235 . CCZ345  (elapsed 69547s)
[677/1793] k=6 deg=2  372.0s  T0 . T1 . T2 . CS01 . CS02 . CS03 . CS14 . CS15 . CS25 . CS34 . CS45 . CCZ012 . CCZ013 . CCZ023 . CCZ124 . CCZ134 . CCZ234 . CCZ245  (elapsed 69573s)
[678/1793] k=6 deg=1    0.3s  T0 . T1 . T2 . T3 . CS01 . CS02 . CS03 . CS04 . CS05 . CS12 . CCZ012 . CCZ013 . CCZ014 . CCZ015 . CCZ023 . CCZ024 . CCZ025 . CCZ034 . CCZ035 . CCZ045  (elapsed 69573s)
[679/1793] k=6 deg=1    0.6s  T0 . T1 . T2 . T3 . CS01 . CS02 . CS03 . CS04 . CS05 . CS12 . CS13 . CS14 . CS15 . CCZ012 . CCZ013 . CCZ014 . CCZ015 . CCZ023 . CCZ024 . CCZ025 . CCZ034 . CCZ035 . CCZ045 . CCZ123 . CCZ124 . CCZ125 . CCZ134 . CCZ135 . CCZ145  (elapsed 69574s)
[680/1793] k=6 deg=2  382.3s  T0 . T1 . T2 . CS01 . CS34 . CS35 . CS45 . CCZ234 . CCZ235 . CCZ245  (elapsed 69930s)
[681/1793] k=6 deg=2  373.3s  T0 . T1 . T2 . T3 . CS01 . CS02 . CS03 . CS04 . CS05 . CS12 . CS13 . CS14 . CS15 . CS23 . CS24 . CS25 . CS34 . CCZ012 . CCZ013 . CCZ014 . CCZ015 . CCZ023 . CCZ024 . CCZ025 . CCZ034 . CCZ035 . CCZ045 . CCZ123 . CCZ124 . CCZ125 . CCZ134 . CCZ135 . CCZ145 . CCZ234 . CCZ235 . CCZ245  (elapsed 69947s)
[682/1793] k=6 deg=2  385.8s  T0 . T1 . T2 . T3 . CS01 . CS02 . CS03 . CS04 . CS05 . CS12 . CS13 . CS14 . CS15 . CS23 . CS24 . CS25 . CS34 . CS45 . CCZ012 . CCZ013 . CCZ014 . CCZ015 . CCZ023 . CCZ024 . CCZ025 . CCZ034 . CCZ035 . CCZ045 . CCZ123 . CCZ124 . CCZ125 . CCZ134 . CCZ135 . CCZ145 . CCZ234 . CCZ235 . CCZ245 . CCZ345  (elapsed 70316s)
[683/1793] k=6 deg=2  383.7s  T0 . T1 . T2 . T3 . CS01 . CS02 . CS03 . CS04 . CS05 . CS12 . CS13 . CS14 . CS15 . CS23 . CS24 . CS25 . CS34 . CS45 . CCZ012 . CCZ013 . CCZ014 . CCZ015 . CCZ023 . CCZ024 . CCZ025 . CCZ034 . CCZ123 . CCZ124 . CCZ125 . CCZ134 . CCZ234  (elapsed 70331s)
[684/1793] k=6 deg=2  372.0s  T0 . T1 . T2 . T3 . CS01 . CS02 . CS03 . CS04 . CS05 . CS12 . CS13 . CS14 . CS15 . CS23 . CS24 . CS34 . CCZ012 . CCZ013 . CCZ014 . CCZ015 . CCZ023 . CCZ024 . CCZ025 . CCZ034 . CCZ035 . CCZ045 . CCZ123 . CCZ124 . CCZ125 . CCZ134 . CCZ135 . CCZ145 . CCZ234  (elapsed 70688s)
[685/1793] k=6 deg=2  371.0s  T0 . T1 . T2 . T3 . CS01 . CS02 . CS03 . CS04 . CS05 . CS12 . CS13 . CS14 . CS15 . CS23 . CS24 . CS34 . CS45 . CCZ012 . CCZ013 . CCZ014 . CCZ015 . CCZ023 . CCZ024 . CCZ034 . CCZ123 . CCZ124 . CCZ134 . CCZ234  (elapsed 70702s)
[686/1793] k=6 deg=2  372.4s  T0 . T1 . T2 . T3 . CS01 . CS02 . CS03 . CS04 . CS05 . CS12 . CS13 . CS14 . CS23 . CS24 . CS34 . CCZ012 . CCZ013 . CCZ014 . CCZ015 . CCZ023 . CCZ024 . CCZ025 . CCZ034 . CCZ035 . CCZ045 . CCZ123 . CCZ124 . CCZ134 . CCZ234  (elapsed 71060s)
[687/1793] k=6 deg=1    0.1s  T0 . T1 . T2 . T3 . CS01 . CS02 . CS03 . CS04 . CS05 . CS12 . CS34 . CS45 . CCZ012 . CCZ034  (elapsed 71060s)
[688/1793] k=6 deg=1    3.0s  T0 . T1 . T2 . T3 . CS01 . CS02 . CS03 . CS04 . CS12 . CS13 . CS14 . CS23 . CS24 . CS35 . CCZ012 . CCZ013 . CCZ014 . CCZ023 . CCZ024 . CCZ034 . CCZ123 . CCZ124 . CCZ134 . CCZ234  (elapsed 71063s)
[689/1793] k=6 deg=2  371.9s  T0 . T1 . T2 . T3 . CS01 . CS02 . CS03 . CS04 . CS05 . CS12 . CS13 . CS14 . CS23 . CS24 . CS34 . CS45 . CCZ012 . CCZ013 . CCZ014 . CCZ023 . CCZ024 . CCZ034 . CCZ123 . CCZ124 . CCZ134 . CCZ234  (elapsed 71074s)
[690/1793] k=6 deg=2  373.5s  T0 . T1 . T2 . T3 . CS01 . CS02 . CS03 . CS04 . CS12 . CS13 . CS14 . CS23 . CS24 . CS35 . CS45 . CCZ012 . CCZ013 . CCZ014 . CCZ023 . CCZ024 . CCZ034 . CCZ123 . CCZ124 . CCZ134 . CCZ234 . CCZ345  (elapsed 71436s)
[691/1793] k=6 deg=1    0.9s  T0 . T1 . T2 . T3 . CS01 . CS02 . CS03 . CS04 . CS12 . CS13 . CS14 . CS23 . CS25 . CS35 . CS45 . CCZ012 . CCZ013 . CCZ014 . CCZ023 . CCZ024 . CCZ034 . CCZ123 . CCZ124 . CCZ134 . CCZ235 . CCZ245 . CCZ345  (elapsed 71437s)
[692/1793] k=6 deg=2  372.9s  T0 . T1 . T2 . T3 . CS01 . CS02 . CS03 . CS04 . CS12 . CS13 . CS14 . CS23 . CS25 . CS35 . CCZ012 . CCZ013 . CCZ014 . CCZ023 . CCZ024 . CCZ034 . CCZ123 . CCZ124 . CCZ134 . CCZ235  (elapsed 71447s)
[693/1793] k=6 deg=1    3.1s  T0 . T1 . T2 . T3 . CS01 . CS02 . CS03 . CS04 . CS12 . CS13 . CS14 . CS25 . CS35 . CCZ012 . CCZ013 . CCZ014 . CCZ025 . CCZ035 . CCZ125 . CCZ135  (elapsed 71450s)
[694/1793] k=6 deg=2  385.4s  T0 . T1 . T2 . T3 . CS01 . CS02 . CS03 . CS04 . CS12 . CS13 . CS14 . CS25 . CS35 . CCZ012 . CCZ013 . CCZ014 . CCZ023 . CCZ024 . CCZ034 . CCZ123 . CCZ124 . CCZ134  (elapsed 71823s)
[695/1793] k=6 deg=1    1.6s  T0 . T1 . T2 . T3 . CS01 . CS02 . CS03 . CS04 . CS12 . CS13 . CS15 . CS23 . CS25 . CS35 . CCZ012 . CCZ013 . CCZ014 . CCZ023 . CCZ024 . CCZ034 . CCZ123 . CCZ125 . CCZ135 . CCZ235  (elapsed 71824s)
[696/1793] k=6 deg=2  377.2s  T0 . T1 . T2 . T3 . CS01 . CS02 . CS03 . CS04 . CS12 . CS13 . CS14 . CS25 . CS45 . CCZ012 . CCZ013 . CCZ014 . CCZ023 . CCZ024 . CCZ034 . CCZ123 . CCZ124 . CCZ134 . CCZ235 . CCZ245 . CCZ345  (elapsed 71827s)
[697/1793] k=6 deg=2  372.2s  T0 . T1 . T2 . T3 . CS01 . CS02 . CS03 . CS04 . CS12 . CS13 . CS15 . CS23 . CS25 . CS35 . CS45 . CCZ012 . CCZ013 . CCZ014 . CCZ023 . CCZ024 . CCZ034 . CCZ123 . CCZ125 . CCZ135 . CCZ145 . CCZ235 . CCZ245 . CCZ345  (elapsed 72197s)
[698/1793] k=6 deg=2  372.8s  T0 . T1 . T2 . T3 . CS01 . CS02 . CS03 . CS04 . CS12 . CS15 . CS25 . CS35 . CCZ012 . CCZ013 . CCZ014 . CCZ023 . CCZ024 . CCZ034 . CCZ125  (elapsed 72200s)
[699/1793] k=6 deg=2  369.9s  T0 . T1 . T2 . T3 . CS01 . CS02 . CS03 . CS04 . CS12 . CS15 . CS25 . CS45 . CCZ012 . CCZ013 . CCZ014 . CCZ023 . CCZ024 . CCZ034 . CCZ125 . CCZ135 . CCZ145 . CCZ235 . CCZ245 . CCZ345  (elapsed 72567s)
[700/1793] k=6 deg=2  370.1s  T0 . T1 . T2 . T3 . CS01 . CS02 . CS03 . CS04 . CS12 . CS35 . CS45 . CCZ012 . CCZ013 . CCZ014 . CCZ023 . CCZ024 . CCZ034 . CCZ135 . CCZ145 . CCZ235 . CCZ245 . CCZ345  (elapsed 72570s)
[701/1793] k=6 deg=2  372.4s  T0 . T1 . T2 . T3 . CS01 . CS02 . CS03 . CS05 . CS12 . CS34 . CS45 . CCZ012 . CCZ034 . CCZ045  (elapsed 72939s)
[702/1793] k=6 deg=2  381.5s  T0 . T1 . T2 . T3 . CS01 . CS02 . CS12 . CS34 . CS35 . CS45 . CCZ012 . CCZ345  (elapsed 72951s)
[703/1793] k=6 deg=2  368.4s  T0 . T1 . T2 . T3 . CS01 . CS02 . CS12 . CS34 . CS45 . CCZ012  (elapsed 73307s)
[704/1793] k=6 deg=1    1.9s  T0 . T1 . T2 . T3 . T4 . CS01 . CS02 . CS03 . CS04 . CS05 . CS12 . CS13 . CS14 . CS15 . CS23 . CCZ012 . CCZ013 . CCZ014 . CCZ015 . CCZ023 . CCZ024 . CCZ025 . CCZ034 . CCZ035 . CCZ045 . CCZ123 . CCZ124 . CCZ125 . CCZ134 . CCZ135 . CCZ145  (elapsed 73309s)
[705/1793] k=6 deg=2  368.2s  T0 . T1 . T2 . T3 . CS01 . CS02 . CS12 . CS45 . CCZ012 . CCZ345  (elapsed 73320s)
[706/1793] k=6 deg=2  369.7s  T0 . T1 . T2 . T3 . T4 . CS01 . CS02 . CS03 . CS04 . CS05 . CS12 . CS13 . CS14 . CS15 . CS23 . CCZ012 . CCZ013 . CCZ014 . CCZ015 . CCZ023 . CCZ123  (elapsed 73679s)
[707/1793] k=6 deg=1    2.7s  T0 . T1 . T2 . T3 . T4 . CS01 . CS02 . CS03 . CS04 . CS05 . CS12 . CS13 . CS14 . CS15 . CS23 . CS24 . CS25 . CCZ012 . CCZ013 . CCZ014 . CCZ015 . CCZ023 . CCZ024 . CCZ025 . CCZ123 . CCZ124 . CCZ125  (elapsed 73682s)
[708/1793] k=6 deg=1    3.1s  T0 . T1 . T2 . T3 . T4 . CS01 . CS02 . CS03 . CS04 . CS05 . CS12 . CS13 . CS14 . CS15 . CS23 . CS45 . CCZ012 . CCZ013 . CCZ014 . CCZ015 . CCZ023 . CCZ045 . CCZ123 . CCZ145  (elapsed 73685s)
[709/1793] k=6 deg=1    2.4s  T0 . T1 . T2 . T3 . T4 . CS01 . CS02 . CS03 . CS04 . CS05 . CS12 . CS13 . CS23 . CCZ012 . CCZ013 . CCZ014 . CCZ015 . CCZ023 . CCZ024 . CCZ025 . CCZ034 . CCZ035 . CCZ045 . CCZ123  (elapsed 73687s)
[710/1793] k=6 deg=1    0.1s  T0 . T1 . T2 . T3 . T4 . CS01 . CS02 . CS03 . CS04 . CS05 . CS12 . CS13 . CS23 . CCZ012 . CCZ013 . CCZ023 . CCZ123  (elapsed 73687s)
[711/1793] k=6 deg=2  368.3s  T0 . T1 . T2 . T3 . T4 . CS01 . CS02 . CS03 . CS04 . CS05 . CS12 . CS13 . CS14 . CS15 . CS23 . CS24 . CS25 . CCZ012 . CCZ013 . CCZ014 . CCZ015 . CCZ023 . CCZ024 . CCZ025 . CCZ034 . CCZ035 . CCZ045 . CCZ123 . CCZ124 . CCZ125 . CCZ134 . CCZ135 . CCZ145 . CCZ234 . CCZ235 . CCZ245  (elapsed 73688s)
[712/1793] k=6 deg=2  367.2s  T0 . T1 . T2 . T3 . T4 . CS01 . CS02 . CS03 . CS04 . CS05 . CS12 . CS34 . CCZ012 . CCZ013 . CCZ014 . CCZ015 . CCZ023 . CCZ024 . CCZ025 . CCZ034 . CCZ035 . CCZ045  (elapsed 74055s)
[713/1793] k=6 deg=1    3.4s  T0 . T1 . T2 . T3 . T4 . CS01 . CS02 . CS03 . CS04 . CS05 . CS12 . CS34 . CCZ012 . CCZ034  (elapsed 74059s)
[714/1793] k=6 deg=2  372.1s  T0 . T1 . T2 . T3 . T4 . CS01 . CS02 . CS03 . CS04 . CS05 . CS12 . CS13 . CS23 . CS45 . CCZ012 . CCZ013 . CCZ023 . CCZ045 . CCZ123  (elapsed 74060s)
[715/1793] k=6 deg=1    1.4s  T0 . T1 . T2 . T3 . T4 . CS01 . CS02 . CS03 . CS05 . CS12 . CS34 . CCZ012 . CCZ034 . CCZ045  (elapsed 74060s)
[716/1793] k=6 deg=2  367.8s  T0 . T1 . T2 . T3 . T4 . CS01 . CS02 . CS03 . CS12 . CS13 . CS24 . CS25 . CS34 . CS45 . CCZ012 . CCZ013 . CCZ023 . CCZ123 . CCZ234 . CCZ235 . CCZ245 . CCZ345  (elapsed 74428s)
[717/1793] k=6 deg=2  371.4s  T0 . T1 . T2 . T3 . T4 . CS01 . CS02 . CS03 . CS12 . CS13 . CS24 . CS25 . CS34 . CS35 . CCZ012 . CCZ013 . CCZ023 . CCZ123 . CCZ234  (elapsed 74431s)
[718/1793] k=6 deg=2  366.9s  T0 . T1 . T2 . T3 . T4 . CS01 . CS02 . CS03 . CS12 . CS13 . CS25 . CS35 . CCZ012 . CCZ013 . CCZ023 . CCZ123 . CCZ234 . CCZ245 . CCZ345  (elapsed 74795s)
[719/1793] k=6 deg=2  369.6s  T0 . T1 . T2 . T3 . T4 . CS01 . CS02 . CS03 . CS12 . CS14 . CS24 . CS35 . CS45 . CCZ012 . CCZ013 . CCZ023 . CCZ124 . CCZ135 . CCZ145 . CCZ235 . CCZ245  (elapsed 74801s)
[720/1793] k=6 deg=2  372.6s  T0 . T1 . T2 . T3 . T4 . CS01 . CS02 . CS12 . CS34 . CS35 . CCZ012 . CCZ345  (elapsed 75173s)
[721/1793] k=6 deg=2  380.4s  T0 . T1 . T2 . T3 . T4 . CS01 . CS02 . CS03 . CS25 . CS35 . CCZ012 . CCZ013 . CCZ023 . CCZ123 . CCZ124 . CCZ125 . CCZ134 . CCZ135 . CCZ234 . CCZ245 . CCZ345  (elapsed 75175s)
[722/1793] k=6 deg=1    2.1s  T0 . T1 . T2 . T3 . T4 . CS01 . CS23 . CS45  (elapsed 75175s)
[723/1793] k=6 deg=1    2.0s  T0 . T1 . T2 . T3 . T4 . T5 . CS01 . CS02 . CS03 . CS04 . CS12 . CCZ012  (elapsed 75177s)
[724/1793] k=6 deg=2  372.6s  T0 . T1 . T2 . T3 . T4 . T5 . CS01 . CS02 . CS03 . CS04 . CS12 . CS13 . CS14 . CCZ012 . CCZ013 . CCZ014  (elapsed 75550s)
[725/1793] k=6 deg=2  382.6s  T0 . T1 . T2 . T3 . T4 . T5 . CS01 . CS02 . CS03 . CS04 . CS12 . CCZ012 . CCZ013 . CCZ014 . CCZ023 . CCZ024 . CCZ034 . CCZ134 . CCZ135 . CCZ145 . CCZ234 . CCZ235 . CCZ245 . CCZ345  (elapsed 75558s)
[726/1793] k=6 deg=2  366.4s  T0 . T1 . T2 . T3 . T4 . T5 . CS01 . CS02 . CS03 . CS04 . CS12 . CS13 . CS14 . CCZ012 . CCZ013 . CCZ014 . CCZ023 . CCZ024 . CCZ034 . CCZ123 . CCZ124 . CCZ134 . CCZ234 . CCZ235 . CCZ245 . CCZ345  (elapsed 75916s)
[727/1793] k=6 deg=2  365.7s  T0 . T1 . T2 . T3 . T4 . T5 . CS01 . CS02 . CS03 . CS04 . CS12 . CS13 . CS14 . CS23 . CCZ012 . CCZ013 . CCZ014 . CCZ023 . CCZ024 . CCZ034 . CCZ123 . CCZ124 . CCZ134 . CCZ245 . CCZ345  (elapsed 75924s)
[728/1793] k=6 deg=2  368.7s  T0 . T1 . T2 . T3 . T4 . T5 . CS01 . CS02 . CS03 . CS04 . CS12 . CS13 . CS14 . CS23 . CCZ012 . CCZ013 . CCZ014 . CCZ023 . CCZ123  (elapsed 76285s)
[729/1793] k=6 deg=1    0.8s  T0 . T1 . T2 . T3 . T4 . T5 . CS01 . CS02 . CS03 . CS04 . CS12 . CS13 . CS14 . CS23 . CS24 . CCZ012 . CCZ013 . CCZ014 . CCZ023 . CCZ024 . CCZ123 . CCZ124  (elapsed 76286s)
[730/1793] k=6 deg=2  369.0s  T0 . T1 . T2 . T3 . T4 . T5 . CS01 . CS02 . CS03 . CS04 . CS12 . CS13 . CS14 . CS23 . CS24 . CCZ012 . CCZ013 . CCZ014 . CCZ023 . CCZ024 . CCZ034 . CCZ123 . CCZ124 . CCZ134 . CCZ234 . CCZ345  (elapsed 76293s)
[731/1793] k=6 deg=1    1.7s  T0 . T1 . T2 . T3 . T4 . T5 . CS01 . CS02 . CS03 . CS04 . CS12 . CS13 . CS14 . CS23 . CS24 . CS35 . CS45 . CCZ012 . CCZ013 . CCZ014 . CCZ023 . CCZ024 . CCZ034 . CCZ123 . CCZ124 . CCZ134 . CCZ234 . CCZ345  (elapsed 76294s)
[732/1793] k=6 deg=1    3.0s  T0 . T1 . T2 . T3 . T4 . T5 . CS01 . CS02 . CS03 . CS04 . CS12 . CS13 . CS14 . CS23 . CS25 . CS35 . CCZ012 . CCZ013 . CCZ014 . CCZ023 . CCZ024 . CCZ034 . CCZ123 . CCZ124 . CCZ134 . CCZ235  (elapsed 76298s)
[733/1793] k=6 deg=2  366.2s  T0 . T1 . T2 . T3 . T4 . T5 . CS01 . CS02 . CS03 . CS04 . CS12 . CS13 . CS14 . CS23 . CS24 . CS35 . CCZ012 . CCZ013 . CCZ014 . CCZ023 . CCZ024 . CCZ034 . CCZ123 . CCZ124 . CCZ134 . CCZ234  (elapsed 76652s)
[734/1793] k=6 deg=1    0.6s  T0 . T1 . T2 . T3 . T4 . T5 . CS01 . CS02 . CS03 . CS04 . CS12 . CS13 . CS14 . CS23 . CS45 . CCZ012 . CCZ013 . CCZ014 . CCZ023 . CCZ024 . CCZ034 . CCZ123 . CCZ124 . CCZ134  (elapsed 76653s)
[735/1793] k=6 deg=2  365.4s  T0 . T1 . T2 . T3 . T4 . T5 . CS01 . CS02 . CS03 . CS04 . CS12 . CS13 . CS14 . CS23 . CS25 . CS35 . CS45 . CCZ012 . CCZ013 . CCZ014 . CCZ023 . CCZ024 . CCZ034 . CCZ123 . CCZ124 . CCZ134 . CCZ235 . CCZ245 . CCZ345  (elapsed 76663s)
[736/1793] k=6 deg=1    2.8s  T0 . T1 . T2 . T3 . T4 . T5 . CS01 . CS02 . CS03 . CS04 . CS12 . CS13 . CS14 . CS25 . CS35 . CCZ012 . CCZ013 . CCZ014 . CCZ023 . CCZ024 . CCZ034 . CCZ123 . CCZ124 . CCZ134 . CCZ234 . CCZ235  (elapsed 76666s)
[737/1793] k=6 deg=1    0.0s  T0 . T1 . T2 . T3 . T4 . T5 . CS01 . CS02 . CS03 . CS04 . CS12 . CS13 . CS14 . CS25 . CS35 . CCZ012 . CCZ013 . CCZ014 . CCZ025 . CCZ035 . CCZ125 . CCZ135  (elapsed 76666s)
[738/1793] k=6 deg=1    1.6s  T0 . T1 . T2 . T3 . T4 . T5 . CS01 . CS02 . CS03 . CS04 . CS12 . CS13 . CS15 . CS23 . CS25 . CS35 . CCZ012 . CCZ013 . CCZ014 . CCZ023 . CCZ024 . CCZ034 . CCZ123 . CCZ125 . CCZ135 . CCZ235  (elapsed 76667s)
[739/1793] k=6 deg=2  391.6s  T0 . T1 . T2 . T3 . T4 . T5 . CS01 . CS02 . CS03 . CS04 . CS12 . CS13 . CS14 . CS23 . CS45 . CCZ012 . CCZ013 . CCZ014 . CCZ023 . CCZ045 . CCZ123 . CCZ145  (elapsed 77044s)
[740/1793] k=6 deg=1    1.0s  T0 . T1 . T2 . T3 . T4 . T5 . CS01 . CS02 . CS03 . CS04 . CS12 . CS13 . CS23 . CCZ012 . CCZ013 . CCZ014 . CCZ023 . CCZ024 . CCZ034 . CCZ123 . CCZ145 . CCZ245 . CCZ345  (elapsed 77045s)
[741/1793] k=6 deg=2  382.6s  T0 . T1 . T2 . T3 . T4 . T5 . CS01 . CS02 . CS03 . CS04 . CS12 . CS13 . CS15 . CS23 . CS25 . CS35 . CS45 . CCZ012 . CCZ013 . CCZ014 . CCZ023 . CCZ024 . CCZ034 . CCZ123 . CCZ125 . CCZ135 . CCZ145 . CCZ235 . CCZ245 . CCZ345  (elapsed 77050s)
[742/1793] k=6 deg=2  368.7s  T0 . T1 . T2 . T3 . T4 . T5 . CS01 . CS02 . CS03 . CS04 . CS12 . CS13 . CS23 . CCZ012 . CCZ013 . CCZ023 . CCZ123  (elapsed 77414s)
[743/1793] k=6 deg=1    0.4s  T0 . T1 . T2 . T3 . T4 . T5 . CS01 . CS02 . CS03 . CS04 . CS12 . CS13 . CS23 . CS45 . CCZ012 . CCZ013 . CCZ023 . CCZ045 . CCZ123  (elapsed 77414s)
[744/1793] k=6 deg=2  367.4s  T0 . T1 . T2 . T3 . T4 . T5 . CS01 . CS02 . CS03 . CS04 . CS12 . CS13 . CS23 . CS45 . CCZ012 . CCZ013 . CCZ014 . CCZ023 . CCZ024 . CCZ034 . CCZ123  (elapsed 77417s)
[745/1793] k=6 deg=1    1.3s  T0 . T1 . T2 . T3 . T4 . T5 . CS01 . CS02 . CS03 . CS04 . CS12 . CS15 . CS25 . CS34 . CS35 . CS45 . CCZ012 . CCZ013 . CCZ014 . CCZ023 . CCZ024 . CCZ034 . CCZ125 . CCZ135 . CCZ145 . CCZ235 . CCZ245 . CCZ345  (elapsed 77419s)
[746/1793] k=6 deg=2  366.6s  T0 . T1 . T2 . T3 . T4 . T5 . CS01 . CS02 . CS03 . CS04 . CS12 . CS15 . CS25 . CS34 . CCZ012 . CCZ013 . CCZ014 . CCZ023 . CCZ024 . CCZ034 . CCZ125  (elapsed 77781s)
[747/1793] k=6 deg=1    2.7s  T0 . T1 . T2 . T3 . T4 . T5 . CS01 . CS02 . CS03 . CS04 . CS12 . CS34 . CCZ012 . CCZ013 . CCZ014 . CCZ023 . CCZ024 . CCZ034 . CCZ135 . CCZ145 . CCZ235 . CCZ245  (elapsed 77784s)
[748/1793] k=6 deg=2  367.2s  T0 . T1 . T2 . T3 . T4 . T5 . CS01 . CS02 . CS03 . CS04 . CS12 . CS15 . CS25 . CS35 . CCZ012 . CCZ013 . CCZ014 . CCZ023 . CCZ024 . CCZ034 . CCZ125 . CCZ134 . CCZ135 . CCZ234 . CCZ235  (elapsed 77786s)
[749/1793] k=6 deg=1    0.3s  T0 . T1 . T2 . T3 . T4 . T5 . CS01 . CS02 . CS03 . CS04 . CS12 . CS35 . CS45 . CCZ012 . CCZ013 . CCZ014 . CCZ023 . CCZ024 . CCZ034 . CCZ134 . CCZ234 . CCZ345  (elapsed 77786s)
[750/1793] k=6 deg=2  366.3s  T0 . T1 . T2 . T3 . T4 . T5 . CS01 . CS02 . CS03 . CS04 . CS12 . CS34 . CCZ012 . CCZ034  (elapsed 78150s)
[751/1793] k=6 deg=1    3.1s  T0 . T1 . T2 . T3 . T4 . T5 . CS01 . CS02 . CS03 . CS12 . CS13 . CS24 . CS25 . CS34 . CCZ012 . CCZ013 . CCZ023 . CCZ123 . CCZ234  (elapsed 78153s)
[752/1793] k=6 deg=2  368.1s  T0 . T1 . T2 . T3 . T4 . T5 . CS01 . CS02 . CS03 . CS05 . CS12 . CS34 . CS45 . CCZ012 . CCZ034 . CCZ045  (elapsed 78154s)
[753/1793] k=6 deg=2  378.3s  T0 . T1 . T2 . T3 . T4 . T5 . CS01 . CS02 . CS03 . CS12 . CS13 . CS24 . CS25 . CS34 . CS35 . CS45 . CCZ012 . CCZ013 . CCZ023 . CCZ123 . CCZ234 . CCZ235 . CCZ245 . CCZ345  (elapsed 78532s)
[754/1793] k=6 deg=1    1.3s  T0 . T1 . T2 . T3 . T4 . T5 . CS01 . CS02 . CS03 . CS12 . CS13 . CS24 . CS34 . CS45 . CCZ012 . CCZ013 . CCZ023 . CCZ123 . CCZ234 . CCZ235 . CCZ245 . CCZ345  (elapsed 78533s)
[755/1793] k=6 deg=2  379.8s  T0 . T1 . T2 . T3 . T4 . T5 . CS01 . CS02 . CS03 . CS12 . CS13 . CS24 . CS25 . CS45 . CCZ012 . CCZ013 . CCZ023 . CCZ123 . CCZ245  (elapsed 78534s)
[756/1793] k=6 deg=2  367.6s  T0 . T1 . T2 . T3 . T4 . T5 . CS01 . CS02 . CS03 . CS12 . CS13 . CS25 . CS45 . CCZ012 . CCZ013 . CCZ023 . CCZ123 . CCZ234 . CCZ245  (elapsed 78902s)
[757/1793] k=6 deg=2  369.9s  T0 . T1 . T2 . T3 . T4 . T5 . CS01 . CS02 . CS03 . CS12 . CS13 . CS24 . CS35 . CCZ012 . CCZ013 . CCZ023 . CCZ123  (elapsed 78903s)
[758/1793] k=6 deg=2  369.0s  T0 . T1 . T2 . T3 . T4 . T5 . CS01 . CS02 . CS03 . CS12 . CS13 . CS45 . CCZ012 . CCZ013  (elapsed 79271s)
[759/1793] k=6 deg=2  370.4s  T0 . T1 . T2 . T3 . T4 . T5 . CS01 . CS02 . CS03 . CS12 . CS13 . CS45 . CCZ012 . CCZ013 . CCZ023 . CCZ123 . CCZ234 . CCZ235  (elapsed 79273s)
[760/1793] k=6 deg=1    0.5s  T0 . T1 . T2 . T3 . T4 . T5 . CS01 . CS02 . CS03 . CS12 . CS14 . CS24 . CS35 . CCZ012 . CCZ013 . CCZ023 . CCZ124  (elapsed 79274s)
[761/1793] k=6 deg=1    0.3s  T0 . T1 . T2 . T3 . T4 . T5 . CS01 . CS02 . CS03 . CS12 . CS14 . CS24 . CS45 . CCZ012 . CCZ013 . CCZ023 . CCZ124 . CCZ135 . CCZ145 . CCZ235 . CCZ245  (elapsed 79274s)
[762/1793] k=6 deg=2  368.8s  T0 . T1 . T2 . T3 . T4 . T5 . CS01 . CS02 . CS03 . CS12 . CS14 . CS24 . CS34 . CS35 . CCZ012 . CCZ013 . CCZ023 . CCZ124 . CCZ134 . CCZ234  (elapsed 79640s)
[763/1793] k=6 deg=2  366.6s  T0 . T1 . T2 . T3 . T4 . T5 . CS01 . CS02 . CS03 . CS12 . CS34 . CS35 . CS45 . CCZ012 . CCZ013 . CCZ023 . CCZ345  (elapsed 79641s)
[764/1793] k=6 deg=1    1.1s  T0 . T1 . T2 . T3 . T4 . T5 . CS01 . CS02 . CS03 . CS12 . CS34 . CS45 . CCZ012 . CCZ034  (elapsed 79641s)
[765/1793] k=6 deg=1    2.1s  T0 . T1 . T2 . T3 . T4 . T5 . CS01 . CS02 . CS03 . CS12 . CS45 . CCZ012  (elapsed 79643s)
[766/1793] k=6 deg=2  365.0s  T0 . T1 . T2 . T3 . T4 . T5 . CS01 . CS02 . CS03 . CS12 . CS35 . CS45 . CCZ012 . CCZ013 . CCZ023 . CCZ134 . CCZ234 . CCZ345  (elapsed 80006s)
[767/1793] k=6 deg=1    2.4s  T0 . T1 . T2 . T3 . T4 . T5 . CS01 . CS02 . CS03 . CS14 . CS15 . CS24 . CS35 . CCZ012 . CCZ013 . CCZ023 . CCZ123 . CCZ124 . CCZ135  (elapsed 80008s)
[768/1793] k=6 deg=2  365.7s  T0 . T1 . T2 . T3 . T4 . T5 . CS01 . CS02 . CS03 . CS12 . CS45 . CCZ012 . CCZ013 . CCZ023 . CCZ134 . CCZ135 . CCZ234 . CCZ235  (elapsed 80009s)
[769/1793] k=6 deg=2  365.4s  T0 . T1 . T2 . T3 . T4 . T5 . CS01 . CS02 . CS03 . CS45  (elapsed 80374s)
[770/1793] k=6 deg=2  367.3s  T0 . T1 . T2 . T3 . T4 . T5 . CS01 . CS02 . CS03 . CS15 . CS25 . CS45 . CCZ012 . CCZ013 . CCZ023 . CCZ123 . CCZ124 . CCZ125 . CCZ134 . CCZ145 . CCZ234 . CCZ245  (elapsed 80375s)
[771/1793] k=6 deg=2  371.3s  T0 . T1 . T2 . T3 . T4 . T5 . CS01 . CS02 . CS12 . CCZ012  (elapsed 80747s)
[772/1793] k=6 deg=1    2.7s  T0 . T1 . T2 . T3 . T4 . T5 . CS01 . CS02 . CS12 . CCZ012 . CCZ034 . CCZ035 . CCZ045 . CCZ134 . CCZ135 . CCZ145 . CCZ234 . CCZ235 . CCZ245 . CCZ345  (elapsed 80749s)
[773/1793] k=6 deg=2  378.4s  T0 . T1 . T2 . T3 . T4 . T5 . CS01 . CS02 . CS03 . CS45 . CCZ012 . CCZ013 . CCZ023 . CCZ123 . CCZ124 . CCZ125 . CCZ134 . CCZ135 . CCZ234 . CCZ235  (elapsed 80753s)
[774/1793] k=6 deg=1    3.5s  T0 . T1 . T2 . T3 . T4 . T5 . CS01 . CS02 . CS12 . CS35 . CS45 . CCZ012 . CCZ034 . CCZ134 . CCZ234 . CCZ345  (elapsed 80756s)
[775/1793] k=6 deg=1    3.1s  T0 . T1 . T2 . T3 . T4 . T5 . CS01 . CS02 . CS13 . CS14 . CS23 . CS25 . CCZ012 . CCZ123  (elapsed 80759s)
[776/1793] k=6 deg=2  367.4s  T0 . T1 . T2 . T3 . T4 . T5 . CS01 . CS02 . CS12 . CS34 . CS35 . CCZ012  (elapsed 81117s)
[777/1793] k=6 deg=2  369.0s  T0 . T1 . T2 . T3 . T4 . T5 . CS01 . CS02 . CS14 . CS25 . CS34 . CS35 . CCZ012 . CCZ123 . CCZ134 . CCZ235  (elapsed 81128s)
[778/1793] k=6 deg=2  367.2s  T0 . T1 . T2 . T3 . T4 . T5 . CS01 . CS23  (elapsed 81484s)
[779/1793] k=6 deg=1    2.2s  T0 . T1 . T2 . T3 . T5 . CS01 . CS02 . CS03 . CS04 . CS05 . CS12 . CS13 . CS14 . CS15 . CS23 . CS24 . CS25 . CS34 . CCZ012 . CCZ013 . CCZ014 . CCZ015 . CCZ023 . CCZ024 . CCZ025 . CCZ034 . CCZ035 . CCZ045 . CCZ123 . CCZ124 . CCZ125 . CCZ134 . CCZ135 . CCZ145 . CCZ234 . CCZ235 . CCZ245 . CCZ345  (elapsed 81486s)
[780/1793] k=6 deg=2  368.6s  T0 . T1 . T2 . T3 . T4 . T5 . CS01 . CS45 . CCZ023 . CCZ024 . CCZ025 . CCZ034 . CCZ035 . CCZ123 . CCZ124 . CCZ125 . CCZ134 . CCZ135 . CCZ234 . CCZ235  (elapsed 81497s)
[781/1793] k=6 deg=1    1.1s  T0 . T1 . T2 . T3 . T5 . CS01 . CS02 . CS03 . CS04 . CS05 . CS12 . CS13 . CS14 . CS15 . CS23 . CS24 . CS25 . CS34 . CS45 . CCZ012 . CCZ013 . CCZ014 . CCZ015 . CCZ023 . CCZ024 . CCZ025 . CCZ034 . CCZ035 . CCZ045 . CCZ123 . CCZ124 . CCZ125 . CCZ134 . CCZ135 . CCZ145 . CCZ234 . CCZ235 . CCZ245  (elapsed 81498s)
[782/1793] k=6 deg=2  367.8s  T0 . T1 . T2 . T3 . T5 . CS01 . CS02 . CS03 . CS04 . CS05 . CS12 . CS13 . CS14 . CS15 . CS23 . CS24 . CS25 . CS34 . CCZ012 . CCZ013 . CCZ014 . CCZ015 . CCZ023 . CCZ024 . CCZ025 . CCZ034 . CCZ123 . CCZ124 . CCZ125 . CCZ134 . CCZ234  (elapsed 81854s)
[783/1793] k=6 deg=2  367.6s  T0 . T1 . T2 . T3 . T5 . CS01 . CS02 . CS03 . CS04 . CS05 . CS12 . CS13 . CS14 . CS15 . CS23 . CS24 . CS34 . CCZ012 . CCZ013 . CCZ014 . CCZ015 . CCZ023 . CCZ024 . CCZ034 . CCZ123 . CCZ124 . CCZ134 . CCZ234  (elapsed 81866s)
[784/1793] k=6 deg=2  377.9s  T0 . T1 . T2 . T3 . T5 . CS01 . CS02 . CS03 . CS04 . CS05 . CS12 . CS13 . CS14 . CS15 . CS23 . CS24 . CS34 . CS45 . CCZ012 . CCZ013 . CCZ014 . CCZ015 . CCZ023 . CCZ024 . CCZ025 . CCZ034 . CCZ035 . CCZ045 . CCZ123 . CCZ124 . CCZ125 . CCZ134 . CCZ135 . CCZ145 . CCZ234  (elapsed 82232s)
[785/1793] k=6 deg=2  367.3s  T0 . T1 . T2 . T3 . T5 . CS01 . CS02 . CS03 . CS04 . CS05 . CS12 . CS13 . CS14 . CS23 . CS24 . CS34 . CCZ012 . CCZ013 . CCZ014 . CCZ023 . CCZ024 . CCZ034 . CCZ123 . CCZ124 . CCZ134 . CCZ234  (elapsed 82233s)
[786/1793] k=6 deg=1    3.5s  T0 . T1 . T2 . T3 . T5 . CS01 . CS02 . CS03 . CS04 . CS05 . CS12 . CS13 . CS14 . CS23 . CS24 . CS34 . CS45 . CCZ012 . CCZ013 . CCZ014 . CCZ015 . CCZ023 . CCZ024 . CCZ025 . CCZ034 . CCZ035 . CCZ045 . CCZ123 . CCZ124 . CCZ134 . CCZ234  (elapsed 82236s)
[787/1793] k=6 deg=2  368.4s  T0 . T1 . T2 . T3 . T5 . CS01 . CS02 . CS03 . CS04 . CS12 . CS13 . CS14 . CS23 . CCZ012 . CCZ013 . CCZ014 . CCZ023 . CCZ024 . CCZ034 . CCZ123 . CCZ124 . CCZ134  (elapsed 82604s)
[788/1793] k=6 deg=1    1.9s  T0 . T1 . T2 . T3 . T5 . CS01 . CS02 . CS03 . CS04 . CS12 . CS13 . CS14 . CS23 . CCZ012 . CCZ013 . CCZ014 . CCZ023 . CCZ045 . CCZ123 . CCZ145  (elapsed 82606s)
[789/1793] k=6 deg=2  379.1s  T0 . T1 . T2 . T3 . T5 . CS01 . CS02 . CS03 . CS04 . CS05 . CS12 . CS34 . CCZ012 . CCZ034  (elapsed 82612s)
[790/1793] k=6 deg=2  364.8s  T0 . T1 . T2 . T3 . T5 . CS01 . CS02 . CS03 . CS04 . CS12 . CS13 . CS14 . CS23 . CS24 . CCZ012 . CCZ013 . CCZ014 . CCZ023 . CCZ024 . CCZ034 . CCZ123 . CCZ124 . CCZ134 . CCZ234  (elapsed 82971s)
[791/1793] k=6 deg=1    1.5s  T0 . T1 . T2 . T3 . T5 . CS01 . CS02 . CS03 . CS04 . CS12 . CS13 . CS14 . CS23 . CS24 . CS45 . CCZ012 . CCZ013 . CCZ014 . CCZ023 . CCZ024 . CCZ123 . CCZ124  (elapsed 82972s)
[792/1793] k=6 deg=2  367.2s  T0 . T1 . T2 . T3 . T5 . CS01 . CS02 . CS03 . CS04 . CS12 . CS13 . CS14 . CS23 . CS24 . CS45 . CCZ012 . CCZ013 . CCZ014 . CCZ023 . CCZ024 . CCZ034 . CCZ123 . CCZ124 . CCZ134 . CCZ234 . CCZ345  (elapsed 82979s)
[793/1793] k=6 deg=2  364.7s  T0 . T1 . T2 . T3 . T5 . CS01 . CS02 . CS03 . CS04 . CS12 . CS13 . CS14 . CS23 . CS45 . CCZ012 . CCZ013 . CCZ014 . CCZ023 . CCZ024 . CCZ034 . CCZ123 . CCZ124 . CCZ134 . CCZ245 . CCZ345  (elapsed 83337s)
[794/1793] k=6 deg=2  364.8s  T0 . T1 . T2 . T3 . T5 . CS01 . CS02 . CS03 . CS04 . CS12 . CS13 . CS14 . CS23 . CS45 . CCZ012 . CCZ013 . CCZ014 . CCZ023 . CCZ123  (elapsed 83344s)
[795/1793] k=6 deg=2  364.7s  T0 . T1 . T2 . T3 . T5 . CS01 . CS02 . CS03 . CS04 . CS12 . CS13 . CS14 . CS25 . CCZ012 . CCZ013 . CCZ014 . CCZ023 . CCZ024 . CCZ034 . CCZ123 . CCZ124 . CCZ134  (elapsed 83702s)
[796/1793] k=6 deg=1    3.1s  T0 . T1 . T2 . T3 . T5 . CS01 . CS02 . CS03 . CS04 . CS12 . CS13 . CS14 . CS25 . CS35 . CS45 . CCZ012 . CCZ013 . CCZ014 . CCZ025 . CCZ035 . CCZ125 . CCZ135  (elapsed 83705s)
[797/1793] k=6 deg=1    0.6s  T0 . T1 . T2 . T3 . T5 . CS01 . CS02 . CS03 . CS04 . CS12 . CS13 . CS14 . CS45 . CCZ012 . CCZ013 . CCZ014  (elapsed 83706s)
[798/1793] k=6 deg=1    1.3s  T0 . T1 . T2 . T3 . T5 . CS01 . CS02 . CS03 . CS04 . CS12 . CS13 . CS14 . CS45 . CCZ012 . CCZ013 . CCZ014 . CCZ023 . CCZ024 . CCZ034 . CCZ123 . CCZ124 . CCZ134 . CCZ235 . CCZ245 . CCZ345  (elapsed 83707s)
[799/1793] k=6 deg=1    0.3s  T0 . T1 . T2 . T3 . T5 . CS01 . CS02 . CS03 . CS04 . CS12 . CS13 . CS23 . CCZ012 . CCZ013 . CCZ014 . CCZ023 . CCZ024 . CCZ034 . CCZ123  (elapsed 83707s)
[800/1793] k=6 deg=1    0.5s  T0 . T1 . T2 . T3 . T5 . CS01 . CS02 . CS03 . CS04 . CS12 . CS13 . CS23 . CCZ012 . CCZ013 . CCZ023 . CCZ045 . CCZ123  (elapsed 83708s)
[801/1793] k=6 deg=2  367.2s  T0 . T1 . T2 . T3 . T5 . CS01 . CS02 . CS03 . CS04 . CS12 . CS13 . CS14 . CS25 . CS35 . CS45 . CCZ012 . CCZ013 . CCZ014 . CCZ023 . CCZ024 . CCZ034 . CCZ123 . CCZ124 . CCZ134 . CCZ235 . CCZ245 . CCZ345  (elapsed 83711s)
[802/1793] k=6 deg=2  364.6s  T0 . T1 . T2 . T3 . T5 . CS01 . CS02 . CS03 . CS04 . CS12 . CS13 . CS23 . CS45 . CCZ012 . CCZ013 . CCZ014 . CCZ023 . CCZ024 . CCZ034 . CCZ123 . CCZ145 . CCZ245 . CCZ345  (elapsed 84072s)
[803/1793] k=6 deg=2  365.3s  T0 . T1 . T2 . T3 . T5 . CS01 . CS02 . CS03 . CS04 . CS12 . CS13 . CS23 . CS45 . CCZ012 . CCZ013 . CCZ023 . CCZ123  (elapsed 84077s)
[804/1793] k=6 deg=2  364.2s  T0 . T1 . T2 . T3 . T5 . CS01 . CS02 . CS03 . CS04 . CS12 . CS15 . CS25 . CCZ012 . CCZ013 . CCZ014 . CCZ023 . CCZ024 . CCZ034 . CCZ125  (elapsed 84436s)
[805/1793] k=6 deg=2  364.3s  T0 . T1 . T2 . T3 . T5 . CS01 . CS02 . CS03 . CS04 . CS12 . CS15 . CS25 . CS35 . CS45 . CCZ012 . CCZ013 . CCZ014 . CCZ023 . CCZ024 . CCZ034 . CCZ125 . CCZ135 . CCZ145 . CCZ235 . CCZ245 . CCZ345  (elapsed 84441s)
[806/1793] k=6 deg=2  367.4s  T0 . T1 . T2 . T3 . T5 . CS01 . CS02 . CS03 . CS04 . CS12 . CS34 . CS45 . CCZ012 . CCZ034  (elapsed 84804s)
[807/1793] k=6 deg=2  364.2s  T0 . T1 . T2 . T3 . T5 . CS01 . CS02 . CS03 . CS04 . CS12 . CS35 . CCZ012 . CCZ013 . CCZ014 . CCZ023 . CCZ024 . CCZ034  (elapsed 84805s)
[808/1793] k=6 deg=1    2.4s  T0 . T1 . T2 . T3 . T5 . CS01 . CS02 . CS03 . CS04 . CS12 . CS45 . CCZ012  (elapsed 84806s)
[809/1793] k=6 deg=1    0.6s  T0 . T1 . T2 . T3 . T5 . CS01 . CS02 . CS03 . CS12 . CS13 . CS24 . CCZ012 . CCZ013 . CCZ023 . CCZ123 . CCZ234 . CCZ235 . CCZ245  (elapsed 84807s)
[810/1793] k=6 deg=2  363.9s  T0 . T1 . T2 . T3 . T5 . CS01 . CS02 . CS03 . CS04 . CS12 . CS45 . CCZ012 . CCZ013 . CCZ014 . CCZ023 . CCZ024 . CCZ034 . CCZ135 . CCZ145 . CCZ235 . CCZ245 . CCZ345  (elapsed 85169s)
[811/1793] k=6 deg=2  366.4s  T0 . T1 . T2 . T3 . T5 . CS01 . CS02 . CS03 . CS12 . CS13 . CS24 . CS25 . CCZ012 . CCZ013 . CCZ023 . CCZ123 . CCZ234  (elapsed 85173s)
[812/1793] k=6 deg=2  369.1s  T0 . T1 . T2 . T3 . T5 . CS01 . CS02 . CS03 . CS12 . CS13 . CS24 . CS35 . CS45 . CCZ012 . CCZ013 . CCZ023 . CCZ123 . CCZ234 . CCZ345  (elapsed 85542s)
[813/1793] k=6 deg=1    0.7s  T0 . T1 . T2 . T3 . T5 . CS01 . CS02 . CS03 . CS12 . CS14 . CS24 . CS34 . CCZ012 . CCZ013 . CCZ023 . CCZ124 . CCZ135 . CCZ145 . CCZ235 . CCZ245 . CCZ345  (elapsed 85543s)
[814/1793] k=6 deg=1    0.5s  T0 . T1 . T2 . T3 . T5 . CS01 . CS02 . CS03 . CS12 . CS14 . CS24 . CS34 . CS35 . CS45 . CCZ012 . CCZ013 . CCZ023 . CCZ124 . CCZ345  (elapsed 85544s)
[815/1793] k=6 deg=2  379.1s  T0 . T1 . T2 . T3 . T5 . CS01 . CS02 . CS03 . CS12 . CS13 . CS24 . CS25 . CS34 . CS45 . CCZ012 . CCZ013 . CCZ023 . CCZ123 . CCZ245  (elapsed 85548s)
[816/1793] k=6 deg=2  365.0s  T0 . T1 . T2 . T3 . T5 . CS01 . CS02 . CS03 . CS12 . CS14 . CS24 . CS35 . CS45 . CCZ012 . CCZ013 . CCZ023 . CCZ124 . CCZ134 . CCZ234 . CCZ345  (elapsed 85909s)
[817/1793] k=6 deg=2  364.3s  T0 . T1 . T2 . T3 . T5 . CS01 . CS02 . CS03 . CS12 . CS34 . CCZ012 . CCZ034  (elapsed 85913s)
[818/1793] k=6 deg=1    0.1s  T0 . T1 . T2 . T3 . T5 . CS01 . CS02 . CS03 . CS24 . CS25 . CS34 . CS35 . CCZ012 . CCZ013 . CCZ023 . CCZ123 . CCZ124 . CCZ134 . CCZ235  (elapsed 85913s)
[819/1793] k=6 deg=1    1.0s  T0 . T1 . T2 . T3 . T5 . CS01 . CS02 . CS12 . CS34 . CCZ012  (elapsed 85914s)
[820/1793] k=6 deg=2  365.6s  T0 . T1 . T2 . T3 . T5 . CS01 . CS02 . CS03 . CS12 . CS34 . CS35 . CCZ012 . CCZ013 . CCZ023 . CCZ134 . CCZ234  (elapsed 86274s)
[821/1793] k=6 deg=2  365.3s  T0 . T1 . T2 . T4 . CS01 . CS02 . CS03 . CS04 . CS05 . CS12 . CS13 . CS14 . CS15 . CS23 . CS24 . CS25 . CS34 . CCZ012 . CCZ013 . CCZ014 . CCZ015 . CCZ023 . CCZ024 . CCZ025 . CCZ034 . CCZ035 . CCZ123 . CCZ124 . CCZ125 . CCZ134 . CCZ135 . CCZ234 . CCZ235  (elapsed 86279s)
[822/1793] k=6 deg=1    2.6s  T0 . T1 . T2 . T4 . CS01 . CS02 . CS03 . CS04 . CS05 . CS12 . CS13 . CS14 . CS15 . CS23 . CS34 . CCZ012 . CCZ013 . CCZ014 . CCZ015 . CCZ023 . CCZ024 . CCZ025 . CCZ034 . CCZ035 . CCZ045 . CCZ123 . CCZ124 . CCZ125 . CCZ134 . CCZ135 . CCZ145  (elapsed 86282s)
[823/1793] k=6 deg=2  365.3s  T0 . T1 . T2 . T4 . CS01 . CS02 . CS03 . CS04 . CS05 . CS12 . CS13 . CS23 . CS34 . CCZ012 . CCZ013 . CCZ014 . CCZ015 . CCZ023 . CCZ024 . CCZ025 . CCZ034 . CCZ035 . CCZ045 . CCZ123  (elapsed 86647s)
[824/1793] k=6 deg=2  375.6s  T0 . T1 . T2 . T4 . CS01 . CS02 . CS03 . CS04 . CS05 . CS12 . CS13 . CS14 . CS15 . CS23 . CS24 . CS34 . CS35 . CCZ012 . CCZ013 . CCZ014 . CCZ015 . CCZ023 . CCZ024 . CCZ025 . CCZ034 . CCZ035 . CCZ045 . CCZ123 . CCZ124 . CCZ125 . CCZ134 . CCZ135 . CCZ145 . CCZ234 . CCZ235 . CCZ345  (elapsed 86650s)
[825/1793] k=6 deg=2  364.3s  T0 . T1 . T2 . T4 . CS01 . CS02 . CS03 . CS04 . CS12 . CS13 . CS14 . CS23 . CS25 . CS34 . CCZ012 . CCZ013 . CCZ014 . CCZ023 . CCZ024 . CCZ034 . CCZ123 . CCZ124 . CCZ134 . CCZ235 . CCZ245  (elapsed 87011s)
[826/1793] k=6 deg=2  364.6s  T0 . T1 . T2 . T4 . CS01 . CS02 . CS03 . CS04 . CS12 . CS13 . CS14 . CS23 . CS25 . CS34 . CS45 . CCZ012 . CCZ013 . CCZ014 . CCZ023 . CCZ024 . CCZ034 . CCZ123 . CCZ124 . CCZ134 . CCZ235 . CCZ345  (elapsed 87015s)
[827/1793] k=6 deg=2  365.7s  T0 . T1 . T2 . T4 . CS01 . CS02 . CS03 . CS04 . CS12 . CS13 . CS14 . CS23 . CS25 . CS35 . CS45 . CCZ012 . CCZ013 . CCZ014 . CCZ023 . CCZ024 . CCZ034 . CCZ123 . CCZ124 . CCZ134 . CCZ234 . CCZ345  (elapsed 87380s)
[828/1793] k=6 deg=2  378.8s  T0 . T1 . T2 . T4 . CS01 . CS02 . CS03 . CS04 . CS12 . CS13 . CS14 . CS23 . CS25 . CS35 . CCZ012 . CCZ013 . CCZ014 . CCZ023 . CCZ024 . CCZ034 . CCZ123 . CCZ124 . CCZ134 . CCZ234 . CCZ245 . CCZ345  (elapsed 87390s)
[829/1793] k=6 deg=2  366.6s  T0 . T1 . T2 . T4 . CS01 . CS02 . CS03 . CS04 . CS12 . CS13 . CS14 . CS23 . CS45 . CCZ012 . CCZ013 . CCZ014 . CCZ023 . CCZ024 . CCZ034 . CCZ123 . CCZ124 . CCZ134 . CCZ234 . CCZ245  (elapsed 87747s)
[830/1793] k=6 deg=2  366.8s  T0 . T1 . T2 . T4 . CS01 . CS02 . CS03 . CS04 . CS12 . CS13 . CS14 . CS23 . CS45 . CCZ012 . CCZ013 . CCZ014 . CCZ023 . CCZ045 . CCZ123 . CCZ145  (elapsed 87757s)
[831/1793] k=6 deg=1    3.2s  T0 . T1 . T2 . T4 . CS01 . CS02 . CS03 . CS04 . CS12 . CS13 . CS15 . CS23 . CS25 . CS34 . CCZ012 . CCZ013 . CCZ014 . CCZ023 . CCZ024 . CCZ034 . CCZ123 . CCZ125 . CCZ135 . CCZ145 . CCZ235 . CCZ245  (elapsed 87760s)
[832/1793] k=6 deg=2  363.8s  T0 . T1 . T2 . T4 . CS01 . CS02 . CS03 . CS04 . CS12 . CS13 . CS14 . CS25 . CS35 . CCZ012 . CCZ013 . CCZ014 . CCZ025 . CCZ035 . CCZ125 . CCZ135  (elapsed 88111s)
[833/1793] k=6 deg=2  367.9s  T0 . T1 . T2 . T4 . CS01 . CS02 . CS03 . CS04 . CS12 . CS13 . CS15 . CS23 . CS25 . CS34 . CS45 . CCZ012 . CCZ013 . CCZ014 . CCZ023 . CCZ024 . CCZ034 . CCZ123 . CCZ125 . CCZ135 . CCZ235 . CCZ345  (elapsed 88128s)
[834/1793] k=6 deg=1    3.5s  T0 . T1 . T2 . T4 . CS01 . CS02 . CS03 . CS04 . CS12 . CS13 . CS23 . CS45 . CCZ012 . CCZ013 . CCZ023 . CCZ045 . CCZ123  (elapsed 88132s)
[835/1793] k=6 deg=2  365.3s  T0 . T1 . T2 . T4 . CS01 . CS02 . CS03 . CS04 . CS12 . CS13 . CS23 . CS34 . CS45 . CCZ012 . CCZ013 . CCZ014 . CCZ023 . CCZ024 . CCZ034 . CCZ123 . CCZ145 . CCZ245 . CCZ345  (elapsed 88476s)
[836/1793] k=6 deg=1    0.3s  T0 . T1 . T2 . T4 . CS01 . CS02 . CS03 . CS12 . CS13 . CS23 . CS34 . CS35 . CCZ012 . CCZ013 . CCZ023 . CCZ123 . CCZ345  (elapsed 88476s)
[837/1793] k=6 deg=2  367.4s  T0 . T1 . T2 . T4 . CS01 . CS02 . CS03 . CS05 . CS12 . CS35 . CCZ012 . CCZ034 . CCZ045 . CCZ345  (elapsed 88499s)
[838/1793] k=6 deg=2  366.5s  T0 . T1 . T2 . T4 . CS01 . CS02 . CS03 . CS12 . CS13 . CS23 . CS34 . CS45 . CCZ012 . CCZ013 . CCZ023 . CCZ123 . CCZ345  (elapsed 88843s)
[839/1793] k=6 deg=2  367.1s  T0 . T1 . T2 . T4 . CS01 . CS02 . CS03 . CS12 . CS13 . CS23 . CS45 . CCZ012 . CCZ013 . CCZ023 . CCZ123  (elapsed 88866s)
[840/1793] k=6 deg=2  374.5s  T0 . T1 . T2 . T4 . CS01 . CS02 . CS03 . CS12 . CS13 . CS24 . CS25 . CS34 . CCZ012 . CCZ013 . CCZ023 . CCZ123 . CCZ234  (elapsed 89217s)
[841/1793] k=6 deg=2  366.3s  T0 . T1 . T2 . T4 . CS01 . CS02 . CS03 . CS12 . CS13 . CS24 . CS25 . CS34 . CS35 . CS45 . CCZ012 . CCZ013 . CCZ023 . CCZ123 . CCZ234 . CCZ235 . CCZ245 . CCZ345  (elapsed 89232s)
[842/1793] k=6 deg=2  368.4s  T0 . T1 . T2 . T4 . CS01 . CS02 . CS03 . CS12 . CS13 . CS24 . CS25 . CS45 . CCZ012 . CCZ013 . CCZ023 . CCZ123 . CCZ245  (elapsed 89586s)
[843/1793] k=6 deg=1    0.9s  T0 . T1 . T2 . T4 . CS01 . CS02 . CS03 . CS12 . CS13 . CS34 . CS35 . CCZ012 . CCZ013 . CCZ023 . CCZ123 . CCZ234 . CCZ235 . CCZ345  (elapsed 89587s)
[844/1793] k=6 deg=2  378.5s  T0 . T1 . T2 . T4 . CS01 . CS02 . CS03 . CS12 . CS13 . CS25 . CS34 . CCZ012 . CCZ013 . CCZ023 . CCZ123 . CCZ234 . CCZ245  (elapsed 89611s)
[845/1793] k=6 deg=1    2.0s  T0 . T1 . T2 . T4 . CS01 . CS02 . CS03 . CS15 . CS25 . CS34 . CCZ012 . CCZ013 . CCZ023 . CCZ124 . CCZ134 . CCZ145 . CCZ234 . CCZ245  (elapsed 89613s)
[846/1793] k=6 deg=2  367.5s  T0 . T1 . T2 . T4 . CS01 . CS02 . CS03 . CS14 . CS15 . CS24 . CS25 . CS34 . CCZ012 . CCZ013 . CCZ023 . CCZ124 . CCZ134 . CCZ234  (elapsed 89954s)
[847/1793] k=6 deg=2  365.0s  T0 . T1 . T2 . T4 . T5 . CS01 . CS02 . CS03 . CS04 . CS05 . CS12 . CS13 . CS14 . CS15 . CS23 . CCZ012 . CCZ013 . CCZ014 . CCZ015 . CCZ023 . CCZ024 . CCZ025 . CCZ034 . CCZ035 . CCZ045 . CCZ123 . CCZ124 . CCZ125 . CCZ134 . CCZ135 . CCZ145 . CCZ234 . CCZ235 . CCZ245  (elapsed 89978s)
[848/1793] k=6 deg=1    3.5s  T0 . T1 . T2 . T4 . T5 . CS01 . CS02 . CS03 . CS04 . CS05 . CS12 . CS13 . CS14 . CS15 . CS23 . CS24 . CS25 . CS34 . CS35 . CCZ012 . CCZ013 . CCZ014 . CCZ015 . CCZ023 . CCZ024 . CCZ025 . CCZ034 . CCZ035 . CCZ123 . CCZ124 . CCZ125 . CCZ134 . CCZ135 . CCZ234 . CCZ235  (elapsed 89981s)
[849/1793] k=6 deg=1    2.3s  T0 . T1 . T2 . T4 . T5 . CS01 . CS02 . CS03 . CS04 . CS05 . CS12 . CS13 . CS14 . CS15 . CS23 . CS24 . CS34 . CCZ012 . CCZ013 . CCZ014 . CCZ015 . CCZ023 . CCZ024 . CCZ025 . CCZ034 . CCZ035 . CCZ045 . CCZ123 . CCZ124 . CCZ125 . CCZ134 . CCZ135 . CCZ145 . CCZ234 . CCZ235 . CCZ345  (elapsed 89984s)
[850/1793] k=6 deg=1    1.8s  T0 . T1 . T2 . T4 . T5 . CS01 . CS02 . CS03 . CS04 . CS05 . CS12 . CS13 . CS14 . CS15 . CS23 . CS34 . CS35 . CCZ012 . CCZ013 . CCZ014 . CCZ015 . CCZ023 . CCZ024 . CCZ025 . CCZ034 . CCZ035 . CCZ045 . CCZ123 . CCZ124 . CCZ125 . CCZ134 . CCZ135 . CCZ145 . CCZ245  (elapsed 89986s)
[851/1793] k=6 deg=2  365.3s  T0 . T1 . T2 . T4 . T5 . CS01 . CS02 . CS03 . CS04 . CS05 . CS12 . CS13 . CS14 . CS15 . CS23 . CCZ012 . CCZ013 . CCZ014 . CCZ015 . CCZ023 . CCZ123  (elapsed 90320s)
[852/1793] k=6 deg=2  363.4s  T0 . T1 . T2 . T4 . T5 . CS01 . CS02 . CS03 . CS04 . CS05 . CS12 . CS13 . CS14 . CS15 . CS23 . CS45 . CCZ012 . CCZ013 . CCZ014 . CCZ015 . CCZ023 . CCZ024 . CCZ025 . CCZ034 . CCZ035 . CCZ045 . CCZ123 . CCZ124 . CCZ125 . CCZ134 . CCZ135 . CCZ145 . CCZ234 . CCZ235  (elapsed 90349s)
[853/1793] k=6 deg=2  365.4s  T0 . T1 . T2 . T4 . T5 . CS01 . CS02 . CS03 . CS04 . CS05 . CS12 . CS13 . CS23 . CCZ012 . CCZ013 . CCZ023 . CCZ123  (elapsed 90685s)
[854/1793] k=6 deg=2  364.7s  T0 . T1 . T2 . T4 . T5 . CS01 . CS02 . CS03 . CS04 . CS05 . CS12 . CS13 . CS23 . CS34 . CS35 . CCZ012 . CCZ013 . CCZ014 . CCZ015 . CCZ023 . CCZ024 . CCZ025 . CCZ034 . CCZ035 . CCZ045 . CCZ123 . CCZ145 . CCZ245  (elapsed 90714s)
[855/1793] k=6 deg=1    1.4s  T0 . T1 . T2 . T4 . T5 . CS01 . CS02 . CS03 . CS04 . CS05 . CS12 . CS13 . CS23 . CS45 . CCZ012 . CCZ013 . CCZ023 . CCZ045 . CCZ123  (elapsed 90715s)
[856/1793] k=6 deg=1    0.5s  T0 . T1 . T2 . T4 . T5 . CS01 . CS02 . CS03 . CS04 . CS12 . CS13 . CS14 . CS23 . CS24 . CCZ012 . CCZ013 . CCZ014 . CCZ023 . CCZ024 . CCZ035 . CCZ123 . CCZ124 . CCZ135 . CCZ235  (elapsed 90716s)
[857/1793] k=6 deg=2  365.0s  T0 . T1 . T2 . T4 . T5 . CS01 . CS02 . CS03 . CS04 . CS05 . CS12 . CS13 . CS23 . CS34 . CS35 . CS45 . CCZ012 . CCZ013 . CCZ014 . CCZ015 . CCZ023 . CCZ024 . CCZ025 . CCZ034 . CCZ035 . CCZ045 . CCZ123 . CCZ345  (elapsed 91050s)
[858/1793] k=6 deg=2  364.3s  T0 . T1 . T2 . T4 . T5 . CS01 . CS02 . CS03 . CS04 . CS12 . CS13 . CS14 . CS23 . CS25 . CCZ012 . CCZ013 . CCZ014 . CCZ023 . CCZ024 . CCZ034 . CCZ123 . CCZ124 . CCZ134 . CCZ234  (elapsed 91080s)
[859/1793] k=6 deg=2  365.0s  T0 . T1 . T2 . T4 . T5 . CS01 . CS02 . CS03 . CS04 . CS12 . CS13 . CS14 . CS23 . CS25 . CS34 . CS35 . CCZ012 . CCZ013 . CCZ014 . CCZ023 . CCZ024 . CCZ034 . CCZ123 . CCZ124 . CCZ134 . CCZ235  (elapsed 91415s)
[860/1793] k=6 deg=2  365.8s  T0 . T1 . T2 . T4 . T5 . CS01 . CS02 . CS03 . CS04 . CS12 . CS13 . CS14 . CS23 . CS25 . CS34 . CS35 . CS45 . CCZ012 . CCZ013 . CCZ014 . CCZ023 . CCZ024 . CCZ034 . CCZ123 . CCZ124 . CCZ134 . CCZ235 . CCZ245 . CCZ345  (elapsed 91446s)
[861/1793] k=6 deg=2  376.1s  T0 . T1 . T2 . T4 . T5 . CS01 . CS02 . CS03 . CS04 . CS12 . CS13 . CS14 . CS23 . CS25 . CS45 . CCZ012 . CCZ013 . CCZ014 . CCZ023 . CCZ024 . CCZ034 . CCZ123 . CCZ124 . CCZ134 . CCZ234 . CCZ245  (elapsed 91791s)
[862/1793] k=6 deg=1    1.1s  T0 . T1 . T2 . T4 . T5 . CS01 . CS02 . CS03 . CS04 . CS12 . CS13 . CS14 . CS23 . CS35 . CCZ012 . CCZ013 . CCZ014 . CCZ023 . CCZ024 . CCZ034 . CCZ123 . CCZ124 . CCZ134 . CCZ234 . CCZ245 . CCZ345  (elapsed 91792s)
[863/1793] k=6 deg=2  365.0s  T0 . T1 . T2 . T4 . T5 . CS01 . CS02 . CS03 . CS04 . CS12 . CS13 . CS14 . CS23 . CS34 . CS35 . CCZ012 . CCZ013 . CCZ014 . CCZ023 . CCZ024 . CCZ034 . CCZ123 . CCZ124 . CCZ134 . CCZ245  (elapsed 91811s)
[864/1793] k=6 deg=2  364.7s  T0 . T1 . T2 . T4 . T5 . CS01 . CS02 . CS03 . CS04 . CS12 . CS13 . CS14 . CS23 . CS35 . CCZ012 . CCZ013 . CCZ014 . CCZ023 . CCZ123  (elapsed 92157s)
[865/1793] k=6 deg=2  364.3s  T0 . T1 . T2 . T4 . T5 . CS01 . CS02 . CS03 . CS04 . CS12 . CS13 . CS14 . CS23 . CS35 . CS45 . CCZ012 . CCZ013 . CCZ014 . CCZ023 . CCZ024 . CCZ034 . CCZ123 . CCZ124 . CCZ134 . CCZ234 . CCZ345  (elapsed 92175s)
[866/1793] k=6 deg=2  367.3s  T0 . T1 . T2 . T4 . T5 . CS01 . CS02 . CS03 . CS04 . CS12 . CS13 . CS14 . CS23 . CS35 . CS45 . CCZ012 . CCZ013 . CCZ014 . CCZ023 . CCZ045 . CCZ123 . CCZ145  (elapsed 92524s)
[867/1793] k=6 deg=2  363.8s  T0 . T1 . T2 . T4 . T5 . CS01 . CS02 . CS03 . CS04 . CS12 . CS13 . CS14 . CS25 . CCZ012 . CCZ013 . CCZ014 . CCZ025 . CCZ035 . CCZ125 . CCZ135  (elapsed 92539s)
[868/1793] k=6 deg=1    1.4s  T0 . T1 . T2 . T4 . T5 . CS01 . CS02 . CS03 . CS04 . CS12 . CS13 . CS15 . CS23 . CS25 . CS34 . CS35 . CS45 . CCZ012 . CCZ013 . CCZ014 . CCZ023 . CCZ024 . CCZ034 . CCZ123 . CCZ125 . CCZ135 . CCZ145 . CCZ235 . CCZ245 . CCZ345  (elapsed 92540s)
[869/1793] k=6 deg=2  365.0s  T0 . T1 . T2 . T4 . T5 . CS01 . CS02 . CS03 . CS04 . CS12 . CS13 . CS15 . CS23 . CS25 . CS34 . CS35 . CCZ012 . CCZ013 . CCZ014 . CCZ023 . CCZ024 . CCZ034 . CCZ123 . CCZ125 . CCZ135 . CCZ235  (elapsed 92889s)
[870/1793] k=6 deg=1    3.1s  T0 . T1 . T2 . T4 . T5 . CS01 . CS02 . CS03 . CS04 . CS12 . CS13 . CS23 . CS34 . CS35 . CS45 . CCZ012 . CCZ013 . CCZ014 . CCZ023 . CCZ024 . CCZ034 . CCZ123 . CCZ345  (elapsed 92892s)
[871/1793] k=6 deg=2  376.4s  T0 . T1 . T2 . T4 . T5 . CS01 . CS02 . CS03 . CS04 . CS12 . CS13 . CS23 . CS34 . CS35 . CCZ012 . CCZ013 . CCZ014 . CCZ023 . CCZ024 . CCZ034 . CCZ123 . CCZ145 . CCZ245  (elapsed 92917s)
[872/1793] k=6 deg=2  364.1s  T0 . T1 . T2 . T4 . T5 . CS01 . CS02 . CS03 . CS04 . CS12 . CS13 . CS23 . CS35 . CCZ012 . CCZ013 . CCZ023 . CCZ123  (elapsed 93256s)
[873/1793] k=6 deg=1    1.7s  T0 . T1 . T2 . T4 . T5 . CS01 . CS02 . CS03 . CS12 . CS13 . CS23 . CCZ012 . CCZ013 . CCZ023 . CCZ123  (elapsed 93258s)
[874/1793] k=6 deg=2  367.1s  T0 . T1 . T2 . T4 . T5 . CS01 . CS02 . CS03 . CS04 . CS12 . CS13 . CS23 . CS35 . CS45 . CCZ012 . CCZ013 . CCZ023 . CCZ045 . CCZ123  (elapsed 93284s)
[875/1793] k=6 deg=1    2.0s  T0 . T1 . T2 . T4 . T5 . CS01 . CS02 . CS03 . CS12 . CS13 . CS23 . CS34 . CS35 . CCZ012 . CCZ013 . CCZ023 . CCZ123  (elapsed 93286s)
[876/1793] k=6 deg=1    2.8s  T0 . T1 . T2 . T4 . T5 . CS01 . CS02 . CS03 . CS12 . CS13 . CS23 . CS34 . CS45 . CCZ012 . CCZ013 . CCZ023 . CCZ123  (elapsed 93289s)
[877/1793] k=6 deg=2  380.7s  T0 . T1 . T2 . T4 . T5 . CS01 . CS02 . CS03 . CS12 . CS13 . CS23 . CS34 . CS35 . CCZ012 . CCZ013 . CCZ023 . CCZ045 . CCZ123 . CCZ145 . CCZ245  (elapsed 93639s)
[878/1793] k=6 deg=2  369.3s  T0 . T1 . T2 . T4 . T5 . CS01 . CS02 . CS03 . CS12 . CS13 . CS24 . CCZ012 . CCZ013 . CCZ023 . CCZ123  (elapsed 93658s)
[879/1793] k=6 deg=2  363.6s  T0 . T1 . T2 . T4 . T5 . CS01 . CS02 . CS03 . CS12 . CS13 . CS24 . CS34 . CCZ012 . CCZ013 . CCZ023 . CCZ123 . CCZ234  (elapsed 94003s)
[880/1793] k=6 deg=1    0.9s  T0 . T1 . T2 . T4 . T5 . CS01 . CS02 . CS03 . CS12 . CS13 . CS25 . CS34 . CS45 . CCZ012 . CCZ013 . CCZ023 . CCZ123 . CCZ234 . CCZ245  (elapsed 94004s)
[881/1793] k=6 deg=2  366.2s  T0 . T1 . T2 . T4 . T5 . CS01 . CS02 . CS03 . CS12 . CS13 . CS24 . CS34 . CS35 . CS45 . CCZ012 . CCZ013 . CCZ023 . CCZ123 . CCZ234 . CCZ235 . CCZ245 . CCZ345  (elapsed 94024s)
[882/1793] k=6 deg=2  367.4s  T0 . T1 . T2 . T4 . T5 . CS01 . CS02 . CS03 . CS12 . CS13 . CS34 . CS35 . CS45 . CCZ012 . CCZ013 . CCZ023 . CCZ123 . CCZ234 . CCZ235 . CCZ345  (elapsed 94371s)
[883/1793] k=6 deg=2  366.6s  T0 . T1 . T2 . T4 . T5 . CS01 . CS02 . CS03 . CS12 . CS13 . CS34 . CS35 . CS45 . CCZ012 . CCZ013 . CCZ345  (elapsed 94391s)
[884/1793] k=6 deg=1    2.9s  T0 . T1 . T2 . T4 . T5 . CS01 . CS02 . CS03 . CS12 . CS13 . CS45 . CCZ012 . CCZ013 . CCZ023 . CCZ123  (elapsed 94394s)
[885/1793] k=6 deg=2  365.7s  T0 . T1 . T2 . T4 . T5 . CS01 . CS02 . CS03 . CS12 . CS13 . CS34 . CS45 . CCZ012 . CCZ013 . CCZ023 . CCZ123 . CCZ234  (elapsed 94737s)
[886/1793] k=6 deg=2  372.6s  T0 . T1 . T2 . T4 . T5 . CS01 . CS02 . CS03 . CS12 . CS14 . CS24 . CCZ012 . CCZ013 . CCZ023 . CCZ124  (elapsed 94767s)
[887/1793] k=6 deg=2  363.8s  T0 . T1 . T2 . T4 . T5 . CS01 . CS02 . CS03 . CS12 . CS14 . CS24 . CS34 . CCZ012 . CCZ013 . CCZ023 . CCZ124 . CCZ134 . CCZ234  (elapsed 95101s)
[888/1793] k=6 deg=2  362.7s  T0 . T1 . T2 . T4 . T5 . CS01 . CS02 . CS03 . CS12 . CS34 . CS35 . CS45 . CCZ012 . CCZ345  (elapsed 95129s)
[889/1793] k=6 deg=2  364.1s  T0 . T1 . T2 . T4 . T5 . CS01 . CS02 . CS03 . CS12 . CS34 . CS45 . CCZ012 . CCZ013 . CCZ023 . CCZ134 . CCZ234  (elapsed 95465s)
[890/1793] k=6 deg=2  364.8s  T0 . T1 . T2 . T4 . T5 . CS01 . CS02 . CS03 . CS12 . CS35 . CS45 . CCZ012 . CCZ034 . CCZ345  (elapsed 95494s)
[891/1793] k=6 deg=1    1.3s  T0 . T1 . T2 . T4 . T5 . CS01 . CS02 . CS03 . CS14 . CS15 . CS24 . CS34 . CCZ012 . CCZ013 . CCZ023 . CCZ124 . CCZ134 . CCZ234  (elapsed 95495s)
[892/1793] k=6 deg=2  362.7s  T0 . T1 . T2 . T4 . T5 . CS01 . CS02 . CS03 . CS12 . CS45 . CCZ012 . CCZ013 . CCZ023  (elapsed 95827s)
[893/1793] k=6 deg=1    1.1s  T0 . T1 . T2 . T4 . T5 . CS01 . CS02 . CS03 . CS14 . CS25 . CCZ012 . CCZ013 . CCZ023  (elapsed 95829s)
[894/1793] k=6 deg=2  362.5s  T0 . T1 . T2 . T4 . T5 . CS01 . CS02 . CS03 . CS14 . CS15 . CS45 . CCZ012 . CCZ013 . CCZ023 . CCZ145  (elapsed 95858s)
[895/1793] k=6 deg=2  365.6s  T0 . T1 . T2 . T4 . T5 . CS01 . CS02 . CS03 . CS15 . CS34 . CS45 . CCZ012 . CCZ013 . CCZ023 . CCZ124 . CCZ134 . CCZ145 . CCZ234  (elapsed 96194s)
[896/1793] k=6 deg=1    0.7s  T0 . T1 . T2 . T4 . T5 . CS01 . CS23 . CS34  (elapsed 96195s)
[897/1793] k=6 deg=2  362.0s  T0 . T1 . T2 . T4 . T5 . CS01 . CS02 . CS13 . CS14 . CS25 . CS35 . CCZ012 . CCZ123 . CCZ235  (elapsed 96220s)
[898/1793] k=6 deg=2  364.7s  T0 . T1 . T2 . T5 . CS01 . CS02 . CS03 . CS04 . CS05 . CS12 . CCZ012 . CCZ034  (elapsed 96560s)
[899/1793] k=6 deg=2  361.3s  T0 . T1 . T2 . T5 . CS01 . CS02 . CS03 . CS04 . CS05 . CS12 . CS13 . CS14 . CS15 . CS23 . CS24 . CCZ012 . CCZ013 . CCZ014 . CCZ015 . CCZ023 . CCZ024 . CCZ025 . CCZ034 . CCZ035 . CCZ045 . CCZ123 . CCZ124 . CCZ125 . CCZ134 . CCZ135 . CCZ145 . CCZ234 . CCZ235 . CCZ245  (elapsed 96581s)
[900/1793] k=6 deg=1    2.3s  T0 . T1 . T2 . T5 . CS01 . CS02 . CS03 . CS04 . CS05 . CS12 . CS13 . CS14 . CS15 . CS23 . CS24 . CS35 . CS45 . CCZ012 . CCZ013 . CCZ014 . CCZ015 . CCZ023 . CCZ024 . CCZ025 . CCZ034 . CCZ035 . CCZ045 . CCZ123 . CCZ124 . CCZ125 . CCZ134 . CCZ135 . CCZ145 . CCZ234 . CCZ345  (elapsed 96583s)
[901/1793] k=6 deg=2  368.5s  T0 . T1 . T2 . T5 . CS01 . CS02 . CS03 . CS04 . CS05 . CS12 . CS13 . CS14 . CS15 . CS23 . CS24 . CCZ012 . CCZ013 . CCZ014 . CCZ015 . CCZ023 . CCZ024 . CCZ034 . CCZ123 . CCZ124 . CCZ134 . CCZ234  (elapsed 96928s)
[902/1793] k=6 deg=2  376.8s  T0 . T1 . T2 . T5 . CS01 . CS02 . CS03 . CS04 . CS05 . CS12 . CS13 . CS14 . CS15 . CS23 . CS24 . CS45 . CCZ012 . CCZ013 . CCZ014 . CCZ015 . CCZ023 . CCZ024 . CCZ025 . CCZ034 . CCZ035 . CCZ045 . CCZ123 . CCZ124 . CCZ125 . CCZ134 . CCZ135 . CCZ145 . CCZ234 . CCZ235  (elapsed 96960s)
[903/1793] k=6 deg=2  363.0s  T0 . T1 . T2 . T5 . CS01 . CS02 . CS03 . CS04 . CS05 . CS12 . CS13 . CS14 . CS15 . CS23 . CS34 . CCZ012 . CCZ013 . CCZ014 . CCZ015 . CCZ023 . CCZ024 . CCZ025 . CCZ034 . CCZ035 . CCZ045 . CCZ123 . CCZ124 . CCZ125 . CCZ134 . CCZ135 . CCZ145 . CCZ234 . CCZ235 . CCZ345  (elapsed 97291s)
[904/1793] k=6 deg=1    1.4s  T0 . T1 . T2 . T5 . CS01 . CS02 . CS03 . CS04 . CS05 . CS12 . CS13 . CS14 . CS15 . CS23 . CS34 . CS45 . CCZ012 . CCZ013 . CCZ014 . CCZ015 . CCZ023 . CCZ024 . CCZ025 . CCZ034 . CCZ035 . CCZ045 . CCZ123 . CCZ124 . CCZ125 . CCZ134 . CCZ135 . CCZ145 . CCZ234 . CCZ235 . CCZ245 . CCZ345  (elapsed 97293s)
[905/1793] k=6 deg=1    0.7s  T0 . T1 . T2 . T5 . CS01 . CS02 . CS03 . CS04 . CS05 . CS12 . CS13 . CS14 . CS15 . CS23 . CS34 . CS45 . CCZ012 . CCZ013 . CCZ014 . CCZ015 . CCZ023 . CCZ045 . CCZ123 . CCZ145  (elapsed 97293s)
[906/1793] k=6 deg=2  365.6s  T0 . T1 . T2 . T5 . CS01 . CS02 . CS03 . CS04 . CS05 . CS12 . CS13 . CS14 . CS15 . CS23 . CS34 . CCZ012 . CCZ013 . CCZ014 . CCZ015 . CCZ023 . CCZ123  (elapsed 97326s)
[907/1793] k=6 deg=2  374.9s  T0 . T1 . T2 . T5 . CS01 . CS02 . CS03 . CS04 . CS05 . CS12 . CS13 . CS14 . CS23 . CS24 . CCZ012 . CCZ013 . CCZ014 . CCZ023 . CCZ024 . CCZ034 . CCZ123 . CCZ124 . CCZ134 . CCZ234  (elapsed 97668s)
[908/1793] k=6 deg=2  365.1s  T0 . T1 . T2 . T5 . CS01 . CS02 . CS03 . CS04 . CS05 . CS12 . CS13 . CS14 . CS23 . CS24 . CS35 . CS45 . CCZ012 . CCZ013 . CCZ014 . CCZ015 . CCZ023 . CCZ024 . CCZ025 . CCZ034 . CCZ035 . CCZ045 . CCZ123 . CCZ124 . CCZ134 . CCZ234 . CCZ345  (elapsed 97691s)
[909/1793] k=6 deg=2  363.7s  T0 . T1 . T2 . T5 . CS01 . CS02 . CS03 . CS04 . CS05 . CS12 . CS13 . CS23 . CS34 . CCZ012 . CCZ013 . CCZ023 . CCZ123  (elapsed 98032s)
[910/1793] k=6 deg=1    3.0s  T0 . T1 . T2 . T5 . CS01 . CS02 . CS03 . CS04 . CS12 . CCZ012 . CCZ013 . CCZ014 . CCZ023 . CCZ024 . CCZ034  (elapsed 98035s)
[911/1793] k=6 deg=1    2.4s  T0 . T1 . T2 . T5 . CS01 . CS02 . CS03 . CS04 . CS12 . CS13 . CS14 . CCZ012 . CCZ013 . CCZ014 . CCZ023 . CCZ024 . CCZ034 . CCZ123 . CCZ124 . CCZ134  (elapsed 98037s)
[912/1793] k=6 deg=2  365.5s  T0 . T1 . T2 . T5 . CS01 . CS02 . CS03 . CS04 . CS05 . CS12 . CS13 . CS23 . CS34 . CS45 . CCZ012 . CCZ013 . CCZ023 . CCZ045 . CCZ123  (elapsed 98057s)
[913/1793] k=6 deg=1    1.8s  T0 . T1 . T2 . T5 . CS01 . CS02 . CS03 . CS04 . CS12 . CS13 . CS14 . CS23 . CS24 . CS34 . CCZ012 . CCZ013 . CCZ014 . CCZ023 . CCZ024 . CCZ035 . CCZ045 . CCZ123 . CCZ124 . CCZ135 . CCZ145 . CCZ235 . CCZ245 . CCZ345  (elapsed 98058s)
[914/1793] k=6 deg=2  365.0s  T0 . T1 . T2 . T5 . CS01 . CS02 . CS03 . CS04 . CS12 . CS13 . CS14 . CS23 . CS24 . CS34 . CCZ012 . CCZ013 . CCZ014 . CCZ023 . CCZ024 . CCZ034 . CCZ123 . CCZ124 . CCZ134 . CCZ234  (elapsed 98402s)
[915/1793] k=6 deg=1    0.3s  T0 . T1 . T2 . T5 . CS01 . CS02 . CS03 . CS04 . CS12 . CS13 . CS14 . CS23 . CS24 . CS34 . CS35 . CS45 . CCZ012 . CCZ013 . CCZ014 . CCZ023 . CCZ024 . CCZ123 . CCZ124 . CCZ345  (elapsed 98403s)
[916/1793] k=6 deg=1    0.5s  T0 . T1 . T2 . T5 . CS01 . CS02 . CS03 . CS04 . CS12 . CS13 . CS14 . CS23 . CS24 . CS35 . CCZ012 . CCZ013 . CCZ014 . CCZ023 . CCZ024 . CCZ034 . CCZ123 . CCZ124 . CCZ134 . CCZ234  (elapsed 98403s)
[917/1793] k=6 deg=1    2.7s  T0 . T1 . T2 . T5 . CS01 . CS02 . CS03 . CS04 . CS12 . CS13 . CS14 . CS23 . CS25 . CS34 . CCZ012 . CCZ013 . CCZ014 . CCZ023 . CCZ024 . CCZ034 . CCZ123 . CCZ124 . CCZ134 . CCZ234  (elapsed 98406s)
[918/1793] k=6 deg=2  366.4s  T0 . T1 . T2 . T5 . CS01 . CS02 . CS03 . CS04 . CS12 . CS13 . CS14 . CS23 . CS24 . CS34 . CS35 . CS45 . CCZ012 . CCZ013 . CCZ014 . CCZ023 . CCZ024 . CCZ034 . CCZ123 . CCZ124 . CCZ134 . CCZ234  (elapsed 98425s)
[919/1793] k=6 deg=1    3.2s  T0 . T1 . T2 . T5 . CS01 . CS02 . CS03 . CS04 . CS12 . CS13 . CS14 . CS23 . CS25 . CS35 . CCZ012 . CCZ013 . CCZ014 . CCZ023 . CCZ024 . CCZ034 . CCZ123 . CCZ124 . CCZ134 . CCZ235  (elapsed 98428s)
[920/1793] k=6 deg=1    0.8s  T0 . T1 . T2 . T5 . CS01 . CS02 . CS03 . CS04 . CS12 . CS13 . CS14 . CS23 . CS25 . CS35 . CS45 . CCZ012 . CCZ013 . CCZ014 . CCZ023 . CCZ024 . CCZ034 . CCZ123 . CCZ124 . CCZ134 . CCZ235 . CCZ245 . CCZ345  (elapsed 98429s)
[921/1793] k=6 deg=1    0.7s  T0 . T1 . T2 . T5 . CS01 . CS02 . CS03 . CS04 . CS12 . CS13 . CS14 . CS23 . CS34 . CS35 . CCZ012 . CCZ013 . CCZ014 . CCZ023 . CCZ024 . CCZ034 . CCZ123 . CCZ124 . CCZ134 . CCZ234  (elapsed 98430s)
[922/1793] k=6 deg=1    0.0s  T0 . T1 . T2 . T5 . CS01 . CS02 . CS03 . CS04 . CS12 . CS13 . CS14 . CS23 . CS34 . CS35 . CCZ012 . CCZ013 . CCZ014 . CCZ023 . CCZ045 . CCZ123 . CCZ145 . CCZ345  (elapsed 98430s)
[923/1793] k=6 deg=1    1.0s  T0 . T1 . T2 . T5 . CS01 . CS02 . CS03 . CS04 . CS12 . CS13 . CS14 . CS23 . CS34 . CS35 . CS45 . CCZ012 . CCZ013 . CCZ014 . CCZ023 . CCZ024 . CCZ034 . CCZ123 . CCZ124 . CCZ134 . CCZ234 . CCZ245  (elapsed 98431s)
[924/1793] k=6 deg=1    1.1s  T0 . T1 . T2 . T5 . CS01 . CS02 . CS03 . CS04 . CS12 . CS13 . CS14 . CS23 . CS34 . CS35 . CS45 . CCZ012 . CCZ013 . CCZ014 . CCZ023 . CCZ123 . CCZ345  (elapsed 98432s)
[925/1793] k=6 deg=1    0.8s  T0 . T1 . T2 . T5 . CS01 . CS02 . CS03 . CS04 . CS12 . CS13 . CS14 . CS23 . CS35 . CCZ012 . CCZ013 . CCZ014 . CCZ023 . CCZ024 . CCZ034 . CCZ123 . CCZ124 . CCZ134  (elapsed 98433s)
[926/1793] k=6 deg=2  372.7s  T0 . T1 . T2 . T5 . CS01 . CS02 . CS03 . CS04 . CS12 . CS13 . CS14 . CS23 . CS25 . CS34 . CS45 . CCZ012 . CCZ013 . CCZ014 . CCZ023 . CCZ024 . CCZ034 . CCZ123 . CCZ124 . CCZ134 . CCZ234 . CCZ245  (elapsed 98779s)
[927/1793] k=6 deg=2  365.1s  T0 . T1 . T2 . T5 . CS01 . CS02 . CS03 . CS04 . CS12 . CS13 . CS14 . CS23 . CS35 . CS45 . CCZ012 . CCZ013 . CCZ014 . CCZ023 . CCZ024 . CCZ034 . CCZ123 . CCZ124 . CCZ134 . CCZ245 . CCZ345  (elapsed 98798s)
[928/1793] k=6 deg=1    3.4s  T0 . T1 . T2 . T5 . CS01 . CS02 . CS03 . CS04 . CS12 . CS13 . CS14 . CS34 . CS35 . CS45 . CCZ012 . CCZ013 . CCZ014 . CCZ023 . CCZ024 . CCZ034 . CCZ123 . CCZ124 . CCZ134 . CCZ234 . CCZ235 . CCZ245  (elapsed 98801s)
[929/1793] k=6 deg=1    1.4s  T0 . T1 . T2 . T5 . CS01 . CS02 . CS03 . CS04 . CS12 . CS13 . CS14 . CS34 . CS35 . CS45 . CCZ012 . CCZ013 . CCZ014 . CCZ345  (elapsed 98803s)
[930/1793] k=6 deg=1    0.5s  T0 . T1 . T2 . T5 . CS01 . CS02 . CS03 . CS04 . CS12 . CS13 . CS14 . CS35 . CS45 . CCZ012 . CCZ013 . CCZ014 . CCZ023 . CCZ024 . CCZ034 . CCZ123 . CCZ124 . CCZ134 . CCZ235 . CCZ245 . CCZ345  (elapsed 98803s)
[931/1793] k=6 deg=2  362.6s  T0 . T1 . T2 . T5 . CS01 . CS02 . CS03 . CS04 . CS12 . CS13 . CS14 . CS34 . CCZ012 . CCZ013 . CCZ014 . CCZ023 . CCZ024 . CCZ034 . CCZ123 . CCZ124 . CCZ134 . CCZ234  (elapsed 99141s)
[932/1793] k=6 deg=2  364.0s  T0 . T1 . T2 . T5 . CS01 . CS02 . CS03 . CS04 . CS12 . CS13 . CS15 . CS23 . CS25 . CS35 . CCZ012 . CCZ013 . CCZ014 . CCZ023 . CCZ024 . CCZ034 . CCZ123 . CCZ125 . CCZ135 . CCZ235  (elapsed 99167s)
[933/1793] k=6 deg=2  364.2s  T0 . T1 . T2 . T5 . CS01 . CS02 . CS03 . CS04 . CS12 . CS13 . CS15 . CS23 . CS25 . CS35 . CS45 . CCZ012 . CCZ013 . CCZ014 . CCZ023 . CCZ024 . CCZ034 . CCZ123 . CCZ125 . CCZ135 . CCZ145 . CCZ235 . CCZ245 . CCZ345  (elapsed 99506s)
[934/1793] k=6 deg=1    0.2s  T0 . T1 . T2 . T5 . CS01 . CS02 . CS03 . CS04 . CS12 . CS13 . CS23 . CS34 . CS35 . CS45 . CCZ012 . CCZ013 . CCZ023 . CCZ123 . CCZ345  (elapsed 99506s)
[935/1793] k=6 deg=1    1.9s  T0 . T1 . T2 . T5 . CS01 . CS02 . CS03 . CS04 . CS12 . CS13 . CS23 . CS35 . CCZ012 . CCZ013 . CCZ014 . CCZ023 . CCZ024 . CCZ034 . CCZ123  (elapsed 99508s)
[936/1793] k=6 deg=2  364.8s  T0 . T1 . T2 . T5 . CS01 . CS02 . CS03 . CS04 . CS12 . CS13 . CS23 . CS34 . CS35 . CCZ012 . CCZ013 . CCZ023 . CCZ045 . CCZ123 . CCZ345  (elapsed 99532s)
[937/1793] k=6 deg=1    1.8s  T0 . T1 . T2 . T5 . CS01 . CS02 . CS03 . CS04 . CS12 . CS34 . CCZ012 . CCZ013 . CCZ014 . CCZ023 . CCZ024 . CCZ034 . CCZ134 . CCZ234  (elapsed 99534s)
[938/1793] k=6 deg=1    1.8s  T0 . T1 . T2 . T5 . CS01 . CS02 . CS03 . CS04 . CS12 . CS34 . CS35 . CS45 . CCZ012 . CCZ013 . CCZ014 . CCZ023 . CCZ024 . CCZ034 . CCZ134 . CCZ135 . CCZ145 . CCZ234 . CCZ235 . CCZ245  (elapsed 99536s)
[939/1793] k=6 deg=2  364.9s  T0 . T1 . T2 . T5 . CS01 . CS02 . CS03 . CS04 . CS12 . CS13 . CS23 . CS35 . CS45 . CCZ012 . CCZ013 . CCZ014 . CCZ023 . CCZ024 . CCZ034 . CCZ123 . CCZ145 . CCZ245 . CCZ345  (elapsed 99872s)
[940/1793] k=6 deg=1    1.0s  T0 . T1 . T2 . T5 . CS01 . CS02 . CS03 . CS04 . CS12 . CS35 . CS45 . CCZ012 . CCZ013 . CCZ014 . CCZ023 . CCZ024 . CCZ034 . CCZ135 . CCZ145 . CCZ235 . CCZ245 . CCZ345  (elapsed 99873s)
[941/1793] k=6 deg=2  367.0s  T0 . T1 . T2 . T5 . CS01 . CS02 . CS03 . CS04 . CS12 . CS34 . CS35 . CS45 . CCZ012 . CCZ345  (elapsed 99903s)
[942/1793] k=6 deg=1    0.8s  T0 . T1 . T2 . T5 . CS01 . CS02 . CS03 . CS04 . CS15 . CCZ012 . CCZ013 . CCZ014 . CCZ023 . CCZ024 . CCZ034  (elapsed 99903s)
[943/1793] k=6 deg=2  366.7s  T0 . T1 . T2 . T5 . CS01 . CS02 . CS03 . CS04 . CS12 . CS35 . CS45 . CCZ012 . CCZ034 . CCZ345  (elapsed 100240s)
[944/1793] k=6 deg=1    1.1s  T0 . T1 . T2 . T5 . CS01 . CS02 . CS03 . CS04 . CS35 . CS45 . CCZ012 . CCZ013 . CCZ014 . CCZ023 . CCZ024 . CCZ034 . CCZ125 . CCZ135 . CCZ145 . CCZ235 . CCZ245 . CCZ345  (elapsed 100241s)
[945/1793] k=6 deg=2  363.9s  T0 . T1 . T2 . T5 . CS01 . CS02 . CS03 . CS04 . CS15 . CS25 . CS35 . CS45 . CCZ012 . CCZ013 . CCZ014 . CCZ023 . CCZ024 . CCZ034 . CCZ125 . CCZ135 . CCZ145 . CCZ235 . CCZ245 . CCZ345  (elapsed 100267s)
[946/1793] k=6 deg=2  367.9s  T0 . T1 . T2 . T5 . CS01 . CS02 . CS03 . CS12 . CS13 . CS23 . CS34 . CCZ012 . CCZ013 . CCZ023 . CCZ123  (elapsed 100609s)
[947/1793] k=6 deg=2  377.2s  T0 . T1 . T2 . T5 . CS01 . CS02 . CS03 . CS12 . CS13 . CS24 . CS25 . CS34 . CCZ012 . CCZ013 . CCZ023 . CCZ123 . CCZ234  (elapsed 100645s)
[948/1793] k=6 deg=2  364.3s  T0 . T1 . T2 . T5 . CS01 . CS02 . CS03 . CS12 . CS13 . CS24 . CS34 . CS35 . CCZ012 . CCZ013 . CCZ023 . CCZ123 . CCZ234 . CCZ235 . CCZ245 . CCZ345  (elapsed 100974s)
[949/1793] k=6 deg=2  367.4s  T0 . T1 . T2 . T5 . CS01 . CS02 . CS03 . CS12 . CS13 . CS24 . CS34 . CS45 . CCZ012 . CCZ013 . CCZ023 . CCZ123 . CCZ234  (elapsed 101012s)
[950/1793] k=6 deg=2  365.9s  T0 . T1 . T2 . T5 . CS01 . CS02 . CS03 . CS12 . CS13 . CS24 . CS45 . CCZ012 . CCZ013 . CCZ023 . CCZ123  (elapsed 101340s)
[951/1793] k=6 deg=2  364.9s  T0 . T1 . T2 . T5 . CS01 . CS02 . CS03 . CS12 . CS13 . CS34 . CCZ012 . CCZ013 . CCZ023 . CCZ123 . CCZ234  (elapsed 101377s)
[952/1793] k=6 deg=1    0.7s  T0 . T1 . T2 . T5 . CS01 . CS02 . CS03 . CS12 . CS14 . CS24 . CS35 . CCZ012 . CCZ013 . CCZ023 . CCZ124 . CCZ135 . CCZ145 . CCZ235 . CCZ245  (elapsed 101378s)
[953/1793] k=6 deg=2  365.5s  T0 . T1 . T2 . T5 . CS01 . CS02 . CS03 . CS12 . CS14 . CS24 . CS34 . CS45 . CCZ012 . CCZ013 . CCZ023 . CCZ124 . CCZ134 . CCZ234  (elapsed 101705s)
[954/1793] k=6 deg=1    2.9s  T0 . T1 . T2 . T5 . CS01 . CS02 . CS03 . CS12 . CS34 . CCZ012 . CCZ013 . CCZ023 . CCZ134 . CCZ234  (elapsed 101708s)
[955/1793] k=6 deg=1    0.7s  T0 . T1 . T2 . T5 . CS01 . CS02 . CS03 . CS12 . CS34 . CS35 . CCZ012 . CCZ034  (elapsed 101709s)
[956/1793] k=6 deg=1    0.4s  T0 . T1 . T2 . T5 . CS01 . CS02 . CS03 . CS14 . CS15 . CS24 . CS45 . CCZ012 . CCZ013 . CCZ023 . CCZ145  (elapsed 101709s)
[957/1793] k=6 deg=1    0.7s  T0 . T1 . T2 . T5 . CS01 . CS02 . CS03 . CS14 . CS15 . CS34 . CCZ012 . CCZ013 . CCZ023 . CCZ124 . CCZ134 . CCZ234  (elapsed 101710s)
[958/1793] k=6 deg=1    1.7s  T0 . T1 . T2 . T5 . CS01 . CS02 . CS03 . CS14 . CS25 . CS34 . CS45 . CCZ012 . CCZ013 . CCZ023 . CCZ124 . CCZ134 . CCZ234 . CCZ245  (elapsed 101712s)
[959/1793] k=6 deg=1    1.4s  T0 . T1 . T2 . T5 . CS01 . CS02 . CS12 . CS34 . CCZ012 . CCZ034 . CCZ134 . CCZ234  (elapsed 101713s)
[960/1793] k=6 deg=1    3.2s  T0 . T1 . T2 . T5 . CS01 . CS23 . CS34 . CS45  (elapsed 101716s)
[961/1793] k=6 deg=2  365.9s  T0 . T1 . T2 . T5 . CS01 . CS02 . CS03 . CS12 . CS14 . CS24 . CS45 . CCZ012 . CCZ013 . CCZ023 . CCZ124  (elapsed 101743s)
[962/1793] k=6 deg=2  364.9s  T0 . T1 . T3 . CS01 . CS02 . CS03 . CS04 . CS05 . CS12 . CS13 . CS14 . CS15 . CS23 . CS34 . CS45 . CCZ012 . CCZ013 . CCZ014 . CCZ015 . CCZ023 . CCZ024 . CCZ025 . CCZ034 . CCZ123 . CCZ124 . CCZ125 . CCZ134 . CCZ234 . CCZ245  (elapsed 102081s)
[963/1793] k=6 deg=2  367.5s  T0 . T1 . T3 . CS01 . CS02 . CS03 . CS04 . CS05 . CS12 . CS13 . CS14 . CS15 . CS23 . CS45 . CCZ012 . CCZ013 . CCZ014 . CCZ015 . CCZ023 . CCZ024 . CCZ025 . CCZ123 . CCZ124 . CCZ125 . CCZ245  (elapsed 102111s)
[964/1793] k=6 deg=2  366.3s  T0 . T1 . T3 . CS01 . CS02 . CS03 . CS04 . CS05 . CS12 . CS13 . CS14 . CS23 . CS25 . CS34 . CCZ012 . CCZ013 . CCZ014 . CCZ015 . CCZ023 . CCZ024 . CCZ025 . CCZ034 . CCZ035 . CCZ045 . CCZ123 . CCZ124 . CCZ125 . CCZ134 . CCZ234 . CCZ235 . CCZ245  (elapsed 102447s)
[965/1793] k=6 deg=2  364.6s  T0 . T1 . T3 . CS01 . CS02 . CS03 . CS04 . CS05 . CS12 . CS13 . CS23 . CS24 . CS25 . CCZ012 . CCZ013 . CCZ014 . CCZ015 . CCZ023 . CCZ024 . CCZ025 . CCZ034 . CCZ035 . CCZ045 . CCZ123 . CCZ124 . CCZ125 . CCZ234 . CCZ235 . CCZ245  (elapsed 102476s)
[966/1793] k=6 deg=2  364.2s  T0 . T1 . T3 . CS01 . CS02 . CS03 . CS04 . CS05 . CS12 . CS13 . CS23 . CS24 . CS25 . CS45 . CCZ012 . CCZ013 . CCZ014 . CCZ015 . CCZ023 . CCZ024 . CCZ025 . CCZ034 . CCZ035 . CCZ045 . CCZ123 . CCZ124 . CCZ125 . CCZ145 . CCZ234 . CCZ235 . CCZ245 . CCZ345  (elapsed 102812s)
[967/1793] k=6 deg=2  364.6s  T0 . T1 . T3 . CS01 . CS02 . CS03 . CS04 . CS05 . CS12 . CS23 . CCZ012 . CCZ013 . CCZ014 . CCZ015 . CCZ023 . CCZ024 . CCZ025 . CCZ034 . CCZ035 . CCZ045  (elapsed 102840s)
[968/1793] k=6 deg=1    1.1s  T0 . T1 . T3 . CS01 . CS02 . CS03 . CS04 . CS12 . CS13 . CS15 . CS23 . CS24 . CS25 . CS35 . CS45 . CCZ012 . CCZ013 . CCZ014 . CCZ023 . CCZ024 . CCZ034 . CCZ123 . CCZ124 . CCZ135 . CCZ145 . CCZ234 . CCZ345  (elapsed 102841s)
[969/1793] k=6 deg=1    3.3s  T0 . T1 . T3 . CS01 . CS02 . CS03 . CS04 . CS12 . CS13 . CS23 . CS24 . CS45 . CCZ012 . CCZ013 . CCZ014 . CCZ023 . CCZ024 . CCZ034 . CCZ123 . CCZ124 . CCZ145 . CCZ234 . CCZ345  (elapsed 102845s)
[970/1793] k=6 deg=2  364.0s  T0 . T1 . T3 . CS01 . CS02 . CS03 . CS04 . CS12 . CS13 . CS15 . CS23 . CS24 . CS25 . CS35 . CCZ012 . CCZ013 . CCZ014 . CCZ023 . CCZ024 . CCZ034 . CCZ123 . CCZ124 . CCZ135 . CCZ234  (elapsed 103176s)
[971/1793] k=6 deg=2  364.0s  T0 . T1 . T3 . CS01 . CS02 . CS03 . CS04 . CS12 . CS15 . CS23 . CS35 . CCZ012 . CCZ013 . CCZ014 . CCZ023 . CCZ024 . CCZ034 . CCZ125 . CCZ235  (elapsed 103209s)
[972/1793] k=6 deg=2  386.8s  T0 . T1 . T3 . CS01 . CS02 . CS03 . CS04 . CS12 . CS15 . CS23 . CS45 . CCZ012 . CCZ013 . CCZ014 . CCZ023 . CCZ024 . CCZ034 . CCZ125 . CCZ135 . CCZ145 . CCZ245 . CCZ345  (elapsed 103562s)
[973/1793] k=6 deg=2  378.6s  T0 . T1 . T3 . CS01 . CS02 . CS03 . CS12 . CS14 . CS15 . CS24 . CS25 . CCZ012 . CCZ013 . CCZ023 . CCZ123 . CCZ134 . CCZ135 . CCZ145 . CCZ234 . CCZ235 . CCZ245  (elapsed 103587s)
[974/1793] k=6 deg=2  365.1s  T0 . T1 . T3 . CS01 . CS02 . CS03 . CS12 . CS14 . CS15 . CS24 . CS25 . CS34 . CS35 . CCZ012 . CCZ013 . CCZ023 . CCZ123 . CCZ145 . CCZ234 . CCZ235 . CCZ245 . CCZ345  (elapsed 103928s)
[975/1793] k=6 deg=2  367.5s  T0 . T1 . T3 . CS01 . CS02 . CS03 . CS12 . CS14 . CS15 . CS24 . CS25 . CS35 . CS45 . CCZ012 . CCZ013 . CCZ023 . CCZ123 . CCZ134 . CCZ234 . CCZ235 . CCZ245 . CCZ345  (elapsed 103955s)
[976/1793] k=6 deg=1    0.6s  T0 . T1 . T3 . CS01 . CS02 . CS03 . CS12 . CS15 . CS25 . CS34 . CS35 . CS45 . CCZ012 . CCZ013 . CCZ023 . CCZ123 . CCZ134 . CCZ145 . CCZ235  (elapsed 103955s)
[977/1793] k=6 deg=2  365.6s  T0 . T1 . T3 . CS01 . CS02 . CS03 . CS12 . CS14 . CS24 . CS35 . CS45 . CCZ012 . CCZ013 . CCZ023 . CCZ123 . CCZ134 . CCZ135 . CCZ145 . CCZ234 . CCZ345  (elapsed 104293s)
[978/1793] k=6 deg=1    0.3s  T0 . T1 . T3 . CS01 . CS02 . CS12 . CS23 . CS24 . CS34 . CS45 . CCZ012 . CCZ234  (elapsed 104293s)
[979/1793] k=6 deg=1    1.6s  T0 . T1 . T3 . CS01 . CS02 . CS12 . CS23 . CS24 . CS45 . CCZ012 . CCZ234 . CCZ345  (elapsed 104295s)
[980/1793] k=6 deg=1    1.4s  T0 . T1 . T3 . CS01 . CS02 . CS12 . CS23 . CS34 . CS45 . CCZ012 . CCZ234 . CCZ245  (elapsed 104296s)
[981/1793] k=6 deg=1    0.6s  T0 . T1 . T3 . CS01 . CS02 . CS12 . CS23 . CS45 . CCZ012 . CCZ245 . CCZ345  (elapsed 104297s)
[982/1793] k=6 deg=1    3.5s  T0 . T1 . T3 . CS01 . CS02 . CS12 . CS34 . CS35 . CCZ012 . CCZ345  (elapsed 104301s)
[983/1793] k=6 deg=1    1.1s  T0 . T1 . T3 . T4 . CS01 . CS02 . CS03 . CS04 . CS05 . CS12 . CS13 . CS14 . CS15 . CS23 . CS24 . CCZ012 . CCZ013 . CCZ014 . CCZ015 . CCZ023 . CCZ024 . CCZ025 . CCZ123 . CCZ124 . CCZ125  (elapsed 104302s)
[984/1793] k=6 deg=2  364.6s  T0 . T1 . T3 . CS01 . CS02 . CS03 . CS12 . CS34 . CS35 . CCZ012 . CCZ013 . CCZ023 . CCZ123 . CCZ134 . CCZ135 . CCZ345  (elapsed 104320s)
[985/1793] k=6 deg=2  367.3s  T0 . T1 . T3 . T4 . CS01 . CS02 . CS03 . CS04 . CS05 . CS12 . CS13 . CS14 . CS15 . CS23 . CS24 . CS34 . CCZ012 . CCZ013 . CCZ014 . CCZ015 . CCZ023 . CCZ024 . CCZ025 . CCZ034 . CCZ123 . CCZ124 . CCZ125 . CCZ134 . CCZ234  (elapsed 104669s)
[986/1793] k=6 deg=1    0.3s  T0 . T1 . T3 . T4 . CS01 . CS02 . CS03 . CS04 . CS12 . CS13 . CS15 . CS23 . CS25 . CS35 . CCZ012 . CCZ013 . CCZ014 . CCZ023 . CCZ024 . CCZ034 . CCZ123 . CCZ124 . CCZ135 . CCZ145 . CCZ234 . CCZ245 . CCZ345  (elapsed 104669s)
[987/1793] k=6 deg=1    2.9s  T0 . T1 . T3 . T4 . CS01 . CS02 . CS03 . CS04 . CS12 . CS13 . CS15 . CS23 . CS25 . CS35 . CS45 . CCZ012 . CCZ013 . CCZ014 . CCZ023 . CCZ024 . CCZ034 . CCZ123 . CCZ124 . CCZ135 . CCZ234 . CCZ245  (elapsed 104672s)
[988/1793] k=6 deg=1    0.6s  T0 . T1 . T3 . T4 . CS01 . CS02 . CS03 . CS04 . CS12 . CS13 . CS23 . CS45 . CCZ012 . CCZ013 . CCZ014 . CCZ023 . CCZ024 . CCZ034 . CCZ123 . CCZ124 . CCZ145 . CCZ234 . CCZ345  (elapsed 104673s)
[989/1793] k=6 deg=1    2.9s  T0 . T1 . T3 . T4 . CS01 . CS02 . CS03 . CS04 . CS12 . CS15 . CS23 . CS24 . CS45 . CCZ012 . CCZ013 . CCZ014 . CCZ023 . CCZ024 . CCZ034 . CCZ125 . CCZ134 . CCZ135 . CCZ245 . CCZ345  (elapsed 104676s)
[990/1793] k=6 deg=1    0.1s  T0 . T1 . T3 . T4 . CS01 . CS02 . CS03 . CS04 . CS12 . CS15 . CS25 . CS34 . CCZ012 . CCZ013 . CCZ014 . CCZ023 . CCZ024 . CCZ034 . CCZ123 . CCZ124 . CCZ135 . CCZ145 . CCZ235 . CCZ245  (elapsed 104676s)
[991/1793] k=6 deg=2  368.6s  T0 . T1 . T3 . T4 . CS01 . CS02 . CS03 . CS04 . CS05 . CS12 . CS13 . CS14 . CS23 . CS24 . CS25 . CS34 . CCZ012 . CCZ013 . CCZ014 . CCZ015 . CCZ023 . CCZ024 . CCZ025 . CCZ034 . CCZ035 . CCZ045 . CCZ123 . CCZ124 . CCZ125 . CCZ134 . CCZ234 . CCZ235 . CCZ245  (elapsed 104689s)
[992/1793] k=6 deg=2  369.2s  T0 . T1 . T3 . T4 . CS01 . CS02 . CS03 . CS04 . CS12 . CS15 . CS25 . CS34 . CS35 . CS45 . CCZ012 . CCZ013 . CCZ014 . CCZ023 . CCZ024 . CCZ034 . CCZ123 . CCZ124 . CCZ235 . CCZ245 . CCZ345  (elapsed 105045s)
[993/1793] k=6 deg=1    2.5s  T0 . T1 . T3 . T4 . CS01 . CS02 . CS03 . CS04 . CS12 . CS34 . CS35 . CS45 . CCZ012 . CCZ013 . CCZ014 . CCZ023 . CCZ024 . CCZ034 . CCZ123 . CCZ124 . CCZ135 . CCZ145 . CCZ345  (elapsed 105048s)
[994/1793] k=6 deg=1    0.6s  T0 . T1 . T3 . T4 . CS01 . CS02 . CS03 . CS04 . CS12 . CS35 . CS45 . CCZ012 . CCZ013 . CCZ014 . CCZ023 . CCZ024 . CCZ034 . CCZ123 . CCZ124 . CCZ134 . CCZ135 . CCZ145  (elapsed 105048s)
[995/1793] k=6 deg=2  376.8s  T0 . T1 . T3 . T4 . CS01 . CS02 . CS03 . CS04 . CS12 . CS15 . CS25 . CS45 . CCZ012 . CCZ013 . CCZ014 . CCZ023 . CCZ024 . CCZ034 . CCZ123 . CCZ124 . CCZ134 . CCZ135 . CCZ235 . CCZ245 . CCZ345  (elapsed 105066s)
[996/1793] k=6 deg=2  369.2s  T0 . T1 . T3 . T4 . CS01 . CS02 . CS03 . CS12 . CS14 . CS15 . CS25 . CS34 . CS35 . CCZ012 . CCZ013 . CCZ023 . CCZ123 . CCZ134 . CCZ235  (elapsed 105417s)
[997/1793] k=6 deg=2  365.0s  T0 . T1 . T3 . T4 . CS01 . CS02 . CS03 . CS12 . CS14 . CS34 . CS35 . CS45 . CCZ012 . CCZ013 . CCZ023 . CCZ123 . CCZ134 . CCZ135 . CCZ145 . CCZ345  (elapsed 105431s)
[998/1793] k=6 deg=1    0.3s  T0 . T1 . T3 . T4 . CS01 . CS02 . CS03 . CS12 . CS24 . CS35 . CCZ012 . CCZ013 . CCZ023 . CCZ123 . CCZ134 . CCZ135 . CCZ234 . CCZ345  (elapsed 105431s)
[999/1793] k=6 deg=2 2379.7s  T0 . T1 . T3 . T4 . CS01 . CS02 . CS03 . CS12 . CS15 . CS24 . CS25 . CS35 . CCZ012 . CCZ013 . CCZ023 . CCZ123 . CCZ134 . CCZ145 . CCZ234 . CCZ235 . CCZ245 . CCZ345  (elapsed 107797s)
[1000/1793] k=6 deg=2 3366.2s  T0 . T1 . T3 . T4 . CS01 . CS02 . CS12 . CS23 . CS34 . CS45 . CCZ012 . CCZ345  (elapsed 108797s)
[1001/1793] k=6 deg=2 1464.3s  T0 . T1 . T3 . T4 . CS01 . CS02 . CS12 . CS23 . CS45 . CCZ012  (elapsed 109261s)
[1002/1793] k=6 deg=2  476.2s  T0 . T1 . T3 . T4 . CS01 . CS02 . CS12 . CS34 . CS35 . CS45 . CCZ012 . CCZ345  (elapsed 109273s)
[1003/1793] k=6 deg=2  461.3s  T0 . T1 . T3 . T4 . T5 . CS01 . CS02 . CS03 . CS04 . CS05 . CS12 . CS13 . CS14 . CS15 . CS23 . CS24 . CS25 . CCZ012 . CCZ013 . CCZ014 . CCZ015 . CCZ023 . CCZ024 . CCZ025 . CCZ123 . CCZ124 . CCZ125  (elapsed 109723s)
[1004/1793] k=6 deg=2  458.1s  T0 . T1 . T3 . T4 . T5 . CS01 . CS02 . CS03 . CS04 . CS05 . CS12 . CS13 . CS14 . CS15 . CS23 . CS24 . CS25 . CS34 . CCZ012 . CCZ013 . CCZ014 . CCZ015 . CCZ023 . CCZ024 . CCZ025 . CCZ034 . CCZ123 . CCZ124 . CCZ125 . CCZ134 . CCZ234  (elapsed 109731s)
[1005/1793] k=6 deg=2  459.9s  T0 . T1 . T3 . T4 . T5 . CS01 . CS02 . CS03 . CS04 . CS05 . CS12 . CS13 . CS14 . CS23 . CS24 . CS34 . CCZ012 . CCZ013 . CCZ014 . CCZ015 . CCZ023 . CCZ024 . CCZ025 . CCZ034 . CCZ035 . CCZ045 . CCZ123 . CCZ124 . CCZ125 . CCZ134 . CCZ234 . CCZ235 . CCZ245  (elapsed 110183s)
[1006/1793] k=6 deg=2  457.8s  T0 . T1 . T3 . T4 . T5 . CS01 . CS02 . CS03 . CS04 . CS05 . CS12 . CS13 . CS23 . CCZ012 . CCZ013 . CCZ014 . CCZ015 . CCZ023 . CCZ024 . CCZ025 . CCZ034 . CCZ035 . CCZ045 . CCZ123 . CCZ124 . CCZ125 . CCZ145 . CCZ234 . CCZ235 . CCZ345  (elapsed 110189s)
[1007/1793] k=6 deg=2  464.8s  T0 . T1 . T3 . T4 . T5 . CS01 . CS02 . CS03 . CS04 . CS05 . CS12 . CS13 . CS23 . CS45 . CCZ012 . CCZ013 . CCZ014 . CCZ015 . CCZ023 . CCZ024 . CCZ025 . CCZ034 . CCZ035 . CCZ045 . CCZ123 . CCZ124 . CCZ125 . CCZ234 . CCZ235  (elapsed 110647s)
[1008/1793] k=6 deg=2  461.7s  T0 . T1 . T3 . T4 . T5 . CS01 . CS02 . CS03 . CS04 . CS05 . CS12 . CS34 . CS35 . CS45 . CCZ012 . CCZ013 . CCZ014 . CCZ015 . CCZ023 . CCZ024 . CCZ025 . CCZ034 . CCZ035 . CCZ045 . CCZ123 . CCZ124 . CCZ125 . CCZ345  (elapsed 110651s)
[1009/1793] k=6 deg=1    1.4s  T0 . T1 . T3 . T4 . T5 . CS01 . CS02 . CS03 . CS04 . CS12 . CS13 . CS14 . CS23 . CS24 . CS25 . CCZ012 . CCZ013 . CCZ014 . CCZ023 . CCZ024 . CCZ123 . CCZ124  (elapsed 110652s)
[1010/1793] k=6 deg=1    2.0s  T0 . T1 . T3 . T4 . T5 . CS01 . CS02 . CS03 . CS04 . CS12 . CS13 . CS15 . CS23 . CS35 . CCZ012 . CCZ013 . CCZ014 . CCZ023 . CCZ024 . CCZ034 . CCZ123 . CCZ124 . CCZ135 . CCZ234  (elapsed 110655s)
[1011/1793] k=6 deg=1    0.6s  T0 . T1 . T3 . T4 . T5 . CS01 . CS02 . CS03 . CS04 . CS12 . CS13 . CS15 . CS23 . CS35 . CS45 . CCZ012 . CCZ013 . CCZ014 . CCZ023 . CCZ024 . CCZ034 . CCZ123 . CCZ124 . CCZ135 . CCZ145 . CCZ234 . CCZ345  (elapsed 110655s)
[1012/1793] k=6 deg=1    1.0s  T0 . T1 . T3 . T4 . T5 . CS01 . CS02 . CS03 . CS04 . CS12 . CS13 . CS23 . CS25 . CCZ012 . CCZ013 . CCZ014 . CCZ023 . CCZ024 . CCZ034 . CCZ123 . CCZ124 . CCZ145 . CCZ234 . CCZ245 . CCZ345  (elapsed 110656s)
[1013/1793] k=6 deg=1    0.1s  T0 . T1 . T3 . T4 . T5 . CS01 . CS02 . CS03 . CS04 . CS12 . CS13 . CS23 . CS25 . CS45 . CCZ012 . CCZ013 . CCZ014 . CCZ023 . CCZ024 . CCZ034 . CCZ123 . CCZ124 . CCZ234 . CCZ245  (elapsed 110656s)
[1014/1793] k=6 deg=1    0.6s  T0 . T1 . T3 . T4 . T5 . CS01 . CS02 . CS03 . CS04 . CS12 . CS15 . CS23 . CS24 . CS25 . CS35 . CCZ012 . CCZ013 . CCZ014 . CCZ023 . CCZ024 . CCZ034 . CCZ125 . CCZ134 . CCZ135 . CCZ235  (elapsed 110657s)
[1015/1793] k=6 deg=1    2.8s  T0 . T1 . T3 . T4 . T5 . CS01 . CS02 . CS03 . CS04 . CS12 . CS15 . CS34 . CCZ012 . CCZ013 . CCZ014 . CCZ023 . CCZ024 . CCZ034 . CCZ123 . CCZ124  (elapsed 110660s)
[1016/1793] k=6 deg=1    2.9s  T0 . T1 . T3 . T4 . T5 . CS01 . CS02 . CS03 . CS04 . CS12 . CS15 . CS34 . CS35 . CS45 . CCZ012 . CCZ013 . CCZ014 . CCZ023 . CCZ024 . CCZ034 . CCZ123 . CCZ124 . CCZ135 . CCZ145 . CCZ345  (elapsed 110663s)
[1017/1793] k=6 deg=1    0.5s  T0 . T1 . T3 . T4 . T5 . CS01 . CS02 . CS03 . CS04 . CS12 . CS15 . CS35 . CCZ012 . CCZ013 . CCZ014 . CCZ023 . CCZ024 . CCZ034 . CCZ123 . CCZ124 . CCZ134 . CCZ135  (elapsed 110663s)
[1018/1793] k=6 deg=2  466.1s  T0 . T1 . T3 . T4 . T5 . CS01 . CS02 . CS03 . CS04 . CS12 . CS23 . CS24 . CS25 . CCZ012 . CCZ013 . CCZ014 . CCZ023 . CCZ024 . CCZ034 . CCZ134 . CCZ135 . CCZ145 . CCZ345  (elapsed 111129s)
[1019/1793] k=6 deg=2  481.8s  T0 . T1 . T3 . T4 . T5 . CS01 . CS02 . CS03 . CS04 . CS05 . CS12 . CS45 . CCZ012 . CCZ013 . CCZ014 . CCZ015 . CCZ023 . CCZ024 . CCZ025 . CCZ034 . CCZ035 . CCZ045 . CCZ123 . CCZ124 . CCZ125 . CCZ134 . CCZ135  (elapsed 111129s)
[1020/1793] k=6 deg=2  459.7s  T0 . T1 . T3 . T4 . T5 . CS01 . CS02 . CS03 . CS04 . CS12 . CS25 . CCZ012  (elapsed 111589s)
[1021/1793] k=6 deg=1    1.0s  T0 . T1 . T3 . T4 . T5 . CS01 . CS02 . CS03 . CS04 . CS12 . CS25 . CS34 . CCZ012 . CCZ013 . CCZ014 . CCZ023 . CCZ024 . CCZ034 . CCZ123 . CCZ124 . CCZ135 . CCZ145 . CCZ235 . CCZ245  (elapsed 111590s)
[1022/1793] k=6 deg=2  461.8s  T0 . T1 . T3 . T4 . T5 . CS01 . CS02 . CS03 . CS04 . CS12 . CS25 . CCZ012 . CCZ013 . CCZ014 . CCZ023 . CCZ024 . CCZ034 . CCZ123 . CCZ124 . CCZ134 . CCZ135 . CCZ145 . CCZ235 . CCZ245 . CCZ345  (elapsed 111591s)
[1023/1793] k=6 deg=1    1.6s  T0 . T1 . T3 . T4 . T5 . CS01 . CS02 . CS03 . CS04 . CS12 . CS25 . CS34 . CS35 . CS45 . CCZ012 . CCZ013 . CCZ014 . CCZ023 . CCZ024 . CCZ034 . CCZ123 . CCZ124 . CCZ235 . CCZ245 . CCZ345  (elapsed 111592s)
[1024/1793] k=6 deg=1    3.6s  T0 . T1 . T3 . T4 . T5 . CS01 . CS02 . CS03 . CS05 . CS12 . CS24 . CS34 . CS45 . CCZ012 . CCZ034 . CCZ045  (elapsed 111595s)
[1025/1793] k=6 deg=2  458.7s  T0 . T1 . T3 . T4 . T5 . CS01 . CS02 . CS03 . CS04 . CS12 . CS25 . CS35 . CS45 . CCZ012 . CCZ013 . CCZ014 . CCZ023 . CCZ024 . CCZ034 . CCZ123 . CCZ124 . CCZ134 . CCZ235 . CCZ245 . CCZ345  (elapsed 112050s)
[1026/1793] k=6 deg=2  457.3s  T0 . T1 . T3 . T4 . T5 . CS01 . CS02 . CS03 . CS12 . CS13 . CS25 . CS45 . CCZ012 . CCZ013 . CCZ024 . CCZ124 . CCZ245  (elapsed 112052s)
[1027/1793] k=6 deg=2  461.8s  T0 . T1 . T3 . T4 . T5 . CS01 . CS02 . CS03 . CS12 . CS14 . CS15 . CS45 . CCZ012 . CCZ013 . CCZ023 . CCZ123 . CCZ145  (elapsed 112514s)
[1028/1793] k=6 deg=1    0.4s  T0 . T1 . T3 . T4 . T5 . CS01 . CS02 . CS03 . CS12 . CS14 . CS23 . CS24 . CS25 . CS35 . CCZ012 . CCZ013 . CCZ023 . CCZ124 . CCZ235  (elapsed 112515s)
[1029/1793] k=6 deg=2  466.0s  T0 . T1 . T3 . T4 . T5 . CS01 . CS02 . CS03 . CS12 . CS14 . CS15 . CS34 . CCZ012 . CCZ013 . CCZ023 . CCZ123 . CCZ134  (elapsed 112516s)
[1030/1793] k=6 deg=1    1.5s  T0 . T1 . T3 . T4 . T5 . CS01 . CS02 . CS03 . CS12 . CS14 . CS23 . CS24 . CS25 . CS45 . CCZ012 . CCZ013 . CCZ023 . CCZ124 . CCZ135 . CCZ145 . CCZ245  (elapsed 112516s)
[1031/1793] k=6 deg=2  470.6s  T0 . T1 . T3 . T4 . T5 . CS01 . CS02 . CS03 . CS12 . CS14 . CS25 . CS34 . CS45 . CCZ012 . CCZ013 . CCZ023 . CCZ123 . CCZ134 . CCZ135 . CCZ145 . CCZ235 . CCZ345  (elapsed 112987s)
[1032/1793] k=6 deg=2  471.3s  T0 . T1 . T3 . T4 . T5 . CS01 . CS02 . CS03 . CS12 . CS14 . CS25 . CS34 . CS35 . CCZ012 . CCZ013 . CCZ023 . CCZ123 . CCZ134 . CCZ235  (elapsed 112987s)
[1033/1793] k=6 deg=1    3.2s  T0 . T1 . T3 . T4 . T5 . CS01 . CS02 . CS03 . CS12 . CS15 . CS24 . CS45 . CCZ012 . CCZ013 . CCZ023 . CCZ123 . CCZ134 . CCZ145 . CCZ234  (elapsed 112990s)
[1034/1793] k=6 deg=1    0.5s  T0 . T1 . T3 . T4 . T5 . CS01 . CS02 . CS03 . CS12 . CS23 . CS24 . CS25 . CS45 . CCZ012 . CCZ013 . CCZ023 . CCZ134 . CCZ135 . CCZ245  (elapsed 112991s)
[1035/1793] k=6 deg=1    2.9s  T0 . T1 . T3 . T4 . T5 . CS01 . CS02 . CS03 . CS12 . CS24 . CS25 . CS34 . CS45 . CCZ012 . CCZ034 . CCZ245  (elapsed 112994s)
[1036/1793] k=6 deg=2  471.3s  T0 . T1 . T3 . T4 . T5 . CS01 . CS02 . CS03 . CS12 . CS14 . CS25 . CS35 . CCZ012 . CCZ013 . CCZ023 . CCZ123 . CCZ235  (elapsed 113458s)
[1037/1793] k=6 deg=2  474.3s  T0 . T1 . T3 . T4 . T5 . CS01 . CS02 . CS03 . CS12 . CS24 . CS25 . CS35 . CS45 . CCZ012 . CCZ013 . CCZ023 . CCZ123 . CCZ134 . CCZ234 . CCZ235 . CCZ245 . CCZ345  (elapsed 113468s)
[1038/1793] k=6 deg=2  471.3s  T0 . T1 . T3 . T4 . T5 . CS01 . CS02 . CS03 . CS12 . CS24 . CS25 . CS45 . CCZ012 . CCZ013 . CCZ023 . CCZ123 . CCZ134 . CCZ135 . CCZ234 . CCZ235 . CCZ245  (elapsed 113929s)
[1039/1793] k=6 deg=2  465.9s  T0 . T1 . T3 . T4 . T5 . CS01 . CS02 . CS03 . CS12 . CS24 . CS25 . CS45 . CCZ012 . CCZ245  (elapsed 113934s)
[1040/1793] k=6 deg=1    0.2s  T0 . T1 . T3 . T4 . T5 . CS01 . CS02 . CS12 . CS23 . CS24 . CS25 . CCZ012  (elapsed 113935s)
[1041/1793] k=6 deg=2  471.0s  T0 . T1 . T3 . T4 . T5 . CS01 . CS02 . CS12 . CS23 . CCZ012  (elapsed 114400s)
[1042/1793] k=6 deg=2  471.9s  T0 . T1 . T3 . T4 . T5 . CS01 . CS02 . CS12 . CS23 . CS24 . CS25 . CCZ012 . CCZ034 . CCZ035 . CCZ045 . CCZ134 . CCZ135 . CCZ145 . CCZ345  (elapsed 114406s)
[1043/1793] k=6 deg=1    3.4s  T0 . T1 . T3 . T4 . T5 . CS01 . CS02 . CS12 . CS23 . CS24 . CS25 . CS45 . CCZ012 . CCZ034 . CCZ035 . CCZ134 . CCZ135 . CCZ245  (elapsed 114410s)
[1044/1793] k=6 deg=2  464.8s  T0 . T1 . T3 . T4 . T5 . CS01 . CS02 . CS12 . CS23 . CS24 . CS25 . CS34 . CCZ012 . CCZ234  (elapsed 114865s)
[1045/1793] k=6 deg=2  465.7s  T0 . T1 . T3 . T4 . T5 . CS01 . CS02 . CS12 . CS23 . CS34 . CS35 . CCZ012  (elapsed 114875s)
[1046/1793] k=6 deg=2  461.3s  T0 . T1 . T3 . T4 . T5 . CS01 . CS02 . CS12 . CS34 . CCZ012  (elapsed 115327s)
[1047/1793] k=6 deg=1    3.3s  T0 . T1 . T3 . T4 . T5 . CS01 . CS02 . CS13 . CS23 . CS45 . CCZ012 . CCZ123  (elapsed 115330s)
[1048/1793] k=6 deg=2  463.6s  T0 . T1 . T3 . T4 . T5 . CS01 . CS02 . CS13 . CS14 . CS23 . CCZ012 . CCZ123  (elapsed 115339s)
[1049/1793] k=6 deg=2  462.6s  T0 . T1 . T3 . T4 . T5 . CS01 . CS02 . CS13 . CS45 . CCZ012  (elapsed 115793s)
[1050/1793] k=6 deg=2  463.1s  T0 . T1 . T3 . T5 . CS01 . CS02 . CS03 . CS04 . CS05 . CS12 . CS13 . CS14 . CS15 . CS23 . CS25 . CS34 . CCZ012 . CCZ013 . CCZ014 . CCZ015 . CCZ023 . CCZ024 . CCZ025 . CCZ034 . CCZ123 . CCZ124 . CCZ125 . CCZ134 . CCZ234  (elapsed 115802s)
[1051/1793] k=6 deg=2  463.3s  T0 . T1 . T3 . T5 . CS01 . CS02 . CS03 . CS04 . CS05 . CS12 . CS13 . CS14 . CS23 . CS34 . CS45 . CCZ012 . CCZ013 . CCZ014 . CCZ015 . CCZ023 . CCZ024 . CCZ025 . CCZ034 . CCZ035 . CCZ045 . CCZ123 . CCZ124 . CCZ125 . CCZ134 . CCZ234 . CCZ235  (elapsed 116256s)
[1052/1793] k=6 deg=1    2.6s  T0 . T1 . T3 . T5 . CS01 . CS02 . CS03 . CS04 . CS05 . CS12 . CS13 . CS23 . CS24 . CS45 . CCZ012 . CCZ013 . CCZ014 . CCZ015 . CCZ023 . CCZ024 . CCZ025 . CCZ034 . CCZ035 . CCZ045 . CCZ123 . CCZ124 . CCZ125 . CCZ145 . CCZ234 . CCZ235 . CCZ245 . CCZ345  (elapsed 116259s)
[1053/1793] k=6 deg=2  473.8s  T0 . T1 . T3 . T5 . CS01 . CS02 . CS03 . CS04 . CS05 . CS12 . CS13 . CS23 . CS24 . CCZ012 . CCZ013 . CCZ014 . CCZ015 . CCZ023 . CCZ024 . CCZ025 . CCZ034 . CCZ035 . CCZ045 . CCZ123 . CCZ124 . CCZ125 . CCZ234 . CCZ235 . CCZ245  (elapsed 116276s)
[1054/1793] k=6 deg=2  457.7s  T0 . T1 . T3 . T5 . CS01 . CS02 . CS03 . CS04 . CS05 . CS12 . CS24 . CS34 . CCZ012 . CCZ013 . CCZ014 . CCZ015 . CCZ023 . CCZ024 . CCZ025 . CCZ034 . CCZ035 . CCZ045 . CCZ123 . CCZ124 . CCZ125 . CCZ134 . CCZ135 . CCZ234 . CCZ245 . CCZ345  (elapsed 116716s)
[1055/1793] k=6 deg=1    4.6s  T0 . T1 . T3 . T5 . CS01 . CS02 . CS03 . CS04 . CS12 . CS13 . CS15 . CS23 . CS24 . CS35 . CCZ012 . CCZ013 . CCZ014 . CCZ023 . CCZ024 . CCZ034 . CCZ123 . CCZ124 . CCZ135 . CCZ234  (elapsed 116721s)
[1056/1793] k=6 deg=2  456.9s  T0 . T1 . T3 . T5 . CS01 . CS02 . CS03 . CS04 . CS12 . CS13 . CS14 . CS23 . CS25 . CS45 . CCZ012 . CCZ013 . CCZ014 . CCZ023 . CCZ024 . CCZ123 . CCZ124 . CCZ245  (elapsed 116733s)
[1057/1793] k=6 deg=2  461.7s  T0 . T1 . T3 . T5 . CS01 . CS02 . CS03 . CS04 . CS12 . CS13 . CS15 . CS23 . CS24 . CS35 . CS45 . CCZ012 . CCZ013 . CCZ014 . CCZ023 . CCZ024 . CCZ034 . CCZ123 . CCZ124 . CCZ135 . CCZ145 . CCZ234 . CCZ345  (elapsed 117182s)
[1058/1793] k=6 deg=1    0.8s  T0 . T1 . T3 . T5 . CS01 . CS02 . CS03 . CS04 . CS12 . CS13 . CS23 . CS24 . CS25 . CS45 . CCZ012 . CCZ013 . CCZ014 . CCZ023 . CCZ024 . CCZ034 . CCZ123 . CCZ124 . CCZ145 . CCZ234 . CCZ345  (elapsed 117183s)
[1059/1793] k=6 deg=2  459.9s  T0 . T1 . T3 . T5 . CS01 . CS02 . CS03 . CS04 . CS12 . CS13 . CS23 . CS24 . CS25 . CCZ012 . CCZ013 . CCZ014 . CCZ023 . CCZ024 . CCZ034 . CCZ123 . CCZ124 . CCZ234  (elapsed 117193s)
[1060/1793] k=6 deg=1    3.4s  T0 . T1 . T3 . T5 . CS01 . CS02 . CS03 . CS04 . CS12 . CS15 . CS23 . CS25 . CS35 . CS45 . CCZ012 . CCZ013 . CCZ014 . CCZ023 . CCZ024 . CCZ034 . CCZ125 . CCZ135 . CCZ145 . CCZ235 . CCZ245 . CCZ345  (elapsed 117196s)
[1061/1793] k=6 deg=2  458.1s  T0 . T1 . T3 . T5 . CS01 . CS02 . CS03 . CS04 . CS12 . CS15 . CS24 . CS34 . CS35 . CCZ012 . CCZ013 . CCZ014 . CCZ023 . CCZ024 . CCZ034 . CCZ123 . CCZ124 . CCZ134 . CCZ135 . CCZ234  (elapsed 117654s)
[1062/1793] k=6 deg=1    1.3s  T0 . T1 . T3 . T5 . CS01 . CS02 . CS03 . CS04 . CS12 . CS23 . CS25 . CS45 . CCZ012 . CCZ013 . CCZ014 . CCZ023 . CCZ024 . CCZ034 . CCZ135 . CCZ145 . CCZ245 . CCZ345  (elapsed 117656s)
[1063/1793] k=6 deg=2  476.7s  T0 . T1 . T3 . T5 . CS01 . CS02 . CS03 . CS04 . CS12 . CS15 . CS23 . CS25 . CCZ012 . CCZ013 . CCZ014 . CCZ023 . CCZ024 . CCZ034 . CCZ125  (elapsed 117660s)
[1064/1793] k=6 deg=1    2.1s  T0 . T1 . T3 . T5 . CS01 . CS02 . CS03 . CS12 . CS13 . CS24 . CS25 . CCZ012 . CCZ013 . CCZ024 . CCZ124  (elapsed 117662s)
[1065/1793] k=6 deg=2  459.9s  T0 . T1 . T3 . T5 . CS01 . CS02 . CS03 . CS05 . CS12 . CS34 . CS45 . CCZ012 . CCZ034 . CCZ045  (elapsed 118116s)
[1066/1793] k=6 deg=1    3.1s  T0 . T1 . T3 . T5 . CS01 . CS02 . CS03 . CS12 . CS14 . CS15 . CS24 . CS34 . CS45 . CCZ012 . CCZ013 . CCZ023 . CCZ123 . CCZ145 . CCZ234  (elapsed 118119s)
[1067/1793] k=6 deg=2  459.5s  T0 . T1 . T3 . T5 . CS01 . CS02 . CS03 . CS12 . CS14 . CS15 . CS24 . CCZ012 . CCZ013 . CCZ023 . CCZ123 . CCZ134 . CCZ234  (elapsed 118122s)
[1068/1793] k=6 deg=2  461.5s  T0 . T1 . T3 . T5 . CS01 . CS02 . CS03 . CS12 . CS14 . CS23 . CS25 . CS34 . CCZ012 . CCZ013 . CCZ023 . CCZ124 . CCZ135 . CCZ145 . CCZ234 . CCZ345  (elapsed 118583s)
[1069/1793] k=6 deg=2  475.6s  T0 . T1 . T3 . T5 . CS01 . CS02 . CS03 . CS12 . CS14 . CS15 . CS24 . CS35 . CS45 . CCZ012 . CCZ013 . CCZ023 . CCZ123 . CCZ134 . CCZ135 . CCZ145 . CCZ234 . CCZ345  (elapsed 118594s)
[1070/1793] k=6 deg=2  457.9s  T0 . T1 . T3 . T5 . CS01 . CS02 . CS03 . CS12 . CS14 . CS23 . CS25 . CS35 . CS45 . CCZ012 . CCZ013 . CCZ023 . CCZ124 . CCZ134 . CCZ235 . CCZ245 . CCZ345  (elapsed 119041s)
[1071/1793] k=6 deg=2  458.1s  T0 . T1 . T3 . T5 . CS01 . CS02 . CS03 . CS12 . CS14 . CS24 . CS25 . CCZ012 . CCZ013 . CCZ023 . CCZ123 . CCZ134 . CCZ135 . CCZ145 . CCZ234 . CCZ235 . CCZ245  (elapsed 119053s)
[1072/1793] k=6 deg=1    3.9s  T0 . T1 . T3 . T5 . CS01 . CS02 . CS03 . CS12 . CS15 . CS34 . CS45 . CCZ012 . CCZ013 . CCZ023 . CCZ123 . CCZ134 . CCZ145  (elapsed 119056s)
[1073/1793] k=6 deg=2  462.2s  T0 . T1 . T3 . T5 . CS01 . CS02 . CS03 . CS12 . CS14 . CS24 . CS25 . CS35 . CS45 . CCZ012 . CCZ013 . CCZ023 . CCZ123 . CCZ134 . CCZ234 . CCZ235 . CCZ245 . CCZ345  (elapsed 119503s)
[1074/1793] k=6 deg=1    0.7s  T0 . T1 . T3 . T5 . CS01 . CS02 . CS03 . CS12 . CS25 . CS34 . CS35 . CCZ012 . CCZ013 . CCZ023 . CCZ123 . CCZ134 . CCZ235  (elapsed 119504s)
[1075/1793] k=6 deg=2  459.5s  T0 . T1 . T3 . T5 . CS01 . CS02 . CS03 . CS12 . CS25 . CS34 . CCZ012 . CCZ034  (elapsed 119516s)
[1076/1793] k=6 deg=1    2.7s  T0 . T1 . T3 . T5 . CS01 . CS02 . CS12 . CS23 . CS24 . CS35 . CCZ012 . CCZ234  (elapsed 119519s)
[1077/1793] k=6 deg=1    3.8s  T0 . T1 . T3 . T5 . CS01 . CS02 . CS12 . CS23 . CS24 . CS35 . CS45 . CCZ012 . CCZ234 . CCZ345  (elapsed 119522s)
[1078/1793] k=6 deg=2  460.5s  T0 . T1 . T3 . T5 . CS01 . CS02 . CS12 . CS23 . CS24 . CS34 . CCZ012 . CCZ234  (elapsed 119965s)
[1079/1793] k=6 deg=2  464.1s  T0 . T1 . T3 . T5 . CS01 . CS02 . CS12 . CS23 . CS25 . CS34 . CCZ012 . CCZ234  (elapsed 119986s)
[1080/1793] k=6 deg=1    3.1s  T0 . T1 . T3 . T5 . CS01 . CS02 . CS12 . CS34 . CS45 . CCZ012  (elapsed 119990s)
[1081/1793] k=6 deg=2  474.1s  T0 . T1 . T3 . T5 . CS01 . CS02 . CS12 . CS23 . CS25 . CS34 . CS45 . CCZ012 . CCZ234 . CCZ245  (elapsed 120439s)
[1082/1793] k=6 deg=2  476.9s  T0 . T1 . T3 . T5 . CS01 . CS02 . CS13 . CS14 . CS23 . CS45 . CCZ012 . CCZ123  (elapsed 120467s)
[1083/1793] k=6 deg=2  464.1s  T0 . T1 . T3 . T5 . CS01 . CS02 . CS14 . CS23 . CS35 . CS45 . CCZ012 . CCZ123 . CCZ134 . CCZ345  (elapsed 120903s)
[1084/1793] k=6 deg=2  459.8s  T0 . T1 . T4 . CS01 . CS02 . CS03 . CS04 . CS05 . CS12 . CS13 . CS14 . CS15 . CS24 . CS34 . CCZ012 . CCZ013 . CCZ014 . CCZ015 . CCZ023 . CCZ024 . CCZ025 . CCZ034 . CCZ035 . CCZ123 . CCZ124 . CCZ125 . CCZ134 . CCZ135 . CCZ234  (elapsed 120926s)
[1085/1793] k=6 deg=2  461.8s  T0 . T1 . T4 . CS01 . CS02 . CS03 . CS04 . CS05 . CS12 . CS13 . CS14 . CS24 . CS25 . CS34 . CS35 . CCZ012 . CCZ013 . CCZ014 . CCZ015 . CCZ023 . CCZ024 . CCZ025 . CCZ034 . CCZ035 . CCZ045 . CCZ123 . CCZ124 . CCZ125 . CCZ134 . CCZ135 . CCZ234 . CCZ235 . CCZ245 . CCZ345  (elapsed 121365s)
[1086/1793] k=6 deg=2  459.2s  T0 . T1 . T4 . CS01 . CS02 . CS03 . CS04 . CS05 . CS12 . CS13 . CS24 . CS34 . CCZ012 . CCZ013 . CCZ014 . CCZ015 . CCZ023 . CCZ024 . CCZ025 . CCZ034 . CCZ035 . CCZ045 . CCZ123 . CCZ234  (elapsed 121386s)
[1087/1793] k=6 deg=1    0.8s  T0 . T1 . T4 . CS01 . CS02 . CS03 . CS04 . CS12 . CS13 . CS14 . CS24 . CS35 . CCZ012 . CCZ013 . CCZ014 . CCZ023 . CCZ024 . CCZ035 . CCZ123 . CCZ124 . CCZ135 . CCZ235  (elapsed 121386s)
[1088/1793] k=6 deg=1    0.9s  T0 . T1 . T4 . CS01 . CS02 . CS03 . CS04 . CS12 . CS13 . CS14 . CS45 . CCZ012 . CCZ013 . CCZ014 . CCZ023 . CCZ045 . CCZ123 . CCZ145  (elapsed 121387s)
[1089/1793] k=6 deg=2  462.6s  T0 . T1 . T4 . CS01 . CS02 . CS03 . CS04 . CS05 . CS12 . CS23 . CS25 . CS34 . CS35 . CCZ012 . CCZ034 . CCZ235  (elapsed 121827s)
[1090/1793] k=6 deg=1    3.6s  T0 . T1 . T4 . CS01 . CS02 . CS03 . CS04 . CS12 . CS13 . CS15 . CS24 . CS34 . CS45 . CCZ012 . CCZ013 . CCZ014 . CCZ023 . CCZ024 . CCZ034 . CCZ123 . CCZ125 . CCZ135 . CCZ234 . CCZ245 . CCZ345  (elapsed 121831s)
[1091/1793] k=6 deg=1    2.9s  T0 . T1 . T4 . CS01 . CS02 . CS03 . CS04 . CS12 . CS13 . CS15 . CS25 . CS34 . CCZ012 . CCZ013 . CCZ014 . CCZ023 . CCZ024 . CCZ034 . CCZ123 . CCZ124 . CCZ135 . CCZ145 . CCZ235 . CCZ245  (elapsed 121834s)
[1092/1793] k=6 deg=1    0.3s  T0 . T1 . T4 . CS01 . CS02 . CS03 . CS04 . CS12 . CS13 . CS15 . CS25 . CS34 . CS45 . CCZ012 . CCZ013 . CCZ014 . CCZ023 . CCZ024 . CCZ034 . CCZ123 . CCZ124 . CCZ135 . CCZ235 . CCZ245 . CCZ345  (elapsed 121834s)
[1093/1793] k=6 deg=2  463.3s  T0 . T1 . T4 . CS01 . CS02 . CS03 . CS04 . CS12 . CS13 . CS15 . CS24 . CS34 . CCZ012 . CCZ013 . CCZ014 . CCZ023 . CCZ024 . CCZ034 . CCZ123 . CCZ125 . CCZ135 . CCZ145 . CCZ234  (elapsed 121851s)
[1094/1793] k=6 deg=2  461.0s  T0 . T1 . T4 . CS01 . CS02 . CS03 . CS04 . CS12 . CS13 . CS15 . CS25 . CS35 . CCZ012 . CCZ013 . CCZ014 . CCZ023 . CCZ024 . CCZ034 . CCZ123 . CCZ124 . CCZ134 . CCZ145 . CCZ235 . CCZ245 . CCZ345  (elapsed 122295s)
[1095/1793] k=6 deg=1    1.0s  T0 . T1 . T4 . CS01 . CS02 . CS03 . CS04 . CS12 . CS13 . CS34 . CS45 . CCZ012 . CCZ013 . CCZ014 . CCZ023 . CCZ024 . CCZ034 . CCZ123 . CCZ124 . CCZ145 . CCZ345  (elapsed 122296s)
[1096/1793] k=6 deg=2  461.4s  T0 . T1 . T4 . CS01 . CS02 . CS03 . CS04 . CS12 . CS13 . CS15 . CS25 . CS35 . CS45 . CCZ012 . CCZ013 . CCZ014 . CCZ023 . CCZ024 . CCZ034 . CCZ123 . CCZ124 . CCZ134 . CCZ235 . CCZ245 . CCZ345  (elapsed 122312s)
[1097/1793] k=6 deg=1    2.6s  T0 . T1 . T4 . CS01 . CS02 . CS03 . CS04 . CS12 . CS13 . CS45 . CCZ012 . CCZ013 . CCZ023 . CCZ045 . CCZ123  (elapsed 122315s)
[1098/1793] k=6 deg=1    1.1s  T0 . T1 . T4 . CS01 . CS02 . CS03 . CS04 . CS12 . CS15 . CS23 . CS25 . CS34 . CS35 . CS45 . CCZ012 . CCZ013 . CCZ014 . CCZ023 . CCZ024 . CCZ034 . CCZ123 . CCZ124 . CCZ134 . CCZ135 . CCZ234 . CCZ245  (elapsed 122316s)
[1099/1793] k=6 deg=2  453.5s  T0 . T1 . T4 . CS01 . CS02 . CS03 . CS04 . CS12 . CS13 . CS45 . CCZ012 . CCZ013 . CCZ014 . CCZ023 . CCZ024 . CCZ034 . CCZ123 . CCZ124 . CCZ134 . CCZ145  (elapsed 122750s)
[1100/1793] k=6 deg=1    3.0s  T0 . T1 . T4 . CS01 . CS02 . CS03 . CS04 . CS12 . CS15 . CS23 . CS25 . CS45 . CCZ012 . CCZ013 . CCZ014 . CCZ023 . CCZ024 . CCZ034 . CCZ123 . CCZ124 . CCZ234 . CCZ245  (elapsed 122753s)
[1101/1793] k=6 deg=1    0.8s  T0 . T1 . T4 . CS01 . CS02 . CS03 . CS04 . CS12 . CS23 . CS34 . CS35 . CS45 . CCZ012 . CCZ013 . CCZ014 . CCZ023 . CCZ024 . CCZ034 . CCZ123 . CCZ124 . CCZ134 . CCZ135 . CCZ145 . CCZ234  (elapsed 122754s)
[1102/1793] k=6 deg=2  455.3s  T0 . T1 . T4 . CS01 . CS02 . CS03 . CS04 . CS12 . CS15 . CS23 . CS25 . CS35 . CCZ012 . CCZ013 . CCZ014 . CCZ023 . CCZ024 . CCZ034 . CCZ123 . CCZ124 . CCZ135 . CCZ145 . CCZ234 . CCZ245 . CCZ345  (elapsed 122771s)
[1103/1793] k=6 deg=2  457.0s  T0 . T1 . T4 . CS01 . CS02 . CS03 . CS04 . CS12 . CS23 . CS35 . CS45 . CCZ012 . CCZ013 . CCZ014 . CCZ023 . CCZ024 . CCZ034 . CCZ123 . CCZ124 . CCZ135 . CCZ145 . CCZ234 . CCZ345  (elapsed 123211s)
[1104/1793] k=6 deg=1    0.2s  T0 . T1 . T4 . CS01 . CS02 . CS03 . CS12 . CS13 . CS23 . CS24 . CS25 . CS34 . CS35 . CCZ012 . CCZ013 . CCZ023 . CCZ123 . CCZ245 . CCZ345  (elapsed 123211s)
[1105/1793] k=6 deg=2  460.2s  T0 . T1 . T4 . CS01 . CS02 . CS03 . CS12 . CS13 . CS23 . CS24 . CS25 . CS34 . CCZ012 . CCZ013 . CCZ023 . CCZ123 . CCZ245  (elapsed 123231s)
[1106/1793] k=6 deg=1    0.3s  T0 . T1 . T4 . CS01 . CS02 . CS03 . CS12 . CS13 . CS23 . CS24 . CS35 . CCZ012 . CCZ013 . CCZ023 . CCZ123  (elapsed 123232s)
[1107/1793] k=6 deg=2  464.0s  T0 . T1 . T4 . CS01 . CS02 . CS03 . CS12 . CS13 . CS23 . CS24 . CS25 . CS45 . CCZ012 . CCZ013 . CCZ023 . CCZ123 . CCZ245  (elapsed 123675s)
[1108/1793] k=6 deg=1    1.1s  T0 . T1 . T4 . CS01 . CS02 . CS03 . CS12 . CS13 . CS24 . CS25 . CS34 . CCZ012 . CCZ013 . CCZ023 . CCZ123 . CCZ234 . CCZ235 . CCZ245  (elapsed 123676s)
[1109/1793] k=6 deg=2  461.7s  T0 . T1 . T4 . CS01 . CS02 . CS03 . CS12 . CS13 . CS23 . CS34 . CS35 . CS45 . CCZ012 . CCZ013 . CCZ024 . CCZ035 . CCZ045 . CCZ124 . CCZ135 . CCZ145 . CCZ234  (elapsed 123693s)
[1110/1793] k=6 deg=1    3.7s  T0 . T1 . T4 . CS01 . CS02 . CS03 . CS12 . CS13 . CS24 . CS25 . CS34 . CS45 . CCZ012 . CCZ013 . CCZ023 . CCZ123 . CCZ234 . CCZ235 . CCZ245 . CCZ345  (elapsed 123697s)
[1111/1793] k=6 deg=1    3.3s  T0 . T1 . T4 . CS01 . CS02 . CS03 . CS12 . CS13 . CS24 . CS34 . CS45 . CCZ012 . CCZ013 . CCZ023 . CCZ123 . CCZ234 . CCZ245 . CCZ345  (elapsed 123700s)
[1112/1793] k=6 deg=2  474.7s  T0 . T1 . T4 . CS01 . CS02 . CS03 . CS12 . CS13 . CS24 . CS25 . CS34 . CS35 . CCZ012 . CCZ013 . CCZ023 . CCZ123 . CCZ234 . CCZ235 . CCZ245 . CCZ345  (elapsed 124151s)
[1113/1793] k=6 deg=1    4.3s  T0 . T1 . T4 . CS01 . CS02 . CS03 . CS12 . CS13 . CS45 . CCZ012 . CCZ013 . CCZ023 . CCZ123  (elapsed 124155s)
[1114/1793] k=6 deg=2  466.1s  T0 . T1 . T4 . CS01 . CS02 . CS03 . CS12 . CS13 . CS24 . CS45 . CCZ012 . CCZ013 . CCZ023 . CCZ123 . CCZ245  (elapsed 124166s)
[1115/1793] k=6 deg=2  467.4s  T0 . T1 . T4 . CS01 . CS02 . CS03 . CS12 . CS14 . CS15 . CS23 . CS25 . CS34 . CCZ012 . CCZ013 . CCZ023 . CCZ123 . CCZ134  (elapsed 124622s)
[1116/1793] k=6 deg=1    2.4s  T0 . T1 . T4 . CS01 . CS02 . CS03 . CS12 . CS14 . CS24 . CS35 . CS45 . CCZ012 . CCZ013 . CCZ023 . CCZ124 . CCZ135 . CCZ145 . CCZ235 . CCZ245  (elapsed 124625s)
[1117/1793] k=6 deg=2  482.9s  T0 . T1 . T4 . CS01 . CS02 . CS03 . CS12 . CS14 . CS23 . CS34 . CS35 . CS45 . CCZ012 . CCZ013 . CCZ023 . CCZ123 . CCZ134 . CCZ135 . CCZ145 . CCZ345  (elapsed 124650s)
[1118/1793] k=6 deg=2  458.1s  T0 . T1 . T4 . CS01 . CS02 . CS03 . CS12 . CS15 . CS23 . CS24 . CS25 . CS34 . CCZ012 . CCZ013 . CCZ023 . CCZ123 . CCZ134 . CCZ145 . CCZ245  (elapsed 125083s)
[1119/1793] k=6 deg=2  461.4s  T0 . T1 . T4 . CS01 . CS02 . CS03 . CS12 . CS23 . CS24 . CS34 . CS35 . CCZ012 . CCZ013 . CCZ023 . CCZ123 . CCZ134 . CCZ135 . CCZ345  (elapsed 125111s)
[1120/1793] k=6 deg=1    3.8s  T0 . T1 . T4 . CS01 . CS02 . CS03 . CS14 . CS15 . CS24 . CS34 . CCZ012 . CCZ013 . CCZ023 . CCZ124 . CCZ134 . CCZ234  (elapsed 125115s)
[1121/1793] k=6 deg=2  458.0s  T0 . T1 . T4 . CS01 . CS02 . CS03 . CS14 . CS15 . CS23 . CS24 . CS35 . CCZ012 . CCZ013 . CCZ023 . CCZ123 . CCZ124 . CCZ135  (elapsed 125541s)
[1122/1793] k=6 deg=2  462.2s  T0 . T1 . T4 . CS01 . CS02 . CS03 . CS14 . CS15 . CS45 . CCZ012 . CCZ013 . CCZ023 . CCZ145  (elapsed 125577s)
[1123/1793] k=6 deg=2  466.2s  T0 . T1 . T4 . CS01 . CS02 . CS03 . CS15 . CS23 . CS24 . CS25 . CS34 . CCZ012 . CCZ013 . CCZ023 . CCZ123 . CCZ124 . CCZ125 . CCZ134 . CCZ145 . CCZ245  (elapsed 126007s)
[1124/1793] k=6 deg=2  466.6s  T0 . T1 . T4 . CS01 . CS02 . CS03 . CS15 . CS24 . CS34 . CCZ012 . CCZ013 . CCZ023 . CCZ124 . CCZ134 . CCZ145 . CCZ234  (elapsed 126044s)
[1125/1793] k=6 deg=2  460.2s  T0 . T1 . T4 . CS01 . CS02 . CS03 . CS23 . CS24 . CS25 . CS34 . CS35 . CCZ012 . CCZ013 . CCZ023 . CCZ123 . CCZ124 . CCZ125 . CCZ134 . CCZ135 . CCZ245 . CCZ345  (elapsed 126467s)
[1126/1793] k=6 deg=1    2.9s  T0 . T1 . T4 . T5 . CS01 . CS02 . CS03 . CS04 . CS05 . CS12 . CS13 . CCZ012 . CCZ013 . CCZ014 . CCZ015 . CCZ023 . CCZ024 . CCZ025 . CCZ034 . CCZ035 . CCZ045 . CCZ123 . CCZ124 . CCZ125 . CCZ134 . CCZ135 . CCZ145  (elapsed 126470s)
[1127/1793] k=6 deg=2  467.0s  T0 . T1 . T4 . CS01 . CS02 . CS12 . CS23 . CS34 . CS35 . CS45 . CCZ012 . CCZ345  (elapsed 126511s)
[1128/1793] k=6 deg=2  469.7s  T0 . T1 . T4 . T5 . CS01 . CS02 . CS03 . CS04 . CS05 . CS12 . CS13 . CCZ012 . CCZ013 . CCZ023 . CCZ123  (elapsed 126940s)
[1129/1793] k=6 deg=2  470.0s  T0 . T1 . T4 . T5 . CS01 . CS02 . CS03 . CS04 . CS05 . CS12 . CS13 . CS14 . CS15 . CCZ012 . CCZ013 . CCZ014 . CCZ015 . CCZ023 . CCZ123  (elapsed 126981s)
[1130/1793] k=6 deg=1    3.8s  T0 . T1 . T4 . T5 . CS01 . CS02 . CS03 . CS04 . CS05 . CS12 . CS13 . CS14 . CS24 . CS34 . CCZ012 . CCZ013 . CCZ014 . CCZ015 . CCZ023 . CCZ024 . CCZ025 . CCZ034 . CCZ035 . CCZ045 . CCZ123 . CCZ124 . CCZ125 . CCZ134 . CCZ135 . CCZ234 . CCZ245 . CCZ345  (elapsed 126984s)
[1131/1793] k=6 deg=1    3.4s  T0 . T1 . T4 . T5 . CS01 . CS02 . CS03 . CS04 . CS05 . CS12 . CS13 . CS24 . CS25 . CS34 . CS35 . CCZ012 . CCZ013 . CCZ014 . CCZ015 . CCZ023 . CCZ024 . CCZ025 . CCZ034 . CCZ035 . CCZ045 . CCZ123 . CCZ145 . CCZ234 . CCZ235  (elapsed 126988s)
[1132/1793] k=6 deg=2  468.1s  T0 . T1 . T4 . T5 . CS01 . CS02 . CS03 . CS04 . CS05 . CS12 . CS13 . CS14 . CS15 . CS24 . CS25 . CS34 . CS35 . CCZ012 . CCZ013 . CCZ014 . CCZ015 . CCZ023 . CCZ024 . CCZ025 . CCZ034 . CCZ035 . CCZ123 . CCZ124 . CCZ125 . CCZ134 . CCZ135 . CCZ234 . CCZ235  (elapsed 127408s)
[1133/1793] k=6 deg=2  462.4s  T0 . T1 . T4 . T5 . CS01 . CS02 . CS03 . CS04 . CS05 . CS12 . CS13 . CS34 . CS35 . CCZ012 . CCZ013 . CCZ014 . CCZ015 . CCZ023 . CCZ024 . CCZ025 . CCZ034 . CCZ035 . CCZ045 . CCZ123 . CCZ124 . CCZ125 . CCZ145  (elapsed 127450s)
[1134/1793] k=6 deg=2  465.2s  T0 . T1 . T4 . T5 . CS01 . CS02 . CS03 . CS04 . CS05 . CS12 . CS13 . CS34 . CS35 . CS45 . CCZ012 . CCZ013 . CCZ014 . CCZ015 . CCZ023 . CCZ024 . CCZ025 . CCZ034 . CCZ035 . CCZ045 . CCZ123 . CCZ124 . CCZ125 . CCZ345  (elapsed 127874s)
[1135/1793] k=6 deg=2  460.5s  T0 . T1 . T4 . T5 . CS01 . CS02 . CS03 . CS04 . CS05 . CS12 . CS13 . CS45 . CCZ012 . CCZ013 . CCZ014 . CCZ015 . CCZ023 . CCZ024 . CCZ025 . CCZ034 . CCZ035 . CCZ045 . CCZ123 . CCZ124 . CCZ125 . CCZ134 . CCZ135  (elapsed 127911s)
[1136/1793] k=6 deg=2  489.5s  T0 . T1 . T4 . T5 . CS01 . CS02 . CS03 . CS04 . CS05 . CS12 . CS13 . CS45 . CCZ012 . CCZ013 . CCZ023 . CCZ045 . CCZ123  (elapsed 128363s)
[1137/1793] k=6 deg=1    3.5s  T0 . T1 . T4 . T5 . CS01 . CS02 . CS03 . CS04 . CS05 . CS12 . CS23 . CS45 . CCZ012 . CCZ013 . CCZ014 . CCZ015 . CCZ023 . CCZ024 . CCZ025 . CCZ034 . CCZ035 . CCZ045 . CCZ123 . CCZ124 . CCZ125 . CCZ234 . CCZ235  (elapsed 128367s)
[1138/1793] k=6 deg=1    4.2s  T0 . T1 . T4 . T5 . CS01 . CS02 . CS03 . CS04 . CS12 . CS13 . CS14 . CS23 . CCZ012 . CCZ013 . CCZ014 . CCZ025 . CCZ035 . CCZ125 . CCZ135 . CCZ235  (elapsed 128371s)
[1139/1793] k=6 deg=2  485.9s  T0 . T1 . T4 . T5 . CS01 . CS02 . CS03 . CS04 . CS05 . CS12 . CS23 . CS34 . CCZ012 . CCZ034  (elapsed 128397s)
[1140/1793] k=6 deg=1    3.7s  T0 . T1 . T4 . T5 . CS01 . CS02 . CS03 . CS04 . CS12 . CS13 . CS14 . CS25 . CS35 . CCZ012 . CCZ013 . CCZ014 . CCZ023 . CCZ123 . CCZ235  (elapsed 128400s)
[1141/1793] k=6 deg=1    3.9s  T0 . T1 . T4 . T5 . CS01 . CS02 . CS03 . CS04 . CS12 . CS13 . CS15 . CCZ012 . CCZ013 . CCZ014 . CCZ023 . CCZ024 . CCZ034 . CCZ123 . CCZ124 . CCZ134  (elapsed 128404s)
[1142/1793] k=6 deg=1    0.0s  T0 . T1 . T4 . T5 . CS01 . CS02 . CS03 . CS04 . CS12 . CS13 . CS15 . CS24 . CS25 . CS34 . CS35 . CCZ012 . CCZ013 . CCZ014 . CCZ023 . CCZ024 . CCZ034 . CCZ123 . CCZ125 . CCZ135 . CCZ234 . CCZ235  (elapsed 128404s)
[1143/1793] k=6 deg=2  493.1s  T0 . T1 . T4 . T5 . CS01 . CS02 . CS03 . CS04 . CS12 . CS13 . CS14 . CS24 . CS25 . CCZ012 . CCZ013 . CCZ014 . CCZ023 . CCZ024 . CCZ035 . CCZ123 . CCZ124 . CCZ135  (elapsed 128864s)
[1144/1793] k=6 deg=1    0.9s  T0 . T1 . T4 . T5 . CS01 . CS02 . CS03 . CS04 . CS12 . CS13 . CS15 . CS34 . CS35 . CCZ012 . CCZ013 . CCZ014 . CCZ023 . CCZ024 . CCZ034 . CCZ123 . CCZ124 . CCZ135  (elapsed 128865s)
[1145/1793] k=6 deg=2  486.3s  T0 . T1 . T4 . T5 . CS01 . CS02 . CS03 . CS04 . CS12 . CS13 . CS15 . CS24 . CS25 . CS34 . CS35 . CS45 . CCZ012 . CCZ013 . CCZ014 . CCZ023 . CCZ024 . CCZ034 . CCZ123 . CCZ125 . CCZ135 . CCZ145 . CCZ234 . CCZ235 . CCZ245 . CCZ345  (elapsed 128891s)
[1146/1793] k=6 deg=2  491.0s  T0 . T1 . T4 . T5 . CS01 . CS02 . CS03 . CS04 . CS12 . CS13 . CS15 . CS34 . CS35 . CS45 . CCZ012 . CCZ013 . CCZ014 . CCZ023 . CCZ024 . CCZ034 . CCZ123 . CCZ124 . CCZ135 . CCZ145 . CCZ345  (elapsed 129356s)
[1147/1793] k=6 deg=2  510.1s  T0 . T1 . T4 . T5 . CS01 . CS02 . CS03 . CS04 . CS12 . CS13 . CS15 . CS45 . CCZ012 . CCZ013 . CCZ014 . CCZ023 . CCZ024 . CCZ034 . CCZ123 . CCZ124 . CCZ134 . CCZ145  (elapsed 129401s)
[1148/1793] k=6 deg=1    0.2s  T0 . T1 . T4 . T5 . CS01 . CS02 . CS03 . CS04 . CS12 . CS13 . CS25 . CS34 . CS35 . CCZ012 . CCZ013 . CCZ014 . CCZ023 . CCZ024 . CCZ034 . CCZ123 . CCZ124 . CCZ145 . CCZ235 . CCZ245  (elapsed 129401s)
[1149/1793] k=6 deg=1    3.1s  T0 . T1 . T4 . T5 . CS01 . CS02 . CS03 . CS04 . CS12 . CS13 . CS25 . CS34 . CS35 . CS45 . CCZ012 . CCZ013 . CCZ014 . CCZ023 . CCZ024 . CCZ034 . CCZ123 . CCZ124 . CCZ235 . CCZ245 . CCZ345  (elapsed 129404s)
[1150/1793] k=6 deg=2  495.8s  T0 . T1 . T4 . T5 . CS01 . CS02 . CS03 . CS04 . CS12 . CS13 . CS24 . CS25 . CS34 . CS35 . CCZ012 . CCZ013 . CCZ014 . CCZ023 . CCZ024 . CCZ034 . CCZ123 . CCZ145 . CCZ234 . CCZ235  (elapsed 129852s)
[1151/1793] k=6 deg=1    4.6s  T0 . T1 . T4 . T5 . CS01 . CS02 . CS03 . CS04 . CS12 . CS13 . CS25 . CS35 . CCZ012 . CCZ013 . CCZ023 . CCZ123 . CCZ235  (elapsed 129856s)
[1152/1793] k=6 deg=1    4.0s  T0 . T1 . T4 . T5 . CS01 . CS02 . CS03 . CS04 . CS12 . CS13 . CS25 . CS35 . CS45 . CCZ012 . CCZ013 . CCZ014 . CCZ023 . CCZ024 . CCZ034 . CCZ123 . CCZ124 . CCZ134 . CCZ235 . CCZ245 . CCZ345  (elapsed 129860s)
[1153/1793] k=6 deg=2  493.6s  T0 . T1 . T4 . T5 . CS01 . CS02 . CS03 . CS04 . CS12 . CS13 . CS25 . CS35 . CCZ012 . CCZ013 . CCZ014 . CCZ023 . CCZ024 . CCZ034 . CCZ123 . CCZ124 . CCZ134 . CCZ145 . CCZ235 . CCZ245 . CCZ345  (elapsed 129898s)
[1154/1793] k=6 deg=2  598.9s  T0 . T1 . T4 . T5 . CS01 . CS02 . CS03 . CS04 . CS12 . CS13 . CS25 . CS35 . CS45 . CCZ012 . CCZ013 . CCZ023 . CCZ045 . CCZ123 . CCZ235  (elapsed 130459s)
[1155/1793] k=6 deg=2  610.1s  T0 . T1 . T4 . T5 . CS01 . CS02 . CS03 . CS04 . CS12 . CS15 . CS23 . CCZ012 . CCZ013 . CCZ014 . CCZ023 . CCZ024 . CCZ034 . CCZ123 . CCZ124 . CCZ234  (elapsed 130508s)
[1156/1793] k=6 deg=2  643.0s  T0 . T1 . T4 . T5 . CS01 . CS02 . CS03 . CS04 . CS12 . CS15 . CS23 . CS34 . CS35 . CCZ012 . CCZ013 . CCZ014 . CCZ023 . CCZ024 . CCZ034 . CCZ123 . CCZ124 . CCZ134 . CCZ135 . CCZ234  (elapsed 131102s)
[1157/1793] k=6 deg=1    5.3s  T0 . T1 . T4 . T5 . CS01 . CS02 . CS03 . CS04 . CS12 . CS23 . CS25 . CS34 . CS35 . CCZ012 . CCZ013 . CCZ014 . CCZ023 . CCZ024 . CCZ034 . CCZ123 . CCZ124 . CCZ134 . CCZ135 . CCZ145 . CCZ234 . CCZ245  (elapsed 131108s)
[1158/1793] k=6 deg=2  644.0s  T0 . T1 . T4 . T5 . CS01 . CS02 . CS03 . CS04 . CS12 . CS15 . CS23 . CS35 . CS45 . CCZ012 . CCZ013 . CCZ014 . CCZ023 . CCZ024 . CCZ034 . CCZ123 . CCZ124 . CCZ135 . CCZ145 . CCZ234 . CCZ345  (elapsed 131152s)
[1159/1793] k=6 deg=1    5.4s  T0 . T1 . T4 . T5 . CS01 . CS02 . CS03 . CS04 . CS12 . CS23 . CS25 . CS35 . CCZ012 . CCZ013 . CCZ014 . CCZ023 . CCZ024 . CCZ034 . CCZ123 . CCZ124 . CCZ135 . CCZ145 . CCZ234 . CCZ245 . CCZ345  (elapsed 131158s)
[1160/1793] k=6 deg=2  681.8s  T0 . T1 . T4 . T5 . CS01 . CS02 . CS03 . CS04 . CS12 . CS23 . CS25 . CS34 . CS35 . CCZ012 . CCZ034 . CCZ235  (elapsed 131790s)
[1161/1793] k=6 deg=1    0.2s  T0 . T1 . T4 . T5 . CS01 . CS02 . CS03 . CS04 . CS12 . CS23 . CS25 . CS45 . CCZ012 . CCZ013 . CCZ014 . CCZ023 . CCZ024 . CCZ034 . CCZ123 . CCZ124 . CCZ234 . CCZ245  (elapsed 131790s)
[1162/1793] k=6 deg=2  661.4s  T0 . T1 . T4 . T5 . CS01 . CS02 . CS03 . CS04 . CS12 . CS23 . CS25 . CS35 . CCZ012 . CCZ235  (elapsed 131819s)
[1163/1793] k=6 deg=1    1.2s  T0 . T1 . T4 . T5 . CS01 . CS02 . CS03 . CS12 . CS13 . CCZ012 . CCZ013 . CCZ023 . CCZ123  (elapsed 131820s)
[1164/1793] k=6 deg=2  679.2s  T0 . T1 . T4 . T5 . CS01 . CS02 . CS03 . CS05 . CS12 . CS23 . CS24 . CS45 . CCZ012 . CCZ034 . CCZ045 . CCZ234  (elapsed 132469s)
[1165/1793] k=6 deg=1    2.7s  T0 . T1 . T4 . T5 . CS01 . CS02 . CS03 . CS12 . CS13 . CS23 . CS24 . CS25 . CS34 . CS35 . CS45 . CCZ012 . CCZ013 . CCZ023 . CCZ123 . CCZ245 . CCZ345  (elapsed 132472s)
[1166/1793] k=6 deg=2  690.4s  T0 . T1 . T4 . T5 . CS01 . CS02 . CS03 . CS12 . CS13 . CS23 . CS24 . CCZ012 . CCZ013 . CCZ023 . CCZ123  (elapsed 132511s)
[1167/1793] k=6 deg=1    4.5s  T0 . T1 . T4 . T5 . CS01 . CS02 . CS03 . CS12 . CS13 . CS23 . CS24 . CS34 . CS45 . CCZ012 . CCZ013 . CCZ023 . CCZ123  (elapsed 132515s)
[1168/1793] k=6 deg=2  703.6s  T0 . T1 . T4 . T5 . CS01 . CS02 . CS03 . CS12 . CS13 . CS23 . CS24 . CS25 . CS34 . CS45 . CCZ012 . CCZ013 . CCZ023 . CCZ123 . CCZ245  (elapsed 133175s)
[1169/1793] k=6 deg=1    4.3s  T0 . T1 . T4 . T5 . CS01 . CS02 . CS03 . CS12 . CS13 . CS24 . CS25 . CCZ012 . CCZ013 . CCZ023 . CCZ123  (elapsed 133180s)
[1170/1793] k=6 deg=2  699.9s  T0 . T1 . T4 . T5 . CS01 . CS02 . CS03 . CS12 . CS13 . CS23 . CS45 . CCZ012 . CCZ013 . CCZ023 . CCZ123  (elapsed 133215s)
[1171/1793] k=6 deg=2  550.7s  T0 . T1 . T4 . T5 . CS01 . CS02 . CS03 . CS12 . CS13 . CS24 . CS25 . CS34 . CCZ012 . CCZ013 . CCZ023 . CCZ123 . CCZ234  (elapsed 133730s)
[1172/1793] k=6 deg=1    4.1s  T0 . T1 . T4 . T5 . CS01 . CS02 . CS03 . CS12 . CS13 . CS24 . CS25 . CS34 . CS35 . CCZ012 . CCZ013 . CCZ023 . CCZ123 . CCZ234 . CCZ235  (elapsed 133734s)
[1173/1793] k=6 deg=2  550.3s  T0 . T1 . T4 . T5 . CS01 . CS02 . CS03 . CS12 . CS13 . CS24 . CS25 . CS34 . CS35 . CCZ012 . CCZ013 . CCZ023 . CCZ045 . CCZ123 . CCZ145 . CCZ234 . CCZ235  (elapsed 133766s)
[1174/1793] k=6 deg=2  650.5s  T0 . T1 . T4 . T5 . CS01 . CS02 . CS03 . CS12 . CS13 . CS24 . CS25 . CS34 . CS45 . CCZ012 . CCZ013 . CCZ023 . CCZ123 . CCZ234 . CCZ245  (elapsed 134385s)
[1175/1793] k=6 deg=2  633.8s  T0 . T1 . T4 . T5 . CS01 . CS02 . CS03 . CS12 . CS13 . CS24 . CS25 . CS45 . CCZ012 . CCZ013 . CCZ023 . CCZ123 . CCZ245  (elapsed 134399s)
[1176/1793] k=6 deg=1    1.9s  T0 . T1 . T4 . T5 . CS01 . CS02 . CS03 . CS12 . CS14 . CS15 . CS23 . CS34 . CCZ012 . CCZ013 . CCZ023 . CCZ123 . CCZ134  (elapsed 134401s)
[1177/1793] k=6 deg=2  474.6s  T0 . T1 . T4 . T5 . CS01 . CS02 . CS03 . CS12 . CS13 . CS24 . CS34 . CS45 . CCZ012 . CCZ013 . CCZ023 . CCZ123 . CCZ234  (elapsed 134860s)
[1178/1793] k=6 deg=2  482.7s  T0 . T1 . T4 . T5 . CS01 . CS02 . CS03 . CS12 . CS14 . CS15 . CS23 . CS45 . CCZ012 . CCZ013 . CCZ023 . CCZ123 . CCZ145  (elapsed 134884s)
[1179/1793] k=6 deg=2  479.6s  T0 . T1 . T4 . T5 . CS01 . CS02 . CS03 . CS12 . CS14 . CS23 . CS25 . CCZ012 . CCZ013 . CCZ023 . CCZ123  (elapsed 135339s)
[1180/1793] k=6 deg=2  494.0s  T0 . T1 . T4 . T5 . CS01 . CS02 . CS03 . CS12 . CS14 . CS23 . CS25 . CS34 . CCZ012 . CCZ013 . CCZ023 . CCZ123 . CCZ134  (elapsed 135378s)
[1181/1793] k=6 deg=2  473.1s  T0 . T1 . T4 . T5 . CS01 . CS02 . CS03 . CS12 . CS14 . CS23 . CS25 . CS34 . CS35 . CS45 . CCZ012 . CCZ013 . CCZ023 . CCZ123 . CCZ134 . CCZ135 . CCZ145 . CCZ345  (elapsed 135812s)
[1182/1793] k=6 deg=1    3.3s  T0 . T1 . T4 . T5 . CS01 . CS02 . CS03 . CS12 . CS14 . CS24 . CS25 . CS34 . CCZ012 . CCZ013 . CCZ023 . CCZ124 . CCZ134 . CCZ234  (elapsed 135816s)
[1183/1793] k=6 deg=2  477.3s  T0 . T1 . T4 . T5 . CS01 . CS02 . CS03 . CS12 . CS14 . CS24 . CS25 . CCZ012 . CCZ013 . CCZ023 . CCZ124  (elapsed 135855s)
[1184/1793] k=6 deg=2  470.0s  T0 . T1 . T4 . T5 . CS01 . CS02 . CS03 . CS12 . CS15 . CS23 . CS24 . CS34 . CS45 . CCZ012 . CCZ013 . CCZ023 . CCZ123 . CCZ134 . CCZ145  (elapsed 136286s)
[1185/1793] k=6 deg=2  473.8s  T0 . T1 . T4 . T5 . CS01 . CS02 . CS03 . CS12 . CS23 . CS24 . CS25 . CS34 . CS35 . CS45 . CCZ012 . CCZ013 . CCZ023 . CCZ123 . CCZ134 . CCZ135 . CCZ245 . CCZ345  (elapsed 136329s)
[1186/1793] k=6 deg=1    1.8s  T0 . T1 . T4 . T5 . CS01 . CS02 . CS03 . CS12 . CS23 . CS24 . CS25 . CS45 . CCZ012 . CCZ013 . CCZ023 . CCZ123 . CCZ245  (elapsed 136331s)
[1187/1793] k=6 deg=2  537.5s  T0 . T1 . T4 . T5 . CS01 . CS02 . CS03 . CS12 . CS23 . CS24 . CS25 . CS34 . CS45 . CCZ012 . CCZ013 . CCZ023 . CCZ123 . CCZ134 . CCZ245  (elapsed 136823s)
[1188/1793] k=6 deg=1    5.4s  T0 . T1 . T4 . T5 . CS01 . CS02 . CS03 . CS12 . CS24 . CS25 . CS45 . CCZ012 . CCZ013 . CCZ023 . CCZ245  (elapsed 136829s)
[1189/1793] k=6 deg=1    4.5s  T0 . T1 . T4 . T5 . CS01 . CS02 . CS03 . CS14 . CCZ012 . CCZ013 . CCZ023  (elapsed 136834s)
[1190/1793] k=6 deg=2  557.9s  T0 . T1 . T4 . T5 . CS01 . CS02 . CS03 . CS12 . CS24 . CS25 . CS34 . CS45 . CCZ012 . CCZ013 . CCZ023 . CCZ134 . CCZ234 . CCZ245  (elapsed 136889s)
[1191/1793] k=6 deg=1    0.6s  T0 . T1 . T4 . T5 . CS01 . CS02 . CS03 . CS14 . CS24 . CS34 . CCZ012 . CCZ013 . CCZ023 . CCZ124 . CCZ134 . CCZ234  (elapsed 136889s)
[1192/1793] k=6 deg=2  561.3s  T0 . T1 . T4 . T5 . CS01 . CS02 . CS03 . CS14 . CS23 . CS24 . CCZ012 . CCZ013 . CCZ023 . CCZ123 . CCZ124  (elapsed 137395s)
[1193/1793] k=6 deg=1    4.2s  T0 . T1 . T4 . T5 . CS01 . CS02 . CS03 . CS23 . CS24 . CS25 . CS34 . CS35 . CS45 . CCZ012 . CCZ013 . CCZ023 . CCZ123 . CCZ124 . CCZ125 . CCZ134 . CCZ135 . CCZ245 . CCZ345  (elapsed 137399s)
[1194/1793] k=6 deg=2  546.6s  T0 . T1 . T4 . T5 . CS01 . CS02 . CS03 . CS15 . CS24 . CS34 . CS45 . CCZ012 . CCZ013 . CCZ023 . CCZ124 . CCZ134 . CCZ145 . CCZ234  (elapsed 137436s)
[1195/1793] k=6 deg=1    2.7s  T0 . T1 . T4 . T5 . CS01 . CS02 . CS03 . CS23 . CS45 . CCZ012 . CCZ013 . CCZ023 . CCZ123  (elapsed 137439s)
[1196/1793] k=6 deg=1    2.0s  T0 . T1 . T4 . T5 . CS01 . CS02 . CS03 . CS24 . CS34 . CS45 . CCZ012 . CCZ013 . CCZ023 . CCZ124 . CCZ134 . CCZ234  (elapsed 137441s)
[1197/1793] k=6 deg=2  476.0s  T0 . T1 . T4 . T5 . CS01 . CS02 . CS03 . CS23 . CS24 . CS34 . CS45 . CCZ012 . CCZ013 . CCZ023 . CCZ123 . CCZ124 . CCZ134  (elapsed 137875s)
[1198/1793] k=6 deg=2  476.6s  T0 . T1 . T4 . T5 . CS01 . CS02 . CS03 . CS45 . CCZ012 . CCZ013 . CCZ023  (elapsed 137918s)
[1199/1793] k=6 deg=2  473.0s  T0 . T1 . T4 . T5 . CS01 . CS02 . CS12 . CS23 . CS34 . CCZ012  (elapsed 138348s)
[1200/1793] k=6 deg=2  473.5s  T0 . T1 . T4 . T5 . CS01 . CS02 . CS12 . CS23 . CS45 . CCZ012  (elapsed 138391s)
[1201/1793] k=6 deg=1    2.2s  T0 . T1 . T4 . T5 . CS01 . CS02 . CS14 . CS23 . CS34 . CCZ012 . CCZ123 . CCZ134  (elapsed 138393s)
[1202/1793] k=6 deg=1    1.3s  T0 . T1 . T4 . T5 . CS01 . CS02 . CS23 . CS45 . CCZ012 . CCZ123  (elapsed 138395s)
[1203/1793] k=6 deg=1    2.8s  T0 . T1 . T4 . T5 . CS01 . CS23 . CS45 . CCZ023 . CCZ123  (elapsed 138397s)
[1204/1793] k=6 deg=1    0.7s  T0 . T1 . T5 . CS01 . CS02 . CS03 . CS04 . CCZ012 . CCZ013 . CCZ014 . CCZ023 . CCZ024 . CCZ034  (elapsed 138398s)
[1205/1793] k=6 deg=1    2.1s  T0 . T1 . T5 . CS01 . CS02 . CS03 . CS04 . CS05 . CS12 . CS13 . CS14 . CCZ012 . CCZ013 . CCZ014 . CCZ015 . CCZ023 . CCZ024 . CCZ025 . CCZ034 . CCZ035 . CCZ045 . CCZ123 . CCZ124 . CCZ125 . CCZ134 . CCZ135 . CCZ145  (elapsed 138400s)
[1206/1793] k=6 deg=2  478.8s  T0 . T1 . T4 . T5 . CS01 . CS02 . CS13 . CS14 . CS23 . CS35 . CCZ012 . CCZ123  (elapsed 138827s)
[1207/1793] k=6 deg=1    0.4s  T0 . T1 . T5 . CS01 . CS02 . CS03 . CS04 . CS05 . CS12 . CS13 . CS14 . CS15 . CS25 . CCZ012 . CCZ013 . CCZ014 . CCZ015 . CCZ023 . CCZ024 . CCZ025 . CCZ034 . CCZ123 . CCZ124 . CCZ125 . CCZ134  (elapsed 138827s)
[1208/1793] k=6 deg=1    2.8s  T0 . T1 . T5 . CS01 . CS02 . CS03 . CS04 . CS05 . CS12 . CS13 . CS14 . CS25 . CS35 . CS45 . CCZ012 . CCZ013 . CCZ014 . CCZ015 . CCZ023 . CCZ024 . CCZ025 . CCZ034 . CCZ035 . CCZ045 . CCZ123 . CCZ124 . CCZ134 . CCZ235 . CCZ245 . CCZ345  (elapsed 138830s)
[1209/1793] k=6 deg=2  494.9s  T0 . T1 . T5 . CS01 . CS02 . CS03 . CS04 . CS05 . CS12 . CS13 . CS14 . CCZ012 . CCZ013 . CCZ014 . CCZ023 . CCZ024 . CCZ034 . CCZ123 . CCZ124 . CCZ134  (elapsed 138895s)
[1210/1793] k=6 deg=2  488.7s  T0 . T1 . T5 . CS01 . CS02 . CS03 . CS04 . CS05 . CS12 . CS13 . CS14 . CS35 . CS45 . CCZ012 . CCZ013 . CCZ014 . CCZ015 . CCZ023 . CCZ024 . CCZ025 . CCZ034 . CCZ035 . CCZ045 . CCZ123 . CCZ124 . CCZ125 . CCZ134 . CCZ345  (elapsed 139319s)
[1211/1793] k=6 deg=1    3.7s  T0 . T1 . T5 . CS01 . CS02 . CS03 . CS04 . CS05 . CS12 . CS13 . CS24 . CS34 . CCZ012 . CCZ013 . CCZ014 . CCZ015 . CCZ023 . CCZ024 . CCZ025 . CCZ034 . CCZ035 . CCZ045 . CCZ123 . CCZ124 . CCZ125 . CCZ134 . CCZ135 . CCZ234 . CCZ245 . CCZ345  (elapsed 139323s)
[1212/1793] k=6 deg=1    0.1s  T0 . T1 . T5 . CS01 . CS02 . CS03 . CS04 . CS05 . CS12 . CS13 . CS24 . CS34 . CCZ012 . CCZ013 . CCZ023 . CCZ123 . CCZ234  (elapsed 139323s)
[1213/1793] k=6 deg=2  478.9s  T0 . T1 . T5 . CS01 . CS02 . CS03 . CS04 . CS05 . CS12 . CS13 . CS14 . CS45 . CCZ012 . CCZ013 . CCZ014 . CCZ015 . CCZ023 . CCZ024 . CCZ025 . CCZ034 . CCZ035 . CCZ045 . CCZ123 . CCZ124 . CCZ125 . CCZ134 . CCZ135  (elapsed 139374s)
[1214/1793] k=6 deg=1    4.0s  T0 . T1 . T5 . CS01 . CS02 . CS03 . CS04 . CS05 . CS12 . CS13 . CS24 . CS34 . CS45 . CCZ012 . CCZ013 . CCZ023 . CCZ045 . CCZ123 . CCZ234  (elapsed 139378s)
[1215/1793] k=6 deg=2  531.2s  T0 . T1 . T5 . CS01 . CS02 . CS03 . CS04 . CS05 . CS12 . CS13 . CS24 . CS34 . CS45 . CCZ012 . CCZ013 . CCZ014 . CCZ015 . CCZ023 . CCZ024 . CCZ025 . CCZ034 . CCZ035 . CCZ045 . CCZ123 . CCZ124 . CCZ125 . CCZ134 . CCZ135 . CCZ145 . CCZ234 . CCZ245 . CCZ345  (elapsed 139854s)
[1216/1793] k=6 deg=2  537.5s  T0 . T1 . T5 . CS01 . CS02 . CS03 . CS04 . CS05 . CS12 . CS13 . CS24 . CS35 . CCZ012 . CCZ013 . CCZ014 . CCZ015 . CCZ023 . CCZ024 . CCZ025 . CCZ034 . CCZ035 . CCZ045 . CCZ123 . CCZ124 . CCZ125 . CCZ234 . CCZ245  (elapsed 139916s)
[1217/1793] k=6 deg=2  492.5s  T0 . T1 . T5 . CS01 . CS02 . CS03 . CS04 . CS05 . CS12 . CS13 . CS24 . CS35 . CS45 . CCZ012 . CCZ013 . CCZ014 . CCZ015 . CCZ023 . CCZ024 . CCZ025 . CCZ034 . CCZ035 . CCZ045 . CCZ123 . CCZ124 . CCZ125 . CCZ145 . CCZ234 . CCZ245 . CCZ345  (elapsed 140347s)
[1218/1793] k=6 deg=2  506.8s  T0 . T1 . T5 . CS01 . CS02 . CS03 . CS04 . CS05 . CS12 . CS23 . CS24 . CCZ012 . CCZ013 . CCZ014 . CCZ015 . CCZ023 . CCZ024 . CCZ025 . CCZ034 . CCZ035 . CCZ045 . CCZ123 . CCZ124 . CCZ125 . CCZ234 . CCZ235 . CCZ245  (elapsed 140423s)
[1219/1793] k=6 deg=2  489.3s  T0 . T1 . T5 . CS01 . CS02 . CS03 . CS04 . CS05 . CS12 . CS23 . CS24 . CCZ012 . CCZ034 . CCZ234  (elapsed 140836s)
[1220/1793] k=6 deg=1    4.0s  T0 . T1 . T5 . CS01 . CS02 . CS03 . CS04 . CS12 . CS13 . CS14 . CS23 . CS24 . CCZ012 . CCZ013 . CCZ014 . CCZ023 . CCZ024 . CCZ034 . CCZ123 . CCZ124 . CCZ134 . CCZ234  (elapsed 140840s)
[1221/1793] k=6 deg=2  482.6s  T0 . T1 . T5 . CS01 . CS02 . CS03 . CS04 . CS05 . CS12 . CS23 . CS24 . CS34 . CS35 . CCZ012 . CCZ013 . CCZ014 . CCZ015 . CCZ023 . CCZ024 . CCZ025 . CCZ034 . CCZ035 . CCZ045 . CCZ123 . CCZ124 . CCZ125 . CCZ134 . CCZ135 . CCZ234 . CCZ235 . CCZ245 . CCZ345  (elapsed 140905s)
[1222/1793] k=6 deg=1    2.2s  T0 . T1 . T5 . CS01 . CS02 . CS03 . CS04 . CS12 . CS13 . CS14 . CS23 . CS24 . CS25 . CS34 . CS35 . CS45 . CCZ012 . CCZ013 . CCZ014 . CCZ023 . CCZ024 . CCZ034 . CCZ123 . CCZ124 . CCZ134 . CCZ234  (elapsed 140907s)
[1223/1793] k=6 deg=2 20992.2s  T0 . T1 . T5 . CS01 . CS02 . CS03 . CS04 . CS12 . CS13 . CS14 . CS23 . CS24 . CS25 . CS34 . CCZ012 . CCZ013 . CCZ014 . CCZ023 . CCZ024 . CCZ034 . CCZ123 . CCZ124 . CCZ134 . CCZ234  (elapsed 161832s)
[1224/1793] k=6 deg=2 24620.4s  T0 . T1 . T5 . CS01 . CS02 . CS03 . CS04 . CS12 . CS13 . CS14 . CS23 . CS24 . CS25 . CS34 . CS35 . CS45 . CCZ012 . CCZ013 . CCZ014 . CCZ234 . CCZ235 . CCZ245 . CCZ345  (elapsed 165528s)
[1225/1793] k=6 deg=1 1003.9s  T0 . T1 . T5 . CS01 . CS02 . CS03 . CS04 . CS12 . CS13 . CS14 . CS23 . CS24 . CS34 . CS45 . CCZ012 . CCZ013 . CCZ014 . CCZ025 . CCZ035 . CCZ125 . CCZ135 . CCZ234 . CCZ235 . CCZ245 . CCZ345  (elapsed 166532s)
[1226/1793] k=6 deg=2 32171.5s  T0 . T1 . T5 . CS01 . CS02 . CS03 . CS04 . CS12 . CS13 . CS14 . CS23 . CS24 . CS25 . CS35 . CS45 . CCZ012 . CCZ013 . CCZ014 . CCZ023 . CCZ024 . CCZ034 . CCZ123 . CCZ124 . CCZ134 . CCZ234 . CCZ345  (elapsed 194004s)
[1227/1793] k=6 deg=1  761.0s  T0 . T1 . T5 . CS01 . CS02 . CS03 . CS04 . CS12 . CS13 . CS14 . CS23 . CS25 . CS45 . CCZ012 . CCZ013 . CCZ014 . CCZ023 . CCZ024 . CCZ034 . CCZ123 . CCZ124 . CCZ134 . CCZ234 . CCZ245  (elapsed 194765s)
[1228/1793] k=6 deg=2 31895.2s  T0 . T1 . T5 . CS01 . CS02 . CS03 . CS04 . CS12 . CS13 . CS14 . CS23 . CS25 . CS35 . CS45 . CCZ012 . CCZ013 . CCZ014 . CCZ023 . CCZ024 . CCZ034 . CCZ123 . CCZ124 . CCZ134 . CCZ234 . CCZ245 . CCZ345  (elapsed 198427s)
[1229/1793] k=6 deg=1    0.5s  T0 . T1 . T5 . CS01 . CS02 . CS03 . CS04 . CS12 . CS13 . CS14 . CS24 . CS25 . CS34 . CS35 . CS45 . CCZ012 . CCZ013 . CCZ014 . CCZ023 . CCZ123 . CCZ234 . CCZ235 . CCZ245 . CCZ345  (elapsed 198428s)
[1230/1793] k=6 deg=1    0.3s  T0 . T1 . T5 . CS01 . CS02 . CS03 . CS04 . CS12 . CS13 . CS14 . CS25 . CCZ012 . CCZ013 . CCZ014 . CCZ023 . CCZ024 . CCZ034 . CCZ123 . CCZ124 . CCZ134  (elapsed 198428s)
[1231/1793] k=6 deg=2 37074.8s  T0 . T1 . T5 . CS01 . CS02 . CS03 . CS04 . CS12 . CS13 . CS14 . CS23 . CS45 . CCZ012 . CCZ013 . CCZ014 . CCZ023 . CCZ024 . CCZ034 . CCZ123 . CCZ124 . CCZ134 . CCZ234  (elapsed 231840s)
[1232/1793] k=6 deg=2 34471.8s  T0 . T1 . T5 . CS01 . CS02 . CS03 . CS04 . CS12 . CS13 . CS14 . CS25 . CS34 . CCZ012 . CCZ013 . CCZ014 . CCZ023 . CCZ024 . CCZ035 . CCZ045 . CCZ123 . CCZ124 . CCZ135 . CCZ145 . CCZ234 . CCZ345  (elapsed 232900s)
[1233/1793] k=6 deg=2 27437.1s  T0 . T1 . T5 . CS01 . CS02 . CS03 . CS04 . CS12 . CS13 . CS14 . CS25 . CS34 . CS35 . CS45 . CCZ012 . CCZ013 . CCZ014 . CCZ023 . CCZ024 . CCZ123 . CCZ124 . CCZ234 . CCZ235 . CCZ245 . CCZ345  (elapsed 259277s)
[1234/1793] k=6 deg=2 28539.9s  T0 . T1 . T5 . CS01 . CS02 . CS03 . CS04 . CS12 . CS13 . CS14 . CS25 . CS34 . CS45 . CCZ012 . CCZ013 . CCZ014 . CCZ023 . CCZ024 . CCZ035 . CCZ123 . CCZ124 . CCZ135 . CCZ234 . CCZ245 . CCZ345  (elapsed 261440s)
[1235/1793] k=6 deg=1    4.1s  T0 . T1 . T5 . CS01 . CS02 . CS03 . CS04 . CS12 . CS13 . CS15 . CS24 . CS34 . CCZ012 . CCZ013 . CCZ014 . CCZ023 . CCZ024 . CCZ034 . CCZ123 . CCZ124 . CCZ134 . CCZ234  (elapsed 261444s)
[1236/1793] k=6 deg=1    0.3s  T0 . T1 . T5 . CS01 . CS02 . CS03 . CS04 . CS12 . CS13 . CS15 . CS24 . CS34 . CS45 . CCZ012 . CCZ013 . CCZ014 . CCZ023 . CCZ024 . CCZ034 . CCZ123 . CCZ124 . CCZ134 . CCZ145 . CCZ234  (elapsed 261444s)
[1237/1793] k=6 deg=2 20980.6s  T0 . T1 . T5 . CS01 . CS02 . CS03 . CS04 . CS12 . CS13 . CS14 . CS25 . CS35 . CCZ012 . CCZ013 . CCZ014 . CCZ023 . CCZ024 . CCZ034 . CCZ123 . CCZ124 . CCZ134 . CCZ235  (elapsed 280257s)
[1238/1793] k=6 deg=2 18867.1s  T0 . T1 . T5 . CS01 . CS02 . CS03 . CS04 . CS12 . CS13 . CS15 . CS24 . CS35 . CCZ012 . CCZ013 . CCZ014 . CCZ023 . CCZ024 . CCZ034 . CCZ123 . CCZ124 . CCZ135 . CCZ234  (elapsed 280312s)
[1239/1793] k=6 deg=1    1.7s  T0 . T1 . T5 . CS01 . CS02 . CS03 . CS04 . CS12 . CS13 . CS15 . CS25 . CS35 . CCZ012 . CCZ013 . CCZ014 . CCZ023 . CCZ024 . CCZ034 . CCZ123 . CCZ125 . CCZ135 . CCZ235  (elapsed 280313s)
