
anf=b+ac+cd+bcd+abe+bde+abf+df+g+bg+abg+deg+afg
[0111101 0110100 0000010 1010101 0000100 0010000 0100001]0010010
[1010001 0100101 0010000 1111110 0000100 0010110 0000001]0000000
[1010010 0100000 0010000 0001100 0000100 0000010 0010111]0010010
stabSize=96

anf=1+b+ac+cd+bcd+abe+bde+abf+df+g+bg+abg+deg+afg
[0111101 0110100 0000010 1010101 0000100 0010000 0100001]0010010
[1010001 0100101 0010000 1111110 0000100 0010110 0000001]0000000
[1010010 0100000 0010000 0001100 0000100 0000010 0010111]0010010
stabSize=96

anf=a+c+ac+cd+bcd+e+abe+bde+f+abf+df+bg+abg+deg+afg
[1111010 0010101 0010110 0101101 0000100 0000010 0110010]0010100
[1010100 0100000 0010000 0011110 0000100 0000010 0000001]0010100
[1000000 0100110 0010000 0001000 0000100 0000010 0010011]0000000
stabSize=32

anf=1+a+c+ac+cd+bcd+e+abe+bde+f+abf+df+bg+abg+deg+afg
[1111010 0010101 0010110 0101101 0000100 0000010 0110010]0010100
[1010100 0100000 0010000 0011110 0000100 0000010 0000001]0010100
[1000000 0100110 0010000 0001000 0000100 0000010 0010011]0000000
stabSize=32

anf=c+ac+cd+bcd+e+abe+bde+f+abf+df+bg+abg+deg+afg
[0001010 0000111 0000010 1001110 0000100 0010110 0110111]0010010
[1000111 0100101 0010000 1101110 0000100 0010110 0000001]0000110
stabSize=96

anf=1+c+ac+cd+bcd+e+abe+bde+f+abf+df+bg+abg+deg+afg
[0001010 0000111 0000010 1001110 0000100 0010110 0110111]0010010
[1000111 0100101 0010000 1101110 0000100 0010110 0000001]0000110
stabSize=96

anf=ac+cd+bcd+e+abe+bde+abf+df+bg+abg+deg+afg
[0101001 0110010 0000010 1000111 0000100 0010000 0110101]0010010
[0101011 0100010 0000010 1000001 0000100 0010000 0100101]0000000
stabSize=8

anf=1+ac+cd+bcd+e+abe+bde+abf+df+bg+abg+deg+afg
[0101001 0110010 0000010 1000111 0000100 0010000 0110101]0010010
[0101011 0100010 0000010 1000001 0000100 0010000 0100101]0000000
stabSize=8

anf=b+c+ac+cd+bcd+abe+bde+abf+df+bg+abg+deg+afg
[1000110 0100110 0010000 0011010 0000100 0000010 0000101]0000110
[1000100 0100010 0010000 0001010 0000100 0000010 0000011]0000110
[1010000 0100110 0010000 0011100 0000100 0000010 0000101]0000000
stabSize=8

anf=c+ac+cd+bcd+abe+bde+abf+df+bg+abg+deg+afg
[1000110 0100110 0010000 0011010 0000100 0000010 0000101]0000110
[1010000 0100110 0010000 0011100 0000100 0000010 0000101]0000000
[1101100 0000101 0010110 0111111 0000100 0000010 0100110]0000110
stabSize=16

anf=1+c+ac+cd+bcd+abe+bde+abf+df+bg+abg+deg+afg
[1000110 0100110 0010000 0011010 0000100 0000010 0000101]0000110
[1010000 0100110 0010000 0011100 0000100 0000010 0000101]0000000
[1101100 0000101 0010110 0111111 0000100 0000010 0100110]0000110
stabSize=16

anf=ac+cd+bcd+abe+bde+abf+df+bg+abg+deg+afg
[1101000 0010101 0010110 0111101 0000100 0000010 0110010]0000110
[1000000 0100110 0010000 0001000 0000100 0000010 0010011]0000000
[1010010 0100000 0010000 0001100 0000100 0000010 0010111]0010010
stabSize=32

anf=1+ac+cd+bcd+abe+bde+abf+df+bg+abg+deg+afg
[1101000 0010101 0010110 0111101 0000100 0000010 0110010]0000110
[1000000 0100110 0010000 0001000 0000100 0000010 0010011]0000000
[1010010 0100000 0010000 0001100 0000100 0000010 0010111]0010010
stabSize=32

anf=a+ab+bc+ad+bcd+abe+de+bde+bf+abf+ef+g+abg+deg+afg
[0010011 1111100 0010000 0100111 0000100 0000010 1000111]0011010
[0010011 1101100 0010000 0110111 0000100 0000010 1000111]0001010
stabSize=12

anf=ab+c+bc+ad+bcd+e+abe+de+bde+bf+abf+ef+abg+deg+afg
[1000101 0001000 0010000 1111100 0000100 0010110 1010110]1111110
stabSize=6

anf=1+ab+c+bc+ad+bcd+e+abe+de+bde+bf+abf+ef+abg+deg+afg
[1000101 0001000 0010000 1111100 0000100 0010110 1010110]1111110
stabSize=6

anf=a+ab+bc+ad+bcd+e+abe+de+bde+bf+abf+ef+abg+deg+afg
[1000000 0100000 0010000 0011000 0000100 0000010 0000001]0000000
[1010100 0111101 0010000 1001010 0000100 0010110 1000011]0001001
stabSize=8

anf=1+a+ab+bc+ad+bcd+e+abe+de+bde+bf+abf+ef+abg+deg+afg
[1000000 0100000 0010000 0011000 0000100 0000010 0000001]0000000
[1010100 0111101 0010000 1001010 0000100 0010110 1000011]0001001
stabSize=8

anf=ab+bc+ad+bcd+e+abe+de+bde+bf+abf+ef+abg+deg+afg
[1000000 0100000 0010000 0011000 0000100 0000010 0000001]0000000
[0000111 0011010 0010000 0100110 0000100 0010110 1010010]1111101
[1000001 0110101 0010000 1101010 0000100 0010110 0000001]0000001
stabSize=24

anf=1+ab+bc+ad+bcd+e+abe+de+bde+bf+abf+ef+abg+deg+afg
[1000000 0100000 0010000 0011000 0000100 0000010 0000001]0000000
[0000111 0011010 0010000 0100110 0000100 0010110 1010010]1111101
[1000001 0110101 0010000 1101010 0000100 0010110 0000001]0000001
stabSize=24

anf=a+ab+c+bc+ad+bcd+abe+de+bde+bf+abf+ef+abg+deg+afg
[0000011 0011000 0010000 0110000 0000100 0010110 1010110]0101100
[1010000 0101111 0010000 1001100 0000100 0010110 1000111]0001010
stabSize=24

anf=1+a+ab+c+bc+ad+bcd+abe+de+bde+bf+abf+ef+abg+deg+afg
[0000011 0011000 0010000 0110000 0000100 0010110 1010110]0101100
[1010000 0101111 0010000 1001100 0000100 0010110 1000111]0001010
stabSize=24

anf=ab+c+bc+ad+bcd+abe+de+bde+bf+abf+ef+abg+deg+afg
[1000001 0110101 0010000 1101010 0000100 0010110 0000001]0000001
[1000100 0110000 0010000 0001010 0000100 0000010 0000001]0000001
stabSize=4

anf=ab+bc+ad+bcd+abe+de+bde+bf+abf+ef+abg+deg+afg
[1000000 0100000 0010000 0011000 0000100 0000010 0000001]0000000
[1010100 0110111 0010000 1001010 0000100 0010110 0000101]1000001
stabSize=8

anf=1+ab+bc+ad+bcd+abe+de+bde+bf+abf+ef+abg+deg+afg
[1000000 0100000 0010000 0011000 0000100 0000010 0000001]0000000
[1010100 0110111 0010000 1001010 0000100 0010110 0000101]1000001
stabSize=8

anf=ac+bc+cd+bcd+e+be+abe+bde+f+abf+df+abg+deg+afg
[1101010 0100101 0010110 1010111 0000100 0010000 0100000]0101010
stabSize=6

anf=ac+bc+cd+bcd+be+abe+bde+f+abf+df+abg+deg+afg
[1010100 0100000 0010000 0011110 0000100 0000010 0000001]0010100
[1000110 0100010 0010000 0011010 0000100 0000010 0010101]0010000
[1010110 0100010 0010000 0001110 0000100 0000010 0010101]0000100
stabSize=8

anf=1+ac+bc+cd+bcd+be+abe+bde+f+abf+df+abg+deg+afg
[1010100 0100000 0010000 0011110 0000100 0000010 0000001]0010100
[1000110 0100010 0010000 0011010 0000100 0000010 0010101]0010000
[1010110 0100010 0010000 0001110 0000100 0000010 0010101]0000100
stabSize=8

anf=b+ac+bc+cd+bcd+e+be+abe+bde+abf+df+abg+deg+afg
[1010000 0110010 0010000 0011100 0000100 0000010 0000011]0010010
[1000010 0100000 0010000 0011000 0000100 0000010 0000001]0000010
stabSize=4

anf=ac+bc+cd+bcd+e+be+abe+bde+abf+df+abg+deg+afg
[1000011 0100000 0010000 0101011 0000100 0000010 0000001]0000011
[1010011 0110010 0010000 0111111 0000100 0000010 0000011]0010001
stabSize=8

anf=1+ac+bc+cd+bcd+e+be+abe+bde+abf+df+abg+deg+afg
[1000011 0100000 0010000 0101011 0000100 0000010 0000001]0000011
[1010011 0110010 0010000 0111111 0000100 0000010 0000011]0010001
stabSize=8

anf=c+ac+bc+cd+bcd+be+abe+bde+abf+df+abg+deg+afg
[1111000 0100011 0010110 1010101 0000100 0010000 0110000]0101100
[1000110 0100000 0010000 0011010 0000100 0000010 0000001]0000010
stabSize=12

anf=1+c+ac+bc+cd+bcd+be+abe+bde+abf+df+abg+deg+afg
[1111000 0100011 0010110 1010101 0000100 0010000 0110000]0101100
[1000110 0100000 0010000 0011010 0000100 0000010 0000001]0000010
stabSize=12

anf=a+ac+bc+cd+bcd+be+abe+bde+abf+df+abg+deg+afg
[1000001 0100000 0010000 0111011 0000100 0000010 0000001]0000001
[1010001 0100000 0010000 0101111 0000100 0000010 0000001]0010101
[1000101 0110010 0010000 0111001 0000100 0000010 0000011]0000111
stabSize=16

anf=1+a+ac+bc+cd+bcd+be+abe+bde+abf+df+abg+deg+afg
[1000001 0100000 0010000 0111011 0000100 0000010 0000001]0000001
[1010001 0100000 0010000 0101111 0000100 0000010 0000001]0010101
[1000101 0110010 0010000 0111001 0000100 0000010 0000011]0000111
stabSize=16

anf=ac+bc+cd+bcd+be+abe+bde+abf+df+abg+deg+afg
[1000001 0100000 0010000 0111011 0000100 0000010 0000001]0000001
[1010001 0100000 0010000 0101111 0000100 0000010 0000001]0010101
[1000101 0110010 0010000 0111001 0000100 0000010 0000011]0000111
stabSize=16

anf=1+ac+bc+cd+bcd+be+abe+bde+abf+df+abg+deg+afg
[1000001 0100000 0010000 0111011 0000100 0000010 0000001]0000001
[1010001 0100000 0010000 0101111 0000100 0000010 0000001]0010101
[1000101 0110010 0010000 0111001 0000100 0000010 0000011]0000111
stabSize=16

anf=a+c+ac+d+cd+bcd+e+abe+bde+f+abf+df+abg+deg+afg
[0011100 0010011 0000010 1001100 0000100 0010110 0100001]0010100
[1000001 0100111 0010000 1111010 0000100 0010110 0000111]0000000
stabSize=96

anf=1+a+c+ac+d+cd+bcd+e+abe+bde+f+abf+df+abg+deg+afg
[0011100 0010011 0000010 1001100 0000100 0010110 0100001]0010100
[1000001 0100111 0010000 1111010 0000100 0010110 0000111]0000000
stabSize=96

anf=c+ac+cd+bcd+e+abe+bde+f+abf+df+abg+deg+afg
[1010100 0100000 0010000 0011110 0000100 0000010 0000001]0010100
[1010100 0100110 0010000 0011110 0000100 0000010 0010011]0010100
[1000110 0110010 0010000 0011010 0000100 0000010 0010101]0000000
[0101001 0110010 0000010 1000101 0000100 0010000 0110101]0010100
stabSize=32

anf=1+c+ac+cd+bcd+e+abe+bde+f+abf+df+abg+deg+afg
[1010100 0100000 0010000 0011110 0000100 0000010 0000001]0010100
[1010100 0100110 0010000 0011110 0000100 0000010 0010011]0010100
[1000110 0110010 0010000 0011010 0000100 0000010 0010101]0000000
[0101001 0110010 0000010 1000101 0000100 0010000 0110101]0010100
stabSize=32

anf=ac+cd+bcd+e+abe+bde+abf+df+abg+deg+afg
[1000110 0110000 0010000 0011010 0000100 0000010 0000001]0010010
[0111001 0110000 0000010 1000111 0000100 0010000 0100011]0000000
stabSize=8

anf=1+ac+cd+bcd+e+abe+bde+abf+df+abg+deg+afg
[1000110 0110000 0010000 0011010 0000100 0000010 0000001]0010010
[0111001 0110000 0000010 1000111 0000100 0010000 0100011]0000000
stabSize=8

anf=b+c+ac+cd+bcd+abe+bde+abf+df+abg+deg+afg
[1000110 0100110 0010000 0011010 0000100 0000010 0000101]0000110
[1010100 0100100 0010000 0011110 0000100 0000010 0000111]0000110
[1000100 0100010 0010000 0001010 0000100 0000010 0000011]0000110
stabSize=8

anf=c+ac+cd+bcd+abe+bde+abf+df+abg+deg+afg
[1101010 0000111 0010110 0111101 0000100 0000010 0100100]0000110
[1111100 0000001 0010110 0101111 0000100 0000010 0100000]0000110
[1000110 0100110 0010000 0011010 0000100 0000010 0000101]0000110
stabSize=16

anf=1+c+ac+cd+bcd+abe+bde+abf+df+abg+deg+afg
[1101010 0000111 0010110 0111101 0000100 0000010 0100100]0000110
[1111100 0000001 0010110 0101111 0000100 0000010 0100000]0000110
[1000110 0100110 0010000 0011010 0000100 0000010 0000101]0000110
stabSize=16

anf=b+ac+cd+bcd+abe+bde+abf+df+abg+deg+afg
[1000000 0100110 0010000 0001000 0000100 0000010 0010011]0000000
[1000001 0100111 0010000 1111010 0000100 0010110 0000111]0000000
[1010010 0100000 0010000 0001100 0000100 0000010 0010111]0010010
stabSize=32

anf=1+b+ac+cd+bcd+abe+bde+abf+df+abg+deg+afg
[1000000 0100110 0010000 0001000 0000100 0000010 0010011]0000000
[1000001 0100111 0010000 1111010 0000100 0010110 0000111]0000000
[1010010 0100000 0010000 0001100 0000100 0000010 0010111]0010010
stabSize=32

anf=ac+cd+bcd+abe+bde+abf+df+abg+deg+afg
[0101111 0100110 0000010 1010011 0000100 0010000 0100111]0010010
[0011100 0010011 0000010 1001100 0000100 0010110 0100001]0010100
[1010010 0100000 0010000 0001100 0000100 0000010 0010111]0010010
stabSize=96

anf=1+ac+cd+bcd+abe+bde+abf+df+abg+deg+afg
[0101111 0100110 0000010 1010011 0000100 0010000 0100111]0010010
[0011100 0010011 0000010 1001100 0000100 0010110 0100001]0010100
[1010010 0100000 0010000 0001100 0000100 0000010 0010111]0010010
stabSize=96

anf=a+b+ab+bc+d+ad+bcd+e+be+abe+ce+bde+f+abf+cf+g+abg+deg+afg
[1101110 0000001 0010110 0101001 0000100 0000010 0100000]0101000
[1000111 1011110 0010000 0101001 0000100 0000010 1010000]0101000
stabSize=6

anf=1+a+b+ab+bc+d+ad+bcd+e+be+abe+ce+bde+f+abf+cf+g+abg+deg+afg
[1101110 0000001 0010110 0101001 0000100 0000010 0100000]0101000
[1000111 1011110 0010000 0101001 0000100 0000010 1010000]0101000
stabSize=6

anf=a+b+ab+bc+d+ad+bcd+be+abe+ce+bde+abf+cf+g+abg+deg+afg
[1101110 0000001 0010110 0101001 0000100 0000010 0100000]0101000
[1000111 1011110 0010000 0101001 0000100 0000010 1010000]0101000
stabSize=6

anf=1+a+b+ab+bc+d+ad+bcd+be+abe+ce+bde+abf+cf+g+abg+deg+afg
[1101110 0000001 0010110 0101001 0000100 0000010 0100000]0101000
[1000111 1011110 0010000 0101001 0000100 0000010 1010000]0101000
stabSize=6

anf=ab+bc+d+ad+bcd+e+be+abe+ce+bde+f+abf+cf+abg+deg+afg
[0110110 1010000 0010110 0100111 0000100 0000010 1011110]1011111
stabSize=2

anf=1+ab+bc+d+ad+bcd+e+be+abe+ce+bde+f+abf+cf+abg+deg+afg
[0110110 1010000 0010110 0100111 0000100 0000010 1011110]1011111
stabSize=2

anf=b+ab+bc+ad+bcd+e+be+abe+ce+bde+f+abf+cf+abg+deg+afg
stabSize=1

anf=1+b+ab+bc+ad+bcd+e+be+abe+ce+bde+f+abf+cf+abg+deg+afg
stabSize=1

anf=a+ab+bc+ad+bcd+e+be+abe+ce+bde+f+abf+cf+abg+deg+afg
[1101110 0000001 0010110 0101001 0000100 0000010 0100000]0101000
stabSize=2

anf=1+a+ab+bc+ad+bcd+e+be+abe+ce+bde+f+abf+cf+abg+deg+afg
[1101110 0000001 0010110 0101001 0000100 0000010 0100000]0101000
stabSize=2

anf=ab+bc+ad+bcd+e+be+abe+ce+bde+f+abf+cf+abg+deg+afg
[1101110 0000001 0010110 0101001 0000100 0000010 0100000]0101000
stabSize=2

anf=1+ab+bc+ad+bcd+e+be+abe+ce+bde+f+abf+cf+abg+deg+afg
[1101110 0000001 0010110 0101001 0000100 0000010 0100000]0101000
stabSize=2

anf=a+b+ab+bc+ad+bcd+be+abe+ce+bde+f+abf+cf+abg+deg+afg
stabSize=1

anf=1+a+b+ab+bc+ad+bcd+be+abe+ce+bde+f+abf+cf+abg+deg+afg
stabSize=1

anf=b+ab+bc+ad+bcd+be+abe+ce+bde+f+abf+cf+abg+deg+afg
stabSize=1

anf=1+b+ab+bc+ad+bcd+be+abe+ce+bde+f+abf+cf+abg+deg+afg
stabSize=1

anf=a+ab+bc+ad+bcd+be+abe+ce+bde+f+abf+cf+abg+deg+afg
stabSize=1

anf=ab+bc+ad+bcd+be+abe+ce+bde+f+abf+cf+abg+deg+afg
[1000111 1011110 0010000 0101001 0000100 0000010 1010000]0101000
stabSize=3

anf=a+b+ab+bc+ad+bcd+e+be+abe+ce+bde+abf+cf+abg+deg+afg
stabSize=1

anf=1+a+b+ab+bc+ad+bcd+e+be+abe+ce+bde+abf+cf+abg+deg+afg
stabSize=1

anf=b+ab+bc+ad+bcd+e+be+abe+ce+bde+abf+cf+abg+deg+afg
stabSize=1

anf=1+b+ab+bc+ad+bcd+e+be+abe+ce+bde+abf+cf+abg+deg+afg
stabSize=1

anf=a+ab+bc+ad+bcd+e+be+abe+ce+bde+abf+cf+abg+deg+afg
[1001000 0000001 0010110 0001000 0000100 0000010 0100000]0001010
stabSize=2

anf=1+a+ab+bc+ad+bcd+e+be+abe+ce+bde+abf+cf+abg+deg+afg
[1001000 0000001 0010110 0001000 0000100 0000010 0100000]0001010
stabSize=2

anf=ab+bc+ad+bcd+e+be+abe+ce+bde+abf+cf+abg+deg+afg
[0110110 1010111 0010110 0100111 0000100 0000010 1111000]1111010
stabSize=6

anf=1+ab+bc+ad+bcd+e+be+abe+ce+bde+abf+cf+abg+deg+afg
[0110110 1010111 0010110 0100111 0000100 0000010 1111000]1111010
stabSize=6

anf=ab+bc+d+ad+bcd+be+abe+ce+bde+abf+cf+abg+deg+afg
[0110110 1010000 0010110 0100111 0000100 0000010 1011110]1011111
stabSize=2

anf=1+ab+bc+d+ad+bcd+be+abe+ce+bde+abf+cf+abg+deg+afg
[0110110 1010000 0010110 0100111 0000100 0000010 1011110]1011111
stabSize=2

anf=b+ab+bc+ad+bcd+be+abe+ce+bde+abf+cf+abg+deg+afg
stabSize=1

anf=1+b+ab+bc+ad+bcd+be+abe+ce+bde+abf+cf+abg+deg+afg
stabSize=1

anf=a+ab+bc+ad+bcd+be+abe+ce+bde+abf+cf+abg+deg+afg
[1101110 0000001 0010110 0101001 0000100 0000010 0100000]0101000
stabSize=2

anf=1+a+ab+bc+ad+bcd+be+abe+ce+bde+abf+cf+abg+deg+afg
[1101110 0000001 0010110 0101001 0000100 0000010 0100000]0101000
stabSize=2

anf=ab+bc+ad+bcd+be+abe+ce+bde+abf+cf+abg+deg+afg
[1101110 0000001 0010110 0101001 0000100 0000010 0100000]0101000
stabSize=2

anf=1+ab+bc+ad+bcd+be+abe+ce+bde+abf+cf+abg+deg+afg
[1101110 0000001 0010110 0101001 0000100 0000010 0100000]0101000
stabSize=2

anf=a+b+c+d+ad+bcd+e+abe+ce+bde+f+abf+cf+g+abg+deg+afg
[1111110 0000001 0010110 0101111 0000100 0000010 0100000]0100111
[1001000 0000001 0010110 0001000 0000100 0000010 0100000]0000000
stabSize=4

anf=1+a+b+c+d+ad+bcd+e+abe+ce+bde+f+abf+cf+g+abg+deg+afg
[1111110 0000001 0010110 0101111 0000100 0000010 0100000]0100111
[1001000 0000001 0010110 0001000 0000100 0000010 0100000]0000000
stabSize=4

anf=b+c+d+ad+bcd+e+abe+ce+bde+f+abf+cf+g+abg+deg+afg
[1111110 0000001 0010110 0101111 0000100 0000010 0100000]0100111
[1001000 0000001 0010110 0001000 0000100 0000010 0100000]0000000
stabSize=4

anf=1+b+c+d+ad+bcd+e+abe+ce+bde+f+abf+cf+g+abg+deg+afg
[1111110 0000001 0010110 0101111 0000100 0000010 0100000]0100111
[1001000 0000001 0010110 0001000 0000100 0000010 0100000]0000000
stabSize=4

anf=b+d+ad+bcd+e+abe+ce+bde+f+abf+cf+g+abg+deg+afg
[1001000 0000001 0010110 0001000 0000100 0000010 0100000]0000000
stabSize=2

anf=1+b+d+ad+bcd+e+abe+ce+bde+f+abf+cf+g+abg+deg+afg
[1001000 0000001 0010110 0001000 0000100 0000010 0100000]0000000
stabSize=2

anf=b+c+ad+bcd+e+abe+ce+bde+f+abf+cf+g+abg+deg+afg
[1010001 0100000 0010000 0101111 0000100 0000010 0000001]0100111
stabSize=2

anf=1+b+c+ad+bcd+e+abe+ce+bde+f+abf+cf+g+abg+deg+afg
[1010001 0100000 0010000 0101111 0000100 0000010 0000001]0100111
stabSize=2

anf=b+ad+bcd+e+abe+ce+bde+f+abf+cf+g+abg+deg+afg
[1111110 0000001 0010110 0101111 0000100 0000010 0100000]0100111
stabSize=2

anf=1+b+ad+bcd+e+abe+ce+bde+f+abf+cf+g+abg+deg+afg
[1111110 0000001 0010110 0101111 0000100 0000010 0100000]0100111
stabSize=2

anf=a+b+ad+bcd+abe+ce+bde+f+abf+cf+g+abg+deg+afg
stabSize=1

anf=1+a+b+ad+bcd+abe+ce+bde+f+abf+cf+g+abg+deg+afg
stabSize=1

anf=b+ad+bcd+abe+ce+bde+f+abf+cf+g+abg+deg+afg
stabSize=1

anf=1+b+ad+bcd+abe+ce+bde+f+abf+cf+g+abg+deg+afg
stabSize=1

anf=a+b+ad+bcd+e+abe+ce+bde+abf+cf+g+abg+deg+afg
stabSize=1

anf=1+a+b+ad+bcd+e+abe+ce+bde+abf+cf+g+abg+deg+afg
stabSize=1

anf=b+ad+bcd+e+abe+ce+bde+abf+cf+g+abg+deg+afg
stabSize=1

anf=1+b+ad+bcd+e+abe+ce+bde+abf+cf+g+abg+deg+afg
stabSize=1

anf=a+b+c+d+ad+bcd+abe+ce+bde+abf+cf+g+abg+deg+afg
[1111110 0000001 0010110 0101111 0000100 0000010 0100000]0100111
[1001000 0000001 0010110 0001000 0000100 0000010 0100000]0000000
stabSize=4

anf=1+a+b+c+d+ad+bcd+abe+ce+bde+abf+cf+g+abg+deg+afg
[1111110 0000001 0010110 0101111 0000100 0000010 0100000]0100111
[1001000 0000001 0010110 0001000 0000100 0000010 0100000]0000000
stabSize=4

anf=b+c+d+ad+bcd+abe+ce+bde+abf+cf+g+abg+deg+afg
[1111110 0000001 0010110 0101111 0000100 0000010 0100000]0100111
[1001000 0000001 0010110 0001000 0000100 0000010 0100000]0000000
stabSize=4

anf=1+b+c+d+ad+bcd+abe+ce+bde+abf+cf+g+abg+deg+afg
[1111110 0000001 0010110 0101111 0000100 0000010 0100000]0100111
[1001000 0000001 0010110 0001000 0000100 0000010 0100000]0000000
stabSize=4

anf=b+d+ad+bcd+abe+ce+bde+abf+cf+g+abg+deg+afg
[1001000 0000001 0010110 0001000 0000100 0000010 0100000]0000000
stabSize=2

anf=1+b+d+ad+bcd+abe+ce+bde+abf+cf+g+abg+deg+afg
[1001000 0000001 0010110 0001000 0000100 0000010 0100000]0000000
stabSize=2

anf=b+c+ad+bcd+abe+ce+bde+abf+cf+g+abg+deg+afg
[1010001 0100000 0010000 0101111 0000100 0000010 0000001]0100111
stabSize=2

anf=1+b+c+ad+bcd+abe+ce+bde+abf+cf+g+abg+deg+afg
[1010001 0100000 0010000 0101111 0000100 0000010 0000001]0100111
stabSize=2

anf=b+ad+bcd+abe+ce+bde+abf+cf+g+abg+deg+afg
[1111110 0000001 0010110 0101111 0000100 0000010 0100000]0100111
stabSize=2

anf=1+b+ad+bcd+abe+ce+bde+abf+cf+g+abg+deg+afg
[1111110 0000001 0010110 0101111 0000100 0000010 0100000]0100111
stabSize=2

anf=c+d+ad+bcd+e+abe+ce+bde+f+abf+cf+abg+deg+afg
[1001000 0000001 0010110 0001000 0000100 0000010 0100000]0000000
stabSize=2

anf=1+c+d+ad+bcd+e+abe+ce+bde+f+abf+cf+abg+deg+afg
[1001000 0000001 0010110 0001000 0000100 0000010 0100000]0000000
stabSize=2

anf=a+d+ad+bcd+e+abe+ce+bde+f+abf+cf+abg+deg+afg
[1111110 0000001 0010110 0101111 0000100 0000010 0100000]0100111
[1001000 0000001 0010110 0001000 0000100 0000010 0100000]0000000
stabSize=4

anf=1+a+d+ad+bcd+e+abe+ce+bde+f+abf+cf+abg+deg+afg
[1111110 0000001 0010110 0101111 0000100 0000010 0100000]0100111
[1001000 0000001 0010110 0001000 0000100 0000010 0100000]0000000
stabSize=4

anf=d+ad+bcd+e+abe+ce+bde+f+abf+cf+abg+deg+afg
[1111110 0000001 0010110 0101111 0000100 0000010 0100000]0100111
[1001000 0000001 0010110 0001000 0000100 0000010 0100000]0000000
stabSize=4

anf=1+d+ad+bcd+e+abe+ce+bde+f+abf+cf+abg+deg+afg
[1111110 0000001 0010110 0101111 0000100 0000010 0100000]0100111
[1001000 0000001 0010110 0001000 0000100 0000010 0100000]0000000
stabSize=4

anf=a+b+c+ad+bcd+e+abe+ce+bde+f+abf+cf+abg+deg+afg
stabSize=1

anf=1+a+b+c+ad+bcd+e+abe+ce+bde+f+abf+cf+abg+deg+afg
stabSize=1

anf=b+c+ad+bcd+e+abe+ce+bde+f+abf+cf+abg+deg+afg
stabSize=1

anf=1+b+c+ad+bcd+e+abe+ce+bde+f+abf+cf+abg+deg+afg
stabSize=1

anf=c+ad+bcd+e+abe+ce+bde+f+abf+cf+abg+deg+afg
[1111110 0000001 0010110 0101111 0000100 0000010 0100000]0100111
stabSize=2

anf=1+c+ad+bcd+e+abe+ce+bde+f+abf+cf+abg+deg+afg
[1111110 0000001 0010110 0101111 0000100 0000010 0100000]0100111
stabSize=2

anf=a+b+ad+bcd+e+abe+ce+bde+f+abf+cf+abg+deg+afg
stabSize=1

anf=1+a+b+ad+bcd+e+abe+ce+bde+f+abf+cf+abg+deg+afg
stabSize=1

anf=b+ad+bcd+e+abe+ce+bde+f+abf+cf+abg+deg+afg
stabSize=1

anf=1+b+ad+bcd+e+abe+ce+bde+f+abf+cf+abg+deg+afg
stabSize=1

anf=ad+bcd+e+abe+ce+bde+f+abf+cf+abg+deg+afg
[1010001 0100000 0010000 0101111 0000100 0000010 0000001]0100111
stabSize=2

anf=1+ad+bcd+e+abe+ce+bde+f+abf+cf+abg+deg+afg
[1010001 0100000 0010000 0101111 0000100 0000010 0000001]0100111
stabSize=2

anf=b+c+d+ad+bcd+abe+ce+bde+f+abf+cf+abg+deg+afg
stabSize=1

anf=1+b+c+d+ad+bcd+abe+ce+bde+f+abf+cf+abg+deg+afg
stabSize=1

anf=a+b+d+ad+bcd+abe+ce+bde+f+abf+cf+abg+deg+afg
[1010001 0100000 0010000 0101111 0000100 0000010 0000001]0100111
stabSize=2

anf=1+a+b+d+ad+bcd+abe+ce+bde+f+abf+cf+abg+deg+afg
[1010001 0100000 0010000 0101111 0000100 0000010 0000001]0100111
stabSize=2

anf=b+d+ad+bcd+abe+ce+bde+f+abf+cf+abg+deg+afg
[1010001 0100000 0010000 0101111 0000100 0000010 0000001]0100111
stabSize=2

anf=1+b+d+ad+bcd+abe+ce+bde+f+abf+cf+abg+deg+afg
[1010001 0100000 0010000 0101111 0000100 0000010 0000001]0100111
stabSize=2

anf=b+c+ad+bcd+abe+ce+bde+f+abf+cf+abg+deg+afg
stabSize=1

anf=1+b+c+ad+bcd+abe+ce+bde+f+abf+cf+abg+deg+afg
stabSize=1

anf=a+b+ad+bcd+abe+ce+bde+f+abf+cf+abg+deg+afg
[1010001 0100000 0010000 0101111 0000100 0000010 0000001]0100111
stabSize=2

anf=1+a+b+ad+bcd+abe+ce+bde+f+abf+cf+abg+deg+afg
[1010001 0100000 0010000 0101111 0000100 0000010 0000001]0100111
stabSize=2

anf=b+ad+bcd+abe+ce+bde+f+abf+cf+abg+deg+afg
[1010001 0100000 0010000 0101111 0000100 0000010 0000001]0100111
stabSize=2

anf=1+b+ad+bcd+abe+ce+bde+f+abf+cf+abg+deg+afg
[1010001 0100000 0010000 0101111 0000100 0000010 0000001]0100111
stabSize=2

anf=a+ad+bcd+abe+ce+bde+f+abf+cf+abg+deg+afg
stabSize=1

anf=1+a+ad+bcd+abe+ce+bde+f+abf+cf+abg+deg+afg
stabSize=1

anf=ad+bcd+abe+ce+bde+f+abf+cf+abg+deg+afg
stabSize=1

anf=1+ad+bcd+abe+ce+bde+f+abf+cf+abg+deg+afg
stabSize=1

anf=b+c+d+ad+bcd+e+abe+ce+bde+abf+cf+abg+deg+afg
stabSize=1

anf=1+b+c+d+ad+bcd+e+abe+ce+bde+abf+cf+abg+deg+afg
stabSize=1

anf=a+b+d+ad+bcd+e+abe+ce+bde+abf+cf+abg+deg+afg
[1010001 0100000 0010000 0101111 0000100 0000010 0000001]0100111
stabSize=2

anf=1+a+b+d+ad+bcd+e+abe+ce+bde+abf+cf+abg+deg+afg
[1010001 0100000 0010000 0101111 0000100 0000010 0000001]0100111
stabSize=2

anf=b+d+ad+bcd+e+abe+ce+bde+abf+cf+abg+deg+afg
[1010001 0100000 0010000 0101111 0000100 0000010 0000001]0100111
stabSize=2

anf=1+b+d+ad+bcd+e+abe+ce+bde+abf+cf+abg+deg+afg
[1010001 0100000 0010000 0101111 0000100 0000010 0000001]0100111
stabSize=2

anf=b+c+ad+bcd+e+abe+ce+bde+abf+cf+abg+deg+afg
stabSize=1

anf=1+b+c+ad+bcd+e+abe+ce+bde+abf+cf+abg+deg+afg
stabSize=1

anf=a+b+ad+bcd+e+abe+ce+bde+abf+cf+abg+deg+afg
[1010001 0100000 0010000 0101111 0000100 0000010 0000001]0100111
stabSize=2

anf=1+a+b+ad+bcd+e+abe+ce+bde+abf+cf+abg+deg+afg
[1010001 0100000 0010000 0101111 0000100 0000010 0000001]0100111
stabSize=2

anf=b+ad+bcd+e+abe+ce+bde+abf+cf+abg+deg+afg
[1010001 0100000 0010000 0101111 0000100 0000010 0000001]0100111
stabSize=2

anf=1+b+ad+bcd+e+abe+ce+bde+abf+cf+abg+deg+afg
[1010001 0100000 0010000 0101111 0000100 0000010 0000001]0100111
stabSize=2

anf=a+ad+bcd+e+abe+ce+bde+abf+cf+abg+deg+afg
stabSize=1

anf=1+a+ad+bcd+e+abe+ce+bde+abf+cf+abg+deg+afg
stabSize=1

anf=ad+bcd+e+abe+ce+bde+abf+cf+abg+deg+afg
stabSize=1

anf=1+ad+bcd+e+abe+ce+bde+abf+cf+abg+deg+afg
stabSize=1

anf=c+d+ad+bcd+abe+ce+bde+abf+cf+abg+deg+afg
[1001000 0000001 0010110 0001000 0000100 0000010 0100000]0000000
stabSize=2

anf=1+c+d+ad+bcd+abe+ce+bde+abf+cf+abg+deg+afg
[1001000 0000001 0010110 0001000 0000100 0000010 0100000]0000000
stabSize=2

anf=a+d+ad+bcd+abe+ce+bde+abf+cf+abg+deg+afg
[1111110 0000001 0010110 0101111 0000100 0000010 0100000]0100111
[1001000 0000001 0010110 0001000 0000100 0000010 0100000]0000000
stabSize=4

anf=1+a+d+ad+bcd+abe+ce+bde+abf+cf+abg+deg+afg
[1111110 0000001 0010110 0101111 0000100 0000010 0100000]0100111
[1001000 0000001 0010110 0001000 0000100 0000010 0100000]0000000
stabSize=4

anf=d+ad+bcd+abe+ce+bde+abf+cf+abg+deg+afg
[1111110 0000001 0010110 0101111 0000100 0000010 0100000]0100111
[1001000 0000001 0010110 0001000 0000100 0000010 0100000]0000000
stabSize=4

anf=1+d+ad+bcd+abe+ce+bde+abf+cf+abg+deg+afg
[1111110 0000001 0010110 0101111 0000100 0000010 0100000]0100111
[1001000 0000001 0010110 0001000 0000100 0000010 0100000]0000000
stabSize=4

anf=a+b+c+ad+bcd+abe+ce+bde+abf+cf+abg+deg+afg
stabSize=1

anf=1+a+b+c+ad+bcd+abe+ce+bde+abf+cf+abg+deg+afg
stabSize=1

anf=b+c+ad+bcd+abe+ce+bde+abf+cf+abg+deg+afg
stabSize=1

anf=1+b+c+ad+bcd+abe+ce+bde+abf+cf+abg+deg+afg
stabSize=1

anf=c+ad+bcd+abe+ce+bde+abf+cf+abg+deg+afg
[1111110 0000001 0010110 0101111 0000100 0000010 0100000]0100111
stabSize=2

anf=1+c+ad+bcd+abe+ce+bde+abf+cf+abg+deg+afg
[1111110 0000001 0010110 0101111 0000100 0000010 0100000]0100111
stabSize=2

anf=a+b+ad+bcd+abe+ce+bde+abf+cf+abg+deg+afg
stabSize=1

anf=1+a+b+ad+bcd+abe+ce+bde+abf+cf+abg+deg+afg
stabSize=1

anf=b+ad+bcd+abe+ce+bde+abf+cf+abg+deg+afg
stabSize=1

anf=1+b+ad+bcd+abe+ce+bde+abf+cf+abg+deg+afg
stabSize=1

anf=ad+bcd+abe+ce+bde+abf+cf+abg+deg+afg
[1010001 0100000 0010000 0101111 0000100 0000010 0000001]0100111
stabSize=2

anf=1+ad+bcd+abe+ce+bde+abf+cf+abg+deg+afg
[1010001 0100000 0010000 0101111 0000100 0000010 0000001]0100111
stabSize=2

anf=a+b+ab+bcd+e+abe+ce+bde+f+abf+cf+g+abg+deg+afg
[0100110 1000110 0010110 0100001 0000100 0000010 1001110]0000110
stabSize=2

anf=1+a+b+ab+bcd+e+abe+ce+bde+f+abf+cf+g+abg+deg+afg
[0100110 1000110 0010110 0100001 0000100 0000010 1001110]0000110
stabSize=2

anf=b+ab+bcd+abe+ce+bde+f+abf+cf+g+abg+deg+afg
stabSize=1

anf=b+ab+bcd+e+abe+ce+bde+abf+cf+g+abg+deg+afg
[1001000 0000001 0010110 0001000 0000100 0000010 0100000]0000010
stabSize=2

anf=1+b+ab+bcd+e+abe+ce+bde+abf+cf+g+abg+deg+afg
[1001000 0000001 0010110 0001000 0000100 0000010 0100000]0000010
stabSize=2

anf=a+b+ab+bcd+abe+ce+bde+abf+cf+g+abg+deg+afg
[0100110 1000110 0010110 0100001 0000100 0000010 1001110]0000110
stabSize=2

anf=1+a+b+ab+bcd+abe+ce+bde+abf+cf+g+abg+deg+afg
[0100110 1000110 0010110 0100001 0000100 0000010 1001110]0000110
stabSize=2

anf=a+b+ab+c+d+bcd+e+abe+ce+bde+f+abf+cf+abg+deg+afg
[0100110 1000110 0010110 0100001 0000100 0000010 1001110]0000110
stabSize=2

anf=1+a+b+ab+c+d+bcd+e+abe+ce+bde+f+abf+cf+abg+deg+afg
[0100110 1000110 0010110 0100001 0000100 0000010 1001110]0000110
stabSize=2

anf=a+b+ab+d+bcd+e+abe+ce+bde+f+abf+cf+abg+deg+afg
[0100110 1000110 0010110 0100001 0000100 0000010 1001110]0000110
stabSize=2

anf=1+a+b+ab+d+bcd+e+abe+ce+bde+f+abf+cf+abg+deg+afg
[0100110 1000110 0010110 0100001 0000100 0000010 1001110]0000110
stabSize=2

anf=b+ab+d+bcd+e+abe+ce+bde+f+abf+cf+abg+deg+afg
stabSize=1

anf=1+b+ab+d+bcd+e+abe+ce+bde+f+abf+cf+abg+deg+afg
stabSize=1

anf=a+b+ab+c+bcd+e+abe+ce+bde+f+abf+cf+abg+deg+afg
stabSize=1

anf=1+a+b+ab+c+bcd+e+abe+ce+bde+f+abf+cf+abg+deg+afg
stabSize=1

anf=b+ab+c+bcd+e+abe+ce+bde+f+abf+cf+abg+deg+afg
stabSize=1

anf=1+b+ab+c+bcd+e+abe+ce+bde+f+abf+cf+abg+deg+afg
stabSize=1

anf=a+b+ab+bcd+e+abe+ce+bde+f+abf+cf+abg+deg+afg
stabSize=1

anf=1+a+b+ab+bcd+e+abe+ce+bde+f+abf+cf+abg+deg+afg
stabSize=1

anf=b+ab+bcd+e+abe+ce+bde+f+abf+cf+abg+deg+afg
stabSize=1

anf=1+b+ab+bcd+e+abe+ce+bde+f+abf+cf+abg+deg+afg
stabSize=1

anf=a+ab+bcd+e+abe+ce+bde+f+abf+cf+abg+deg+afg
stabSize=1

anf=1+a+ab+bcd+e+abe+ce+bde+f+abf+cf+abg+deg+afg
stabSize=1

anf=ab+bcd+e+abe+ce+bde+f+abf+cf+abg+deg+afg
[0100110 1000110 0010110 0100001 0000100 0000010 1001110]0000110
stabSize=2

anf=1+ab+bcd+e+abe+ce+bde+f+abf+cf+abg+deg+afg
[0100110 1000110 0010110 0100001 0000100 0000010 1001110]0000110
stabSize=2

anf=a+b+ab+d+bcd+abe+ce+bde+f+abf+cf+abg+deg+afg
stabSize=1

anf=1+a+b+ab+d+bcd+abe+ce+bde+f+abf+cf+abg+deg+afg
stabSize=1

anf=b+ab+d+bcd+abe+ce+bde+f+abf+cf+abg+deg+afg
stabSize=1

anf=1+b+ab+d+bcd+abe+ce+bde+f+abf+cf+abg+deg+afg
stabSize=1

anf=a+b+ab+c+bcd+abe+ce+bde+f+abf+cf+abg+deg+afg
stabSize=1

anf=1+a+b+ab+c+bcd+abe+ce+bde+f+abf+cf+abg+deg+afg
stabSize=1

anf=b+ab+c+bcd+abe+ce+bde+f+abf+cf+abg+deg+afg
stabSize=1

anf=1+b+ab+c+bcd+abe+ce+bde+f+abf+cf+abg+deg+afg
stabSize=1

anf=ab+c+bcd+abe+ce+bde+f+abf+cf+abg+deg+afg
stabSize=1

anf=a+b+ab+bcd+abe+ce+bde+f+abf+cf+abg+deg+afg
stabSize=1

anf=1+a+b+ab+bcd+abe+ce+bde+f+abf+cf+abg+deg+afg
stabSize=1

anf=b+ab+bcd+abe+ce+bde+f+abf+cf+abg+deg+afg
stabSize=1

anf=1+b+ab+bcd+abe+ce+bde+f+abf+cf+abg+deg+afg
stabSize=1

anf=a+ab+bcd+abe+ce+bde+f+abf+cf+abg+deg+afg
stabSize=1

anf=ab+bcd+abe+ce+bde+f+abf+cf+abg+deg+afg
stabSize=1

anf=a+b+ab+d+bcd+e+abe+ce+bde+abf+cf+abg+deg+afg
stabSize=1

anf=1+a+b+ab+d+bcd+e+abe+ce+bde+abf+cf+abg+deg+afg
stabSize=1

anf=b+ab+d+bcd+e+abe+ce+bde+abf+cf+abg+deg+afg
stabSize=1

anf=1+b+ab+d+bcd+e+abe+ce+bde+abf+cf+abg+deg+afg
stabSize=1

anf=a+b+ab+c+bcd+e+abe+ce+bde+abf+cf+abg+deg+afg
stabSize=1

anf=1+a+b+ab+c+bcd+e+abe+ce+bde+abf+cf+abg+deg+afg
stabSize=1

anf=b+ab+c+bcd+e+abe+ce+bde+abf+cf+abg+deg+afg
stabSize=1

anf=1+b+ab+c+bcd+e+abe+ce+bde+abf+cf+abg+deg+afg
stabSize=1

anf=ab+c+bcd+e+abe+ce+bde+abf+cf+abg+deg+afg
[1001000 0000001 0010110 0001000 0000100 0000010 0100000]0000010
stabSize=2

anf=1+ab+c+bcd+e+abe+ce+bde+abf+cf+abg+deg+afg
[1001000 0000001 0010110 0001000 0000100 0000010 0100000]0000010
stabSize=2

anf=a+b+ab+bcd+e+abe+ce+bde+abf+cf+abg+deg+afg
stabSize=1

anf=1+a+b+ab+bcd+e+abe+ce+bde+abf+cf+abg+deg+afg
stabSize=1

anf=b+ab+bcd+e+abe+ce+bde+abf+cf+abg+deg+afg
stabSize=1

anf=1+b+ab+bcd+e+abe+ce+bde+abf+cf+abg+deg+afg
stabSize=1

anf=a+ab+bcd+e+abe+ce+bde+abf+cf+abg+deg+afg
[1001000 0000001 0010110 0001000 0000100 0000010 0100000]0000010
stabSize=2

anf=1+a+ab+bcd+e+abe+ce+bde+abf+cf+abg+deg+afg
[1001000 0000001 0010110 0001000 0000100 0000010 0100000]0000010
stabSize=2

anf=ab+bcd+e+abe+ce+bde+abf+cf+abg+deg+afg
[1001000 0000001 0010110 0001000 0000100 0000010 0100000]0000010
stabSize=2

anf=1+ab+bcd+e+abe+ce+bde+abf+cf+abg+deg+afg
[1001000 0000001 0010110 0001000 0000100 0000010 0100000]0000010
stabSize=2

anf=a+b+ab+c+d+bcd+abe+ce+bde+abf+cf+abg+deg+afg
[0100110 1000110 0010110 0100001 0000100 0000010 1001110]0000110
stabSize=2

anf=1+a+b+ab+c+d+bcd+abe+ce+bde+abf+cf+abg+deg+afg
[0100110 1000110 0010110 0100001 0000100 0000010 1001110]0000110
stabSize=2

anf=a+b+ab+d+bcd+abe+ce+bde+abf+cf+abg+deg+afg
[0100110 1000110 0010110 0100001 0000100 0000010 1001110]0000110
stabSize=2

anf=1+a+b+ab+d+bcd+abe+ce+bde+abf+cf+abg+deg+afg
[0100110 1000110 0010110 0100001 0000100 0000010 1001110]0000110
stabSize=2

anf=b+ab+d+bcd+abe+ce+bde+abf+cf+abg+deg+afg
stabSize=1

anf=1+b+ab+d+bcd+abe+ce+bde+abf+cf+abg+deg+afg
stabSize=1

anf=a+b+ab+c+bcd+abe+ce+bde+abf+cf+abg+deg+afg
stabSize=1

anf=1+a+b+ab+c+bcd+abe+ce+bde+abf+cf+abg+deg+afg
stabSize=1

anf=b+ab+c+bcd+abe+ce+bde+abf+cf+abg+deg+afg
stabSize=1

anf=1+b+ab+c+bcd+abe+ce+bde+abf+cf+abg+deg+afg
stabSize=1

anf=a+b+ab+bcd+abe+ce+bde+abf+cf+abg+deg+afg
stabSize=1

anf=1+a+b+ab+bcd+abe+ce+bde+abf+cf+abg+deg+afg
stabSize=1

anf=b+ab+bcd+abe+ce+bde+abf+cf+abg+deg+afg
stabSize=1

anf=1+b+ab+bcd+abe+ce+bde+abf+cf+abg+deg+afg
stabSize=1

anf=a+ab+bcd+abe+ce+bde+abf+cf+abg+deg+afg
stabSize=1

anf=1+a+ab+bcd+abe+ce+bde+abf+cf+abg+deg+afg
stabSize=1

anf=ab+bcd+abe+ce+bde+abf+cf+abg+deg+afg
[0100110 1000110 0010110 0100001 0000100 0000010 1001110]0000110
stabSize=2

anf=1+ab+bcd+abe+ce+bde+abf+cf+abg+deg+afg
[0100110 1000110 0010110 0100001 0000100 0000010 1001110]0000110
stabSize=2

anf=a+b+c+bcd+e+abe+ce+bde+f+abf+cf+g+abg+deg+afg
[1111110 0000001 0010110 0101111 0000100 0000010 0100000]0100111
[1111110 1000110 0010110 0101111 0000100 0000010 1001110]0001110
stabSize=12

anf=1+a+b+c+bcd+e+abe+ce+bde+f+abf+cf+g+abg+deg+afg
[1111110 0000001 0010110 0101111 0000100 0000010 0100000]0100111
[1111110 1000110 0010110 0101111 0000100 0000010 1001110]0001110
stabSize=12

anf=a+b+c+bcd+abe+ce+bde+abf+cf+g+abg+deg+afg
[1111110 0000001 0010110 0101111 0000100 0000010 0100000]0100111
[1111110 1000110 0010110 0101111 0000100 0000010 1001110]0001110
stabSize=12

anf=1+a+b+c+bcd+abe+ce+bde+abf+cf+g+abg+deg+afg
[1111110 0000001 0010110 0101111 0000100 0000010 0100000]0100111
[1111110 1000110 0010110 0101111 0000100 0000010 1001110]0001110
stabSize=12

anf=a+b+c+bcd+e+abe+ce+bde+f+abf+cf+abg+deg+afg
[1000000 1111000 0010000 0001000 0000100 0000010 1010111]0001110
stabSize=2

anf=1+a+b+c+bcd+e+abe+ce+bde+f+abf+cf+abg+deg+afg
[1000000 1111000 0010000 0001000 0000100 0000010 1010111]0001110
stabSize=2

anf=b+c+bcd+e+abe+ce+bde+f+abf+cf+abg+deg+afg
[1001000 1010111 0010110 0001000 0000100 0000010 1111000]0001110
stabSize=2

anf=1+b+c+bcd+e+abe+ce+bde+f+abf+cf+abg+deg+afg
[1001000 1010111 0010110 0001000 0000100 0000010 1111000]0001110
stabSize=2

anf=c+bcd+e+abe+ce+bde+f+abf+cf+abg+deg+afg
[0000111 1001110 0010000 0100001 0000100 0000010 1000110]0000000
[1001000 0000001 0010110 0001000 0000100 0000010 0100000]0000000
stabSize=4

anf=1+c+bcd+e+abe+ce+bde+f+abf+cf+abg+deg+afg
[0000111 1001110 0010000 0100001 0000100 0000010 1000110]0000000
[1001000 0000001 0010110 0001000 0000100 0000010 0100000]0000000
stabSize=4

anf=a+b+bcd+e+abe+ce+bde+f+abf+cf+abg+deg+afg
[1001000 1010111 0010110 0001000 0000100 0000010 1111000]0001110
stabSize=2

anf=1+a+b+bcd+e+abe+ce+bde+f+abf+cf+abg+deg+afg
[1001000 1010111 0010110 0001000 0000100 0000010 1111000]0001110
stabSize=2

anf=b+bcd+e+abe+ce+bde+f+abf+cf+abg+deg+afg
[1000000 1111000 0010000 0001000 0000100 0000010 1010111]0001110
stabSize=2

anf=1+b+bcd+e+abe+ce+bde+f+abf+cf+abg+deg+afg
[1000000 1111000 0010000 0001000 0000100 0000010 1010111]0001110
stabSize=2

anf=a+bcd+e+abe+ce+bde+f+abf+cf+abg+deg+afg
[1111110 0000001 0010110 0101111 0000100 0000010 0100000]0100111
[1001000 0000001 0010110 0001000 0000100 0000010 0100000]0000000
stabSize=4

anf=1+a+bcd+e+abe+ce+bde+f+abf+cf+abg+deg+afg
[1111110 0000001 0010110 0101111 0000100 0000010 0100000]0100111
[1001000 0000001 0010110 0001000 0000100 0000010 0100000]0000000
stabSize=4

anf=bcd+e+abe+ce+bde+f+abf+cf+abg+deg+afg
[1111110 0000001 0010110 0101111 0000100 0000010 0100000]0100111
[1111110 1000110 0010110 0101111 0000100 0000010 1001110]0001110
stabSize=12

anf=1+bcd+e+abe+ce+bde+f+abf+cf+abg+deg+afg
[1111110 0000001 0010110 0101111 0000100 0000010 0100000]0100111
[1111110 1000110 0010110 0101111 0000100 0000010 1001110]0001110
stabSize=12

anf=a+b+d+bcd+abe+ce+bde+f+abf+cf+abg+deg+afg
[1010001 0100000 0010000 0101111 0000100 0000010 0000001]0100111
[1010001 1001110 0010000 0101111 0000100 0000010 1000110]0001110
stabSize=6

anf=1+a+b+d+bcd+abe+ce+bde+f+abf+cf+abg+deg+afg
[1010001 0100000 0010000 0101111 0000100 0000010 0000001]0100111
[1010001 1001110 0010000 0101111 0000100 0000010 1000110]0001110
stabSize=6

anf=b+d+bcd+abe+ce+bde+f+abf+cf+abg+deg+afg
[1010001 0100000 0010000 0101111 0000100 0000010 0000001]0100111
stabSize=2

anf=1+b+d+bcd+abe+ce+bde+f+abf+cf+abg+deg+afg
[1010001 0100000 0010000 0101111 0000100 0000010 0000001]0100111
stabSize=2

anf=b+bcd+abe+ce+bde+f+abf+cf+abg+deg+afg
[1010001 0100000 0010000 0101111 0000100 0000010 0000001]0100111
stabSize=2

anf=1+b+bcd+abe+ce+bde+f+abf+cf+abg+deg+afg
[1010001 0100000 0010000 0101111 0000100 0000010 0000001]0100111
stabSize=2

anf=a+bcd+abe+ce+bde+f+abf+cf+abg+deg+afg
[0000111 1001110 0010000 0100001 0000100 0000010 1000110]0000000
stabSize=2

anf=1+a+bcd+abe+ce+bde+f+abf+cf+abg+deg+afg
[0000111 1001110 0010000 0100001 0000100 0000010 1000110]0000000
stabSize=2

anf=bcd+abe+ce+bde+f+abf+cf+abg+deg+afg
stabSize=1

anf=1+bcd+abe+ce+bde+f+abf+cf+abg+deg+afg
stabSize=1

anf=a+b+d+bcd+e+abe+ce+bde+abf+cf+abg+deg+afg
[1010001 0100000 0010000 0101111 0000100 0000010 0000001]0100111
[1010001 1001110 0010000 0101111 0000100 0000010 1000110]0001110
stabSize=6

anf=1+a+b+d+bcd+e+abe+ce+bde+abf+cf+abg+deg+afg
[1010001 0100000 0010000 0101111 0000100 0000010 0000001]0100111
[1010001 1001110 0010000 0101111 0000100 0000010 1000110]0001110
stabSize=6

anf=b+d+bcd+e+abe+ce+bde+abf+cf+abg+deg+afg
[1010001 0100000 0010000 0101111 0000100 0000010 0000001]0100111
stabSize=2

anf=1+b+d+bcd+e+abe+ce+bde+abf+cf+abg+deg+afg
[1010001 0100000 0010000 0101111 0000100 0000010 0000001]0100111
stabSize=2

anf=b+bcd+e+abe+ce+bde+abf+cf+abg+deg+afg
[1010001 0100000 0010000 0101111 0000100 0000010 0000001]0100111
stabSize=2

anf=1+b+bcd+e+abe+ce+bde+abf+cf+abg+deg+afg
[1010001 0100000 0010000 0101111 0000100 0000010 0000001]0100111
stabSize=2

anf=a+bcd+e+abe+ce+bde+abf+cf+abg+deg+afg
[0000111 1001110 0010000 0100001 0000100 0000010 1000110]0000000
stabSize=2

anf=1+a+bcd+e+abe+ce+bde+abf+cf+abg+deg+afg
[0000111 1001110 0010000 0100001 0000100 0000010 1000110]0000000
stabSize=2

anf=bcd+e+abe+ce+bde+abf+cf+abg+deg+afg
stabSize=1

anf=1+bcd+e+abe+ce+bde+abf+cf+abg+deg+afg
stabSize=1

anf=a+b+c+bcd+abe+ce+bde+abf+cf+abg+deg+afg
[1000000 1111000 0010000 0001000 0000100 0000010 1010111]0001110
stabSize=2

anf=1+a+b+c+bcd+abe+ce+bde+abf+cf+abg+deg+afg
[1000000 1111000 0010000 0001000 0000100 0000010 1010111]0001110
stabSize=2

anf=b+c+bcd+abe+ce+bde+abf+cf+abg+deg+afg
[1001000 1010111 0010110 0001000 0000100 0000010 1111000]0001110
stabSize=2

anf=1+b+c+bcd+abe+ce+bde+abf+cf+abg+deg+afg
[1001000 1010111 0010110 0001000 0000100 0000010 1111000]0001110
stabSize=2

anf=c+bcd+abe+ce+bde+abf+cf+abg+deg+afg
[0000111 1001110 0010000 0100001 0000100 0000010 1000110]0000000
[1001000 0000001 0010110 0001000 0000100 0000010 0100000]0000000
stabSize=4

anf=1+c+bcd+abe+ce+bde+abf+cf+abg+deg+afg
[0000111 1001110 0010000 0100001 0000100 0000010 1000110]0000000
[1001000 0000001 0010110 0001000 0000100 0000010 0100000]0000000
stabSize=4

anf=a+b+bcd+abe+ce+bde+abf+cf+abg+deg+afg
[1001000 1010111 0010110 0001000 0000100 0000010 1111000]0001110
stabSize=2

anf=1+a+b+bcd+abe+ce+bde+abf+cf+abg+deg+afg
[1001000 1010111 0010110 0001000 0000100 0000010 1111000]0001110
stabSize=2

anf=b+bcd+abe+ce+bde+abf+cf+abg+deg+afg
[1000000 1111000 0010000 0001000 0000100 0000010 1010111]0001110
stabSize=2

anf=1+b+bcd+abe+ce+bde+abf+cf+abg+deg+afg
[1000000 1111000 0010000 0001000 0000100 0000010 1010111]0001110
stabSize=2

anf=a+bcd+abe+ce+bde+abf+cf+abg+deg+afg
[1111110 0000001 0010110 0101111 0000100 0000010 0100000]0100111
[1001000 0000001 0010110 0001000 0000100 0000010 0100000]0000000
stabSize=4

anf=1+a+bcd+abe+ce+bde+abf+cf+abg+deg+afg
[1111110 0000001 0010110 0101111 0000100 0000010 0100000]0100111
[1001000 0000001 0010110 0001000 0000100 0000010 0100000]0000000
stabSize=4

anf=bcd+abe+ce+bde+abf+cf+abg+deg+afg
[1111110 0000001 0010110 0101111 0000100 0000010 0100000]0100111
[1111110 1000110 0010110 0101111 0000100 0000010 1001110]0001110
stabSize=12

anf=1+bcd+abe+ce+bde+abf+cf+abg+deg+afg
[1111110 0000001 0010110 0101111 0000100 0000010 0100000]0100111
[1111110 1000110 0010110 0101111 0000100 0000010 1001110]0001110
stabSize=12

anf=a+b+ab+c+ad+bcd+be+abe+bde+f+abf+cf+abg+deg+afg
[0010101 0111011 0010000 0110000 0000100 0010110 1010101]1010101
[0001000 1101000 0000010 1000000 0000100 0010000 0101101]1001000
stabSize=36

anf=1+a+b+ab+c+ad+bcd+be+abe+bde+f+abf+cf+abg+deg+afg
[0010101 0111011 0010000 0110000 0000100 0010110 1010101]1010101
[0001000 1101000 0000010 1000000 0000100 0010000 0101101]1001000
stabSize=36

anf=a+ab+c+ad+bcd+be+abe+bde+f+abf+cf+abg+deg+afg
[1000000 1111010 0010000 0001000 0000100 0000010 1010101]0000000
[1000000 0110101 0010000 1001000 0000100 0010110 0000001]0000000
stabSize=4

anf=1+a+ab+c+ad+bcd+be+abe+bde+f+abf+cf+abg+deg+afg
[1000000 1111010 0010000 0001000 0000100 0000010 1010101]0000000
[1000000 0110101 0010000 1001000 0000100 0010110 0000001]0000000
stabSize=4

anf=ab+c+ad+bcd+be+abe+bde+f+abf+cf+abg+deg+afg
[0100101 1001010 0000010 0010101 0000100 0010000 0001110]1100101
[1001000 1010111 0010110 0001000 0000100 0000010 1111000]0001000
stabSize=6

anf=1+ab+c+ad+bcd+be+abe+bde+f+abf+cf+abg+deg+afg
[0100101 1001010 0000010 0010101 0000100 0010000 0001110]1100101
[1001000 1010111 0010110 0001000 0000100 0000010 1111000]0001000
stabSize=6

anf=a+b+ab+c+ad+bcd+e+be+abe+bde+abf+cf+abg+deg+afg
[1001000 1010111 0010110 0001000 0000100 0000010 1111000]0001000
stabSize=2

anf=1+a+b+ab+c+ad+bcd+e+be+abe+bde+abf+cf+abg+deg+afg
[1001000 1010111 0010110 0001000 0000100 0000010 1111000]0001000
stabSize=2

anf=b+ab+c+ad+bcd+e+be+abe+bde+abf+cf+abg+deg+afg
[1000000 1111010 0010000 0001000 0000100 0000010 1010101]0000000
stabSize=2

anf=1+b+ab+c+ad+bcd+e+be+abe+bde+abf+cf+abg+deg+afg
[1000000 1111010 0010000 0001000 0000100 0000010 1010101]0000000
stabSize=2

anf=a+ab+c+ad+bcd+e+be+abe+bde+abf+cf+abg+deg+afg
[1001000 0000011 0010110 0001000 0000100 0000010 0100010]0001000
[1101010 0000011 0010110 0101011 0000100 0000010 0100010]0101010
stabSize=4

anf=1+a+ab+c+ad+bcd+e+be+abe+bde+abf+cf+abg+deg+afg
[1001000 0000011 0010110 0001000 0000100 0000010 0100010]0001000
[1101010 0000011 0010110 0101011 0000100 0000010 0100010]0101010
stabSize=4

anf=ab+c+ad+bcd+e+be+abe+bde+abf+cf+abg+deg+afg
[1101010 1010110 0010110 0101011 0000100 0000010 1011010]0101010
[1001000 1010111 0010110 0001000 0000100 0000010 1111000]0001000
stabSize=12

anf=1+ab+c+ad+bcd+e+be+abe+bde+abf+cf+abg+deg+afg
[1101010 1010110 0010110 0101011 0000100 0000010 1011010]0101010
[1001000 1010111 0010110 0001000 0000100 0000010 1111000]0001000
stabSize=12

anf=b+ab+ad+bcd+e+be+abe+bde+abf+cf+abg+deg+afg
[0100101 1001010 0000010 0010101 0000100 0010000 0001110]1100101
[1001000 1010111 0010110 0001000 0000100 0000010 1111000]0001000
stabSize=6

anf=1+b+ab+ad+bcd+e+be+abe+bde+abf+cf+abg+deg+afg
[0100101 1001010 0000010 0010101 0000100 0010000 0001110]1100101
[1001000 1010111 0010110 0001000 0000100 0000010 1111000]0001000
stabSize=6

anf=a+ab+ad+bcd+e+be+abe+bde+abf+cf+abg+deg+afg
[0010101 0111011 0010000 0110000 0000100 0010110 1010101]1010101
[0001000 1101000 0000010 1000000 0000100 0010000 0101101]1001000
stabSize=36

anf=1+a+ab+ad+bcd+e+be+abe+bde+abf+cf+abg+deg+afg
[0010101 0111011 0010000 0110000 0000100 0010110 1010101]1010101
[0001000 1101000 0000010 1000000 0000100 0010000 0101101]1001000
stabSize=36

anf=ab+ad+bcd+e+be+abe+bde+abf+cf+abg+deg+afg
[1001000 0000011 0010110 0001000 0000100 0000010 0100010]0001000
[1101010 0000011 0010110 0101011 0000100 0000010 0100010]0101010
stabSize=4

anf=1+ab+ad+bcd+e+be+abe+bde+abf+cf+abg+deg+afg
[1001000 0000011 0010110 0001000 0000100 0000010 0100010]0001000
[1101010 0000011 0010110 0101011 0000100 0000010 0100010]0101010
stabSize=4

anf=ab+d+ad+bcd+be+abe+bde+abf+cf+abg+deg+afg
[0101011 1001010 0000010 1000001 0000100 0010000 0001110]1101011
[0001000 1101000 0000010 1000000 0000100 0010000 0101101]1001000
stabSize=12

anf=1+ab+d+ad+bcd+be+abe+bde+abf+cf+abg+deg+afg
[0101011 1001010 0000010 1000001 0000100 0010000 0001110]1101011
[0001000 1101000 0000010 1000000 0000100 0010000 0101101]1001000
stabSize=12

anf=a+b+ab+ad+bcd+be+abe+bde+abf+cf+abg+deg+afg
[0001000 1101000 0000010 1000000 0000100 0010000 0101101]1001000
stabSize=2

anf=1+a+b+ab+ad+bcd+be+abe+bde+abf+cf+abg+deg+afg
[0001000 1101000 0000010 1000000 0000100 0010000 0101101]1001000
stabSize=2

anf=a+ab+ad+bcd+be+abe+bde+abf+cf+abg+deg+afg
[0001000 0110010 0000010 1000000 0000100 0010000 0100011]1001000
[0101011 0110010 0000010 1000001 0000100 0010000 0100011]1101011
stabSize=4

anf=1+a+ab+ad+bcd+be+abe+bde+abf+cf+abg+deg+afg
[0001000 0110010 0000010 1000000 0000100 0010000 0100011]1001000
[0101011 0110010 0000010 1000001 0000100 0010000 0100011]1101011
stabSize=4

anf=ab+ad+bcd+be+abe+bde+abf+cf+abg+deg+afg
[1000001 0100000 0010000 0101011 0000100 0000010 0000001]0000001
stabSize=2

anf=1+ab+ad+bcd+be+abe+bde+abf+cf+abg+deg+afg
[1000001 0100000 0010000 0101011 0000100 0000010 0000001]0000001
stabSize=2

anf=a+b+ab+c+d+ad+bcd+e+abe+bde+f+abf+cf+g+abg+deg+afg
[0101111 0100000 0000010 1010001 0000100 0010000 0100101]0000000
[0001000 0000001 0000010 1001000 0000100 0010110 0100101]0000110
stabSize=6

anf=b+ab+c+ad+bcd+e+abe+bde+f+abf+cf+g+abg+deg+afg
[0101111 0100000 0000010 1010001 0000100 0010000 0100101]0000000
stabSize=2

anf=a+b+ab+ad+bcd+e+abe+bde+abf+cf+g+abg+deg+afg
[0101111 0100000 0000010 1010001 0000100 0010000 0100101]0000000
stabSize=2

anf=1+a+b+ab+ad+bcd+e+abe+bde+abf+cf+g+abg+deg+afg
[0101111 0100000 0000010 1010001 0000100 0010000 0100101]0000000
stabSize=2

anf=b+ab+ad+bcd+e+abe+bde+abf+cf+g+abg+deg+afg
stabSize=1

anf=b+ab+c+ad+bcd+e+abe+bde+f+abf+cf+abg+deg+afg
stabSize=1

anf=ab+c+ad+bcd+e+abe+bde+f+abf+cf+abg+deg+afg
[1111110 0000001 0010110 0101111 0000100 0000010 0100000]0000110
stabSize=2

anf=1+ab+c+ad+bcd+e+abe+bde+f+abf+cf+abg+deg+afg
[1111110 0000001 0010110 0101111 0000100 0000010 0100000]0000110
stabSize=2

anf=a+b+ab+d+ad+bcd+abe+bde+f+abf+cf+abg+deg+afg
[1010001 0100000 0010000 0101111 0000100 0000010 0000001]0000100
[1000000 0100101 0010000 1001000 0000100 0010110 0000001]0010000
stabSize=4

anf=1+a+b+ab+d+ad+bcd+abe+bde+f+abf+cf+abg+deg+afg
[1010001 0100000 0010000 0101111 0000100 0000010 0000001]0000100
[1000000 0100101 0010000 1001000 0000100 0010110 0000001]0010000
stabSize=4

anf=a+b+ab+ad+bcd+abe+bde+f+abf+cf+abg+deg+afg
[1010001 0100000 0010000 0101111 0000100 0000010 0000001]0000100
[1000000 0100101 0010000 1001000 0000100 0010110 0000001]0010000
stabSize=4

anf=1+a+b+ab+ad+bcd+abe+bde+f+abf+cf+abg+deg+afg
[1010001 0100000 0010000 0101111 0000100 0000010 0000001]0000100
[1000000 0100101 0010000 1001000 0000100 0010110 0000001]0010000
stabSize=4

anf=b+ab+ad+bcd+abe+bde+f+abf+cf+abg+deg+afg
[1010001 0100000 0010000 0101111 0000100 0000010 0000001]0000100
stabSize=2

anf=1+b+ab+ad+bcd+abe+bde+f+abf+cf+abg+deg+afg
[1010001 0100000 0010000 0101111 0000100 0000010 0000001]0000100
stabSize=2

anf=a+b+ab+d+ad+bcd+e+abe+bde+abf+cf+abg+deg+afg
[0101111 0100000 0000010 1010001 0000100 0010000 0100101]0000000
stabSize=2

anf=a+b+ab+ad+bcd+e+abe+bde+abf+cf+abg+deg+afg
stabSize=1

anf=b+ab+ad+bcd+e+abe+bde+abf+cf+abg+deg+afg
[0101111 0100000 0000010 1010001 0000100 0010000 0100101]0000000
stabSize=2

anf=a+ab+ad+bcd+e+abe+bde+abf+cf+abg+deg+afg
stabSize=1

anf=1+a+ab+ad+bcd+e+abe+bde+abf+cf+abg+deg+afg
stabSize=1

anf=ab+ad+bcd+e+abe+bde+abf+cf+abg+deg+afg
stabSize=1

anf=1+ab+ad+bcd+e+abe+bde+abf+cf+abg+deg+afg
stabSize=1

anf=ab+c+d+ad+bcd+abe+bde+abf+cf+abg+deg+afg
[1001000 0000001 0010110 0001000 0000100 0000010 0100000]0000010
stabSize=2

anf=1+ab+c+d+ad+bcd+abe+bde+abf+cf+abg+deg+afg
[1001000 0000001 0010110 0001000 0000100 0000010 0100000]0000010
stabSize=2

anf=a+ab+d+ad+bcd+abe+bde+abf+cf+abg+deg+afg
[0101111 0100000 0000010 1010001 0000100 0010000 0100101]0000000
[1111110 0100101 0010110 1010001 0000100 0010000 0100000]0010000
stabSize=12

anf=1+a+ab+d+ad+bcd+abe+bde+abf+cf+abg+deg+afg
[0101111 0100000 0000010 1010001 0000100 0010000 0100101]0000000
[1111110 0100101 0010110 1010001 0000100 0010000 0100000]0010000
stabSize=12

anf=a+b+ab+c+ad+bcd+abe+bde+abf+cf+abg+deg+afg
stabSize=1

anf=1+a+b+ab+c+ad+bcd+abe+bde+abf+cf+abg+deg+afg
stabSize=1

anf=b+ab+c+ad+bcd+abe+bde+abf+cf+abg+deg+afg
stabSize=1

anf=1+b+ab+c+ad+bcd+abe+bde+abf+cf+abg+deg+afg
stabSize=1

anf=ab+c+ad+bcd+abe+bde+abf+cf+abg+deg+afg
[1111110 0000001 0010110 0101111 0000100 0000010 0100000]0000110
stabSize=2

anf=1+ab+c+ad+bcd+abe+bde+abf+cf+abg+deg+afg
[1111110 0000001 0010110 0101111 0000100 0000010 0100000]0000110
stabSize=2

anf=a+b+ab+ad+bcd+abe+bde+abf+cf+abg+deg+afg
[1000000 0100101 0010000 1001000 0000100 0010110 0000001]0010000
stabSize=2

anf=1+a+b+ab+ad+bcd+abe+bde+abf+cf+abg+deg+afg
[1000000 0100101 0010000 1001000 0000100 0010110 0000001]0010000
stabSize=2

anf=b+ab+ad+bcd+abe+bde+abf+cf+abg+deg+afg
[1010001 0100101 0010000 1111110 0000100 0010110 0000001]0010100
stabSize=2

anf=1+b+ab+ad+bcd+abe+bde+abf+cf+abg+deg+afg
[1010001 0100101 0010000 1111110 0000100 0010110 0000001]0010100
stabSize=2

anf=ab+ad+bcd+abe+bde+abf+cf+abg+deg+afg
[1010001 0100000 0010000 0101111 0000100 0000010 0000001]0000100
[0101111 0100000 0000010 1010001 0000100 0010000 0100101]0000000
stabSize=4

anf=1+ab+ad+bcd+abe+bde+abf+cf+abg+deg+afg
[1010001 0100000 0010000 0101111 0000100 0000010 0000001]0000100
[0101111 0100000 0000010 1010001 0000100 0010000 0100101]0000000
stabSize=4

anf=b+ab+c+bcd+e+abe+bde+f+abf+cf+g+abg+deg+afg
[1000000 0101011 0010000 1001000 0000100 0010110 1010101]0010100
[0100001 1010101 0000010 0100100 0000100 0010110 0101011]0000110
[0001000 0000001 0000010 1001000 0000100 0010110 0100101]0000110
stabSize=18

anf=a+b+ab+c+bcd+e+abe+bde+f+abf+cf+abg+deg+afg
[1001000 1010101 0010110 0001000 0000100 0000010 1111010]0000110
[0100001 1010101 0000010 0100100 0000100 0010110 0101011]0000110
stabSize=6

anf=1+a+b+ab+c+bcd+e+abe+bde+f+abf+cf+abg+deg+afg
[1001000 1010101 0010110 0001000 0000100 0000010 1111010]0000110
[0100001 1010101 0000010 0100100 0000100 0010110 0101011]0000110
stabSize=6

anf=ab+c+bcd+e+abe+bde+f+abf+cf+abg+deg+afg
[1001000 1010101 0010110 0001000 0000100 0000010 1111010]0000110
stabSize=2

anf=b+ab+d+bcd+abe+bde+f+abf+cf+abg+deg+afg
[1000000 1111010 0010000 0001000 0000100 0000010 1010101]0000100
[1000000 0101011 0010000 1001000 0000100 0010110 1010101]0010100
[0000101 1111010 0010000 0100001 0000100 0000010 1010101]0000000
stabSize=12

anf=1+b+ab+d+bcd+abe+bde+f+abf+cf+abg+deg+afg
[1000000 1111010 0010000 0001000 0000100 0000010 1010101]0000100
[1000000 0101011 0010000 1001000 0000100 0010110 1010101]0010100
[0000101 1111010 0010000 0100001 0000100 0000010 1010101]0000000
stabSize=12

anf=a+b+ab+d+bcd+e+abe+bde+abf+cf+abg+deg+afg
[0001000 1111010 0000010 1000000 0000100 0010000 0101011]0000000
[0000101 1111010 0010000 0100001 0000100 0000010 1010101]0000000
stabSize=6

anf=b+ab+bcd+e+abe+bde+abf+cf+abg+deg+afg
[0101111 0100000 0000010 1010001 0000100 0010000 0100101]0000000
stabSize=2

anf=a+ab+bcd+e+abe+bde+abf+cf+abg+deg+afg
stabSize=1

anf=ab+bcd+e+abe+bde+abf+cf+abg+deg+afg
[0001000 1111010 0000010 1000000 0000100 0010000 0101011]0000000
stabSize=2

anf=1+ab+bcd+e+abe+bde+abf+cf+abg+deg+afg
[0001000 1111010 0000010 1000000 0000100 0010000 0101011]0000000
stabSize=2

anf=a+b+ab+c+bcd+abe+bde+abf+cf+abg+deg+afg
[1000000 1111010 0010000 0001000 0000100 0000010 1010101]0000100
stabSize=2

anf=1+a+b+ab+c+bcd+abe+bde+abf+cf+abg+deg+afg
[1000000 1111010 0010000 0001000 0000100 0000010 1010101]0000100
stabSize=2

anf=b+ab+c+bcd+abe+bde+abf+cf+abg+deg+afg
[1001000 1010101 0010110 0001000 0000100 0000010 1111010]0000110
stabSize=2

anf=1+b+ab+c+bcd+abe+bde+abf+cf+abg+deg+afg
[1001000 1010101 0010110 0001000 0000100 0000010 1111010]0000110
stabSize=2

anf=ab+c+bcd+abe+bde+abf+cf+abg+deg+afg
[0000101 1001100 0010000 0100001 0000100 0000010 1000100]0000100
[1001000 0000001 0010110 0001000 0000100 0000010 0100000]0000010
stabSize=4

anf=1+ab+c+bcd+abe+bde+abf+cf+abg+deg+afg
[0000101 1001100 0010000 0100001 0000100 0000010 1000100]0000100
[1001000 0000001 0010110 0001000 0000100 0000010 0100000]0000010
stabSize=4

anf=a+b+ab+bcd+abe+bde+abf+cf+abg+deg+afg
[0100100 0101011 0010110 0000101 0000100 0010000 1111010]0010100
[1001000 1010101 0010110 0001000 0000100 0000010 1111010]0000110
stabSize=6

anf=1+a+b+ab+bcd+abe+bde+abf+cf+abg+deg+afg
[0100100 0101011 0010110 0000101 0000100 0010000 1111010]0010100
[1001000 1010101 0010110 0001000 0000100 0000010 1111010]0000110
stabSize=6

anf=a+ab+bcd+abe+bde+abf+cf+abg+deg+afg
[1010001 0100000 0010000 0101111 0000100 0000010 0000001]0000100
[1001000 0000001 0010110 0001000 0000100 0000010 0100000]0000010
stabSize=4

anf=1+a+ab+bcd+abe+bde+abf+cf+abg+deg+afg
[1010001 0100000 0010000 0101111 0000100 0000010 0000001]0000100
[1001000 0000001 0010110 0001000 0000100 0000010 0100000]0000010
stabSize=4

anf=ab+bcd+abe+bde+abf+cf+abg+deg+afg
[0001000 0100000 0000010 1000000 0000100 0010000 0100101]0000100
[1001000 0101011 0010110 1000000 0000100 0010000 1111010]0010000
[0100001 1010101 0000010 0100100 0000100 0010110 0101011]0000110
stabSize=36

anf=1+ab+bcd+abe+bde+abf+cf+abg+deg+afg
[0001000 0100000 0000010 1000000 0000100 0010000 0100101]0000100
[1001000 0101011 0010110 1000000 0000100 0010000 1111010]0010000
[0100001 1010101 0000010 0100100 0000100 0010110 0101011]0000110
stabSize=36

anf=b+c+bcd+e+abe+bde+abf+cf+g+abg+deg+afg
[1001000 0000001 0010110 0001000 0000100 0000010 0100000]0000000
[0000101 1001100 0010000 0100001 0000100 0000010 1000100]0000000
stabSize=4

anf=1+b+c+bcd+e+abe+bde+abf+cf+g+abg+deg+afg
[1001000 0000001 0010110 0001000 0000100 0000010 0100000]0000000
[0000101 1001100 0010000 0100001 0000100 0000010 1000100]0000000
stabSize=4

anf=b+bcd+e+abe+bde+abf+cf+g+abg+deg+afg
[1000000 0100101 0010000 1001000 0000100 0010110 0000001]0000000
[0100001 1001100 0000010 0000101 0000100 0010000 0001100]0000000
stabSize=12

anf=1+b+bcd+e+abe+bde+abf+cf+g+abg+deg+afg
[1000000 0100101 0010000 1001000 0000100 0010110 0000001]0000000
[0100001 1001100 0000010 0000101 0000100 0010000 0001100]0000000
stabSize=12

anf=b+c+d+bcd+abe+bde+f+abf+cf+abg+deg+afg
[1000000 0100101 0010000 1001000 0000100 0010110 0000001]0000000
[0000101 1001100 0010000 0100001 0000100 0000010 1000100]0000000
stabSize=4

anf=1+b+c+d+bcd+abe+bde+f+abf+cf+abg+deg+afg
[1000000 0100101 0010000 1001000 0000100 0010110 0000001]0000000
[0000101 1001100 0010000 0100001 0000100 0000010 1000100]0000000
stabSize=4

anf=a+b+c+bcd+abe+bde+f+abf+cf+abg+deg+afg
[0100001 1001100 0000010 0000101 0000100 0010000 0001100]0000000
stabSize=2

anf=1+a+b+c+bcd+abe+bde+f+abf+cf+abg+deg+afg
[0100001 1001100 0000010 0000101 0000100 0010000 0001100]0000000
stabSize=2

anf=a+c+bcd+abe+bde+f+abf+cf+abg+deg+afg
[1001000 0000001 0010110 0001000 0000100 0000010 0100000]0000000
stabSize=2

anf=1+a+c+bcd+abe+bde+f+abf+cf+abg+deg+afg
[1001000 0000001 0010110 0001000 0000100 0000010 0100000]0000000
stabSize=2

anf=c+bcd+abe+bde+f+abf+cf+abg+deg+afg
[1000000 0100101 0010000 1001000 0000100 0010110 0000001]0000000
[0100001 1001100 0000010 0000101 0000100 0010000 0001100]0000000
stabSize=12

anf=1+c+bcd+abe+bde+f+abf+cf+abg+deg+afg
[1000000 0100101 0010000 1001000 0000100 0010110 0000001]0000000
[0100001 1001100 0000010 0000101 0000100 0010000 0001100]0000000
stabSize=12

anf=a+b+c+d+bcd+e+abe+bde+abf+cf+abg+deg+afg
[0000101 1001100 0010000 0100001 0000100 0000010 1000100]0000000
stabSize=2

anf=1+a+b+c+d+bcd+e+abe+bde+abf+cf+abg+deg+afg
[0000101 1001100 0010000 0100001 0000100 0000010 1000100]0000000
stabSize=2

anf=b+c+d+bcd+e+abe+bde+abf+cf+abg+deg+afg
[0100100 1000100 0010110 0100001 0000100 0000010 1001100]0000000
stabSize=2

anf=1+b+c+d+bcd+e+abe+bde+abf+cf+abg+deg+afg
[0100100 1000100 0010110 0100001 0000100 0000010 1001100]0000000
stabSize=2

anf=a+b+c+bcd+e+abe+bde+abf+cf+abg+deg+afg
stabSize=1

anf=1+a+b+c+bcd+e+abe+bde+abf+cf+abg+deg+afg
stabSize=1

anf=b+c+bcd+e+abe+bde+abf+cf+abg+deg+afg
stabSize=1

anf=1+b+c+bcd+e+abe+bde+abf+cf+abg+deg+afg
stabSize=1

anf=a+c+bcd+e+abe+bde+abf+cf+abg+deg+afg
[1001000 0000001 0010110 0001000 0000100 0000010 0100000]0000000
[0000101 1001100 0010000 0100001 0000100 0000010 1000100]0000000
stabSize=4

anf=1+a+c+bcd+e+abe+bde+abf+cf+abg+deg+afg
[1001000 0000001 0010110 0001000 0000100 0000010 0100000]0000000
[0000101 1001100 0010000 0100001 0000100 0000010 1000100]0000000
stabSize=4

anf=c+bcd+e+abe+bde+abf+cf+abg+deg+afg
[1001000 0000001 0010110 0001000 0000100 0000010 0100000]0000000
stabSize=2

anf=1+c+bcd+e+abe+bde+abf+cf+abg+deg+afg
[1001000 0000001 0010110 0001000 0000100 0000010 0100000]0000000
stabSize=2

anf=a+b+bcd+e+abe+bde+abf+cf+abg+deg+afg
[0000101 0001100 0010000 0100100 0000100 0010110 1000100]0000000
stabSize=2

anf=1+a+b+bcd+e+abe+bde+abf+cf+abg+deg+afg
[0000101 0001100 0010000 0100100 0000100 0010110 1000100]0000000
stabSize=2

anf=a+bcd+e+abe+bde+abf+cf+abg+deg+afg
[1001000 0000001 0010110 0001000 0000100 0000010 0100000]0000000
[0000101 1001100 0010000 0100001 0000100 0000010 1000100]0000000
stabSize=4

anf=1+a+bcd+e+abe+bde+abf+cf+abg+deg+afg
[1001000 0000001 0010110 0001000 0000100 0000010 0100000]0000000
[0000101 1001100 0010000 0100001 0000100 0000010 1000100]0000000
stabSize=4

anf=bcd+e+abe+bde+abf+cf+abg+deg+afg
[1001000 0000001 0010110 0001000 0000100 0000010 0100000]0000000
stabSize=2

anf=1+bcd+e+abe+bde+abf+cf+abg+deg+afg
[1001000 0000001 0010110 0001000 0000100 0000010 0100000]0000000
stabSize=2

anf=b+c+d+bcd+abe+bde+abf+cf+abg+deg+afg
[1000000 0100101 0010000 1001000 0000100 0010110 0000001]0000000
[0000101 1001100 0010000 0100001 0000100 0000010 1000100]0000000
stabSize=4

anf=1+b+c+d+bcd+abe+bde+abf+cf+abg+deg+afg
[1000000 0100101 0010000 1001000 0000100 0010110 0000001]0000000
[0000101 1001100 0010000 0100001 0000100 0000010 1000100]0000000
stabSize=4

anf=b+d+bcd+abe+bde+abf+cf+abg+deg+afg
[0000101 1001100 0010000 0100001 0000100 0000010 1000100]0000000
stabSize=2

anf=1+b+d+bcd+abe+bde+abf+cf+abg+deg+afg
[0000101 1001100 0010000 0100001 0000100 0000010 1000100]0000000
stabSize=2

anf=a+b+c+bcd+abe+bde+abf+cf+abg+deg+afg
stabSize=1

anf=1+a+b+c+bcd+abe+bde+abf+cf+abg+deg+afg
stabSize=1

anf=b+c+bcd+abe+bde+abf+cf+abg+deg+afg
[1000000 0100101 0010000 1001000 0000100 0010110 0000001]0000000
stabSize=2

anf=1+b+c+bcd+abe+bde+abf+cf+abg+deg+afg
[1000000 0100101 0010000 1001000 0000100 0010110 0000001]0000000
stabSize=2

anf=a+b+bcd+abe+bde+abf+cf+abg+deg+afg
[0100001 1001100 0000010 0000101 0000100 0010000 0001100]0000000
stabSize=2

anf=1+a+b+bcd+abe+bde+abf+cf+abg+deg+afg
[0100001 1001100 0000010 0000101 0000100 0010000 0001100]0000000
stabSize=2

anf=a+bcd+abe+bde+abf+cf+abg+deg+afg
stabSize=1

anf=1+a+bcd+abe+bde+abf+cf+abg+deg+afg
stabSize=1

anf=bcd+abe+bde+abf+cf+abg+deg+afg
[0100001 1001100 0000010 0000101 0000100 0010000 0001100]0000000
[0001000 0100000 0000010 1000000 0000100 0010000 0100101]0000000
stabSize=4

anf=1+bcd+abe+bde+abf+cf+abg+deg+afg
[0100001 1001100 0000010 0000101 0000100 0010000 0001100]0000000
[0001000 0100000 0000010 1000000 0000100 0010000 0100101]0000000
stabSize=4

anf=a+b+d+ad+cd+bcd+e+abe+ce+bde+bf+abf+abg+deg+afg
stabSize=1

anf=1+a+b+d+ad+cd+bcd+e+abe+ce+bde+bf+abf+abg+deg+afg
stabSize=1

anf=a+d+ad+cd+bcd+e+abe+ce+bde+bf+abf+abg+deg+afg
stabSize=1

anf=1+a+d+ad+cd+bcd+e+abe+ce+bde+bf+abf+abg+deg+afg
stabSize=1

anf=b+c+ad+cd+bcd+e+abe+ce+bde+bf+abf+abg+deg+afg
stabSize=1

anf=1+b+c+ad+cd+bcd+e+abe+ce+bde+bf+abf+abg+deg+afg
stabSize=1

anf=c+ad+cd+bcd+e+abe+ce+bde+bf+abf+abg+deg+afg
stabSize=1

anf=1+c+ad+cd+bcd+e+abe+ce+bde+bf+abf+abg+deg+afg
stabSize=1

anf=a+b+ad+cd+bcd+e+abe+ce+bde+bf+abf+abg+deg+afg
stabSize=1

anf=1+a+b+ad+cd+bcd+e+abe+ce+bde+bf+abf+abg+deg+afg
stabSize=1

anf=b+ad+cd+bcd+e+abe+ce+bde+bf+abf+abg+deg+afg
stabSize=1

anf=1+b+ad+cd+bcd+e+abe+ce+bde+bf+abf+abg+deg+afg
stabSize=1

anf=a+ad+cd+bcd+e+abe+ce+bde+bf+abf+abg+deg+afg
stabSize=1

anf=1+a+ad+cd+bcd+e+abe+ce+bde+bf+abf+abg+deg+afg
stabSize=1

anf=ad+cd+bcd+e+abe+ce+bde+bf+abf+abg+deg+afg
stabSize=1

anf=1+ad+cd+bcd+e+abe+ce+bde+bf+abf+abg+deg+afg
stabSize=1

anf=a+b+d+ad+cd+bcd+abe+ce+bde+bf+abf+abg+deg+afg
stabSize=1

anf=1+a+b+d+ad+cd+bcd+abe+ce+bde+bf+abf+abg+deg+afg
stabSize=1

anf=a+d+ad+cd+bcd+abe+ce+bde+bf+abf+abg+deg+afg
stabSize=1

anf=1+a+d+ad+cd+bcd+abe+ce+bde+bf+abf+abg+deg+afg
stabSize=1

anf=a+c+ad+cd+bcd+abe+ce+bde+bf+abf+abg+deg+afg
stabSize=1

anf=1+a+c+ad+cd+bcd+abe+ce+bde+bf+abf+abg+deg+afg
stabSize=1

anf=c+ad+cd+bcd+abe+ce+bde+bf+abf+abg+deg+afg
stabSize=1

anf=1+c+ad+cd+bcd+abe+ce+bde+bf+abf+abg+deg+afg
stabSize=1

anf=a+b+ad+cd+bcd+abe+ce+bde+bf+abf+abg+deg+afg
stabSize=1

anf=1+a+b+ad+cd+bcd+abe+ce+bde+bf+abf+abg+deg+afg
stabSize=1

anf=b+ad+cd+bcd+abe+ce+bde+bf+abf+abg+deg+afg
stabSize=1

anf=1+b+ad+cd+bcd+abe+ce+bde+bf+abf+abg+deg+afg
stabSize=1

anf=a+ad+cd+bcd+abe+ce+bde+bf+abf+abg+deg+afg
stabSize=1

anf=1+a+ad+cd+bcd+abe+ce+bde+bf+abf+abg+deg+afg
stabSize=1

anf=ad+cd+bcd+abe+ce+bde+bf+abf+abg+deg+afg
stabSize=1

anf=1+ad+cd+bcd+abe+ce+bde+bf+abf+abg+deg+afg
stabSize=1

anf=b+c+d+cd+bcd+e+abe+ce+bde+bf+abf+g+abg+deg+afg
[1000000 1101100 0010000 0001000 0000100 0000010 1010001]1001100
[1000000 1111010 0010000 0001000 0000100 0000010 1000011]1000010
stabSize=4

anf=1+b+c+d+cd+bcd+e+abe+ce+bde+bf+abf+g+abg+deg+afg
[1000000 1101100 0010000 0001000 0000100 0000010 1010001]1001100
[1000000 1111010 0010000 0001000 0000100 0000010 1000011]1000010
stabSize=4

anf=c+d+cd+bcd+e+abe+ce+bde+bf+abf+g+abg+deg+afg
[1000000 1101100 0010000 0001000 0000100 0000010 1010001]1001100
[1000000 1111010 0010000 0001000 0000100 0000010 1000011]1000010
stabSize=4

anf=1+c+d+cd+bcd+e+abe+ce+bde+bf+abf+g+abg+deg+afg
[1000000 1101100 0010000 0001000 0000100 0000010 1010001]1001100
[1000000 1111010 0010000 0001000 0000100 0000010 1000011]1000010
stabSize=4

anf=c+cd+bcd+e+abe+ce+bde+bf+abf+g+abg+deg+afg
stabSize=1

anf=c+d+cd+bcd+abe+ce+bde+bf+abf+g+abg+deg+afg
[1000000 1111010 0010000 0001000 0000100 0000010 1000011]1000010
stabSize=2

anf=1+c+d+cd+bcd+abe+ce+bde+bf+abf+g+abg+deg+afg
[1000000 1111010 0010000 0001000 0000100 0000010 1000011]1000010
stabSize=2

anf=c+cd+bcd+abe+ce+bde+bf+abf+g+abg+deg+afg
[1000000 1101100 0010000 0001000 0000100 0000010 1010001]1001100
stabSize=2

anf=1+c+cd+bcd+abe+ce+bde+bf+abf+g+abg+deg+afg
[1000000 1101100 0010000 0001000 0000100 0000010 1010001]1001100
stabSize=2

anf=a+b+c+d+cd+bcd+e+abe+ce+bde+bf+abf+abg+deg+afg
[1000000 0110110 0010000 0001000 0000100 0000010 0010011]0001110
stabSize=2

anf=1+a+b+c+d+cd+bcd+e+abe+ce+bde+bf+abf+abg+deg+afg
[1000000 0110110 0010000 0001000 0000100 0000010 0010011]0001110
stabSize=2

anf=b+c+d+cd+bcd+e+abe+ce+bde+bf+abf+abg+deg+afg
[1000000 1101100 0010000 0001000 0000100 0000010 1010001]1001100
[1000000 1111010 0010000 0001000 0000100 0000010 1000011]1000010
stabSize=4

anf=1+b+c+d+cd+bcd+e+abe+ce+bde+bf+abf+abg+deg+afg
[1000000 1101100 0010000 0001000 0000100 0000010 1010001]1001100
[1000000 1111010 0010000 0001000 0000100 0000010 1000011]1000010
stabSize=4

anf=a+c+d+cd+bcd+e+abe+ce+bde+bf+abf+abg+deg+afg
[1000000 0110110 0010000 0001000 0000100 0000010 0010011]0001110
stabSize=2

anf=1+a+c+d+cd+bcd+e+abe+ce+bde+bf+abf+abg+deg+afg
[1000000 0110110 0010000 0001000 0000100 0000010 0010011]0001110
stabSize=2

anf=c+d+cd+bcd+e+abe+ce+bde+bf+abf+abg+deg+afg
[1000000 1101100 0010000 0001000 0000100 0000010 1010001]1001100
[1000000 1111010 0010000 0001000 0000100 0000010 1000011]1000010
stabSize=4

anf=1+c+d+cd+bcd+e+abe+ce+bde+bf+abf+abg+deg+afg
[1000000 1101100 0010000 0001000 0000100 0000010 1010001]1001100
[1000000 1111010 0010000 0001000 0000100 0000010 1000011]1000010
stabSize=4

anf=a+d+cd+bcd+e+abe+ce+bde+bf+abf+abg+deg+afg
stabSize=1

anf=1+a+d+cd+bcd+e+abe+ce+bde+bf+abf+abg+deg+afg
stabSize=1

anf=d+cd+bcd+e+abe+ce+bde+bf+abf+abg+deg+afg
stabSize=1

anf=1+d+cd+bcd+e+abe+ce+bde+bf+abf+abg+deg+afg
stabSize=1

anf=a+b+c+cd+bcd+e+abe+ce+bde+bf+abf+abg+deg+afg
stabSize=1

anf=a+c+cd+bcd+e+abe+ce+bde+bf+abf+abg+deg+afg
stabSize=1

anf=c+cd+bcd+e+abe+ce+bde+bf+abf+abg+deg+afg
stabSize=1

anf=a+b+cd+bcd+e+abe+ce+bde+bf+abf+abg+deg+afg
[1000000 1101100 0010000 0001000 0000100 0000010 1010001]1001100
stabSize=2

anf=1+a+b+cd+bcd+e+abe+ce+bde+bf+abf+abg+deg+afg
[1000000 1101100 0010000 0001000 0000100 0000010 1010001]1001100
stabSize=2

anf=b+cd+bcd+e+abe+ce+bde+bf+abf+abg+deg+afg
[1000000 1111010 0010000 0001000 0000100 0000010 1000011]1000010
stabSize=2

anf=1+b+cd+bcd+e+abe+ce+bde+bf+abf+abg+deg+afg
[1000000 1111010 0010000 0001000 0000100 0000010 1000011]1000010
stabSize=2

anf=a+cd+bcd+e+abe+ce+bde+bf+abf+abg+deg+afg
[1000000 1101100 0010000 0001000 0000100 0000010 1010001]1001100
stabSize=2

anf=1+a+cd+bcd+e+abe+ce+bde+bf+abf+abg+deg+afg
[1000000 1101100 0010000 0001000 0000100 0000010 1010001]1001100
stabSize=2

anf=cd+bcd+e+abe+ce+bde+bf+abf+abg+deg+afg
[1000000 1111010 0010000 0001000 0000100 0000010 1000011]1000010
stabSize=2

anf=1+cd+bcd+e+abe+ce+bde+bf+abf+abg+deg+afg
[1000000 1111010 0010000 0001000 0000100 0000010 1000011]1000010
stabSize=2

anf=a+c+d+cd+bcd+abe+ce+bde+bf+abf+abg+deg+afg
stabSize=1

anf=1+a+c+d+cd+bcd+abe+ce+bde+bf+abf+abg+deg+afg
stabSize=1

anf=c+d+cd+bcd+abe+ce+bde+bf+abf+abg+deg+afg
[1000000 1111010 0010000 0001000 0000100 0000010 1000011]1000010
stabSize=2

anf=1+c+d+cd+bcd+abe+ce+bde+bf+abf+abg+deg+afg
[1000000 1111010 0010000 0001000 0000100 0000010 1000011]1000010
stabSize=2

anf=a+b+d+cd+bcd+abe+ce+bde+bf+abf+abg+deg+afg
[1000000 1101100 0010000 0001000 0000100 0000010 1010001]1001100
stabSize=2

anf=1+a+b+d+cd+bcd+abe+ce+bde+bf+abf+abg+deg+afg
[1000000 1101100 0010000 0001000 0000100 0000010 1010001]1001100
stabSize=2

anf=a+d+cd+bcd+abe+ce+bde+bf+abf+abg+deg+afg
[1000000 1101100 0010000 0001000 0000100 0000010 1010001]1001100
stabSize=2

anf=1+a+d+cd+bcd+abe+ce+bde+bf+abf+abg+deg+afg
[1000000 1101100 0010000 0001000 0000100 0000010 1010001]1001100
stabSize=2

anf=d+cd+bcd+abe+ce+bde+bf+abf+abg+deg+afg
stabSize=1

anf=1+d+cd+bcd+abe+ce+bde+bf+abf+abg+deg+afg
stabSize=1

anf=a+c+cd+bcd+abe+ce+bde+bf+abf+abg+deg+afg
stabSize=1

anf=1+a+c+cd+bcd+abe+ce+bde+bf+abf+abg+deg+afg
stabSize=1

anf=c+cd+bcd+abe+ce+bde+bf+abf+abg+deg+afg
[1000000 1101100 0010000 0001000 0000100 0000010 1010001]1001100
stabSize=2

anf=1+c+cd+bcd+abe+ce+bde+bf+abf+abg+deg+afg
[1000000 1101100 0010000 0001000 0000100 0000010 1010001]1001100
stabSize=2

anf=b+cd+bcd+abe+ce+bde+bf+abf+abg+deg+afg
[1000000 1111010 0010000 0001000 0000100 0000010 1000011]1000010
stabSize=2

anf=1+b+cd+bcd+abe+ce+bde+bf+abf+abg+deg+afg
[1000000 1111010 0010000 0001000 0000100 0000010 1000011]1000010
stabSize=2

anf=a+cd+bcd+abe+ce+bde+bf+abf+abg+deg+afg
stabSize=1

anf=1+a+cd+bcd+abe+ce+bde+bf+abf+abg+deg+afg
stabSize=1

anf=cd+bcd+abe+ce+bde+bf+abf+abg+deg+afg
[1000000 1111010 0010000 0001000 0000100 0000010 1000011]1000010
stabSize=2

anf=1+cd+bcd+abe+ce+bde+bf+abf+abg+deg+afg
[1000000 1111010 0010000 0001000 0000100 0000010 1000011]1000010
stabSize=2

anf=a+c+d+bcd+e+abe+ce+bde+f+bf+abf+g+abg+deg+afg
[1001010 1000111 0010110 0001000 0000100 0000010 1101100]0000110
stabSize=2

anf=1+a+c+d+bcd+e+abe+ce+bde+f+bf+abf+g+abg+deg+afg
[1001010 1000111 0010110 0001000 0000100 0000010 1101100]0000110
stabSize=2

anf=c+bcd+e+abe+ce+bde+f+bf+abf+g+abg+deg+afg
[1001000 1010111 0010110 0001000 0000100 0000010 1111000]0001110
stabSize=2

anf=1+c+bcd+e+abe+ce+bde+f+bf+abf+g+abg+deg+afg
[1001000 1010111 0010110 0001000 0000100 0000010 1111000]0001110
stabSize=2

anf=d+bcd+abe+ce+bde+bf+abf+g+abg+deg+afg
stabSize=1

anf=b+bcd+abe+ce+bde+bf+abf+g+abg+deg+afg
[1001010 1000111 0010110 0001000 0000100 0000010 1101100]0000110
[1000010 0110110 0010000 0001000 0000100 0000010 0010011]0001000
stabSize=4

anf=1+b+bcd+abe+ce+bde+bf+abf+g+abg+deg+afg
[1001010 1000111 0010110 0001000 0000100 0000010 1101100]0000110
[1000010 0110110 0010000 0001000 0000100 0000010 0010011]0001000
stabSize=4

anf=a+bcd+abe+ce+bde+bf+abf+g+abg+deg+afg
[1001010 1000111 0010110 0001000 0000100 0000010 1101100]0000110
[1000010 0110110 0010000 0001000 0000100 0000010 0010011]0001000
stabSize=4

anf=1+a+bcd+abe+ce+bde+bf+abf+g+abg+deg+afg
[1001010 1000111 0010110 0001000 0000100 0000010 1101100]0000110
[1000010 0110110 0010000 0001000 0000100 0000010 0010011]0001000
stabSize=4

anf=a+c+d+bcd+e+abe+ce+bde+f+bf+abf+abg+deg+afg
stabSize=1

anf=1+a+c+d+bcd+e+abe+ce+bde+f+bf+abf+abg+deg+afg
stabSize=1

anf=c+d+bcd+e+abe+ce+bde+f+bf+abf+abg+deg+afg
[1001010 1000111 0010110 0001000 0000100 0000010 1101100]0000110
stabSize=2

anf=1+c+d+bcd+e+abe+ce+bde+f+bf+abf+abg+deg+afg
[1001010 1000111 0010110 0001000 0000100 0000010 1101100]0000110
stabSize=2

anf=a+b+d+bcd+e+abe+ce+bde+f+bf+abf+abg+deg+afg
[1001010 1000111 0010110 0001000 0000100 0000010 1101100]0000110
stabSize=2

anf=1+a+b+d+bcd+e+abe+ce+bde+f+bf+abf+abg+deg+afg
[1001010 1000111 0010110 0001000 0000100 0000010 1101100]0000110
stabSize=2

anf=a+d+bcd+e+abe+ce+bde+f+bf+abf+abg+deg+afg
stabSize=1

anf=1+a+d+bcd+e+abe+ce+bde+f+bf+abf+abg+deg+afg
stabSize=1

anf=d+bcd+e+abe+ce+bde+f+bf+abf+abg+deg+afg
[1001010 1000111 0010110 0001000 0000100 0000010 1101100]0000110
stabSize=2

anf=1+d+bcd+e+abe+ce+bde+f+bf+abf+abg+deg+afg
[1001010 1000111 0010110 0001000 0000100 0000010 1101100]0000110
stabSize=2

anf=a+c+bcd+e+abe+ce+bde+f+bf+abf+abg+deg+afg
[1001000 1010111 0010110 0001000 0000100 0000010 1111000]0001110
stabSize=2

anf=1+a+c+bcd+e+abe+ce+bde+f+bf+abf+abg+deg+afg
[1001000 1010111 0010110 0001000 0000100 0000010 1111000]0001110
stabSize=2

anf=c+bcd+e+abe+ce+bde+f+bf+abf+abg+deg+afg
stabSize=1

anf=1+c+bcd+e+abe+ce+bde+f+bf+abf+abg+deg+afg
stabSize=1

anf=a+b+bcd+e+abe+ce+bde+f+bf+abf+abg+deg+afg
[1001000 1010111 0010110 0001000 0000100 0000010 1111000]0001110
stabSize=2

anf=1+a+b+bcd+e+abe+ce+bde+f+bf+abf+abg+deg+afg
[1001000 1010111 0010110 0001000 0000100 0000010 1111000]0001110
stabSize=2

anf=a+bcd+e+abe+ce+bde+f+bf+abf+abg+deg+afg
stabSize=1

anf=1+a+bcd+e+abe+ce+bde+f+bf+abf+abg+deg+afg
stabSize=1

anf=bcd+e+abe+ce+bde+f+bf+abf+abg+deg+afg
[1001000 1010111 0010110 0001000 0000100 0000010 1111000]0001110
stabSize=2

anf=1+bcd+e+abe+ce+bde+f+bf+abf+abg+deg+afg
[1001000 1010111 0010110 0001000 0000100 0000010 1111000]0001110
stabSize=2

anf=a+b+d+bcd+abe+ce+bde+f+bf+abf+abg+deg+afg
stabSize=1

anf=1+a+b+d+bcd+abe+ce+bde+f+bf+abf+abg+deg+afg
stabSize=1

anf=b+d+bcd+abe+ce+bde+f+bf+abf+abg+deg+afg
stabSize=1

anf=1+b+d+bcd+abe+ce+bde+f+bf+abf+abg+deg+afg
stabSize=1

anf=a+d+bcd+abe+ce+bde+f+bf+abf+abg+deg+afg
stabSize=1

anf=1+a+d+bcd+abe+ce+bde+f+bf+abf+abg+deg+afg
stabSize=1

anf=d+bcd+abe+ce+bde+f+bf+abf+abg+deg+afg
stabSize=1

anf=1+d+bcd+abe+ce+bde+f+bf+abf+abg+deg+afg
stabSize=1

anf=a+b+bcd+abe+ce+bde+f+bf+abf+abg+deg+afg
stabSize=1

anf=1+a+b+bcd+abe+ce+bde+f+bf+abf+abg+deg+afg
stabSize=1

anf=b+bcd+abe+ce+bde+f+bf+abf+abg+deg+afg
stabSize=1

anf=1+b+bcd+abe+ce+bde+f+bf+abf+abg+deg+afg
stabSize=1

anf=a+bcd+abe+ce+bde+f+bf+abf+abg+deg+afg
stabSize=1

anf=1+a+bcd+abe+ce+bde+f+bf+abf+abg+deg+afg
stabSize=1

anf=bcd+abe+ce+bde+f+bf+abf+abg+deg+afg
stabSize=1

anf=1+bcd+abe+ce+bde+f+bf+abf+abg+deg+afg
stabSize=1

anf=b+c+d+bcd+e+abe+ce+bde+bf+abf+abg+deg+afg
stabSize=1

anf=1+b+c+d+bcd+e+abe+ce+bde+bf+abf+abg+deg+afg
stabSize=1

anf=a+c+d+bcd+e+abe+ce+bde+bf+abf+abg+deg+afg
stabSize=1

anf=1+a+c+d+bcd+e+abe+ce+bde+bf+abf+abg+deg+afg
stabSize=1

anf=a+d+bcd+e+abe+ce+bde+bf+abf+abg+deg+afg
stabSize=1

anf=1+a+d+bcd+e+abe+ce+bde+bf+abf+abg+deg+afg
stabSize=1

anf=d+bcd+e+abe+ce+bde+bf+abf+abg+deg+afg
stabSize=1

anf=1+d+bcd+e+abe+ce+bde+bf+abf+abg+deg+afg
stabSize=1

anf=a+b+c+bcd+e+abe+ce+bde+bf+abf+abg+deg+afg
stabSize=1

anf=1+a+b+c+bcd+e+abe+ce+bde+bf+abf+abg+deg+afg
stabSize=1

anf=c+bcd+e+abe+ce+bde+bf+abf+abg+deg+afg
stabSize=1

anf=1+c+bcd+e+abe+ce+bde+bf+abf+abg+deg+afg
stabSize=1

anf=a+bcd+e+abe+ce+bde+bf+abf+abg+deg+afg
stabSize=1

anf=1+a+bcd+e+abe+ce+bde+bf+abf+abg+deg+afg
stabSize=1

anf=bcd+e+abe+ce+bde+bf+abf+abg+deg+afg
stabSize=1

anf=1+bcd+e+abe+ce+bde+bf+abf+abg+deg+afg
stabSize=1

anf=a+c+d+bcd+abe+ce+bde+bf+abf+abg+deg+afg
stabSize=1

anf=1+a+c+d+bcd+abe+ce+bde+bf+abf+abg+deg+afg
stabSize=1

anf=c+d+bcd+abe+ce+bde+bf+abf+abg+deg+afg
stabSize=1

anf=1+c+d+bcd+abe+ce+bde+bf+abf+abg+deg+afg
stabSize=1

anf=a+b+d+bcd+abe+ce+bde+bf+abf+abg+deg+afg
stabSize=1

anf=a+d+bcd+abe+ce+bde+bf+abf+abg+deg+afg
stabSize=1

anf=d+bcd+abe+ce+bde+bf+abf+abg+deg+afg
stabSize=1

anf=a+b+c+bcd+abe+ce+bde+bf+abf+abg+deg+afg
[1001010 1000111 0010110 0001000 0000100 0000010 1101100]0000110
stabSize=2

anf=1+a+b+c+bcd+abe+ce+bde+bf+abf+abg+deg+afg
[1001010 1000111 0010110 0001000 0000100 0000010 1101100]0000110
stabSize=2

anf=b+c+bcd+abe+ce+bde+bf+abf+abg+deg+afg
[1001000 1010111 0010110 0001000 0000100 0000010 1111000]0001110
stabSize=2

anf=1+b+c+bcd+abe+ce+bde+bf+abf+abg+deg+afg
[1001000 1010111 0010110 0001000 0000100 0000010 1111000]0001110
stabSize=2

anf=a+c+bcd+abe+ce+bde+bf+abf+abg+deg+afg
[1001000 1010111 0010110 0001000 0000100 0000010 1111000]0001110
stabSize=2

anf=1+a+c+bcd+abe+ce+bde+bf+abf+abg+deg+afg
[1001000 1010111 0010110 0001000 0000100 0000010 1111000]0001110
stabSize=2

anf=c+bcd+abe+ce+bde+bf+abf+abg+deg+afg
[1001010 1000111 0010110 0001000 0000100 0000010 1101100]0000110
stabSize=2

anf=1+c+bcd+abe+ce+bde+bf+abf+abg+deg+afg
[1001010 1000111 0010110 0001000 0000100 0000010 1101100]0000110
stabSize=2

anf=a+b+bcd+abe+ce+bde+bf+abf+abg+deg+afg
[1001010 1000111 0010110 0001000 0000100 0000010 1101100]0000110
[1000010 0110110 0010000 0001000 0000100 0000010 0010011]0001000
stabSize=4

anf=1+a+b+bcd+abe+ce+bde+bf+abf+abg+deg+afg
[1001010 1000111 0010110 0001000 0000100 0000010 1101100]0000110
[1000010 0110110 0010000 0001000 0000100 0000010 0010011]0001000
stabSize=4

anf=b+bcd+abe+ce+bde+bf+abf+abg+deg+afg
[1000010 0110110 0010000 0001000 0000100 0000010 0010011]0001000
stabSize=2

anf=1+b+bcd+abe+ce+bde+bf+abf+abg+deg+afg
[1000010 0110110 0010000 0001000 0000100 0000010 0010011]0001000
stabSize=2

anf=a+bcd+abe+ce+bde+bf+abf+abg+deg+afg
[1000010 0110110 0010000 0001000 0000100 0000010 0010011]0001000
stabSize=2

anf=1+a+bcd+abe+ce+bde+bf+abf+abg+deg+afg
[1000010 0110110 0010000 0001000 0000100 0000010 0010011]0001000
stabSize=2

anf=bcd+abe+ce+bde+bf+abf+abg+deg+afg
[1001010 1000111 0010110 0001000 0000100 0000010 1101100]0000110
[1000010 0110110 0010000 0001000 0000100 0000010 0010011]0001000
stabSize=4

anf=1+bcd+abe+ce+bde+bf+abf+abg+deg+afg
[1001010 1000111 0010110 0001000 0000100 0000010 1101100]0000110
[1000010 0110110 0010000 0001000 0000100 0000010 0010011]0001000
stabSize=4

anf=c+ac+bc+d+cd+bcd+e+be+abe+bde+f+bf+abf+g+abg+deg+afg
[1010110 0110000 0010000 0011110 0000100 0000010 0000001]0000110
[1010010 0100110 0010000 0011100 0000100 0000010 0010011]0010010
[1000000 0110100 0010000 0001000 0000100 0000010 0000111]0000110
stabSize=8

anf=1+c+ac+bc+d+cd+bcd+e+be+abe+bde+f+bf+abf+g+abg+deg+afg
[1010110 0110000 0010000 0011110 0000100 0000010 0000001]0000110
[1010010 0100110 0010000 0011100 0000100 0000010 0010011]0010010
[1000000 0110100 0010000 0001000 0000100 0000010 0000111]0000110
stabSize=8

anf=c+ac+bc+cd+bcd+e+be+abe+bde+f+bf+abf+g+abg+deg+afg
[1010110 0110000 0010000 0011110 0000100 0000010 0000001]0000110
[1010010 0100110 0010000 0011100 0000100 0000010 0010011]0010010
[1000000 0110100 0010000 0001000 0000100 0000010 0000111]0000110
stabSize=8

anf=1+c+ac+bc+cd+bcd+e+be+abe+bde+f+bf+abf+g+abg+deg+afg
[1010110 0110000 0010000 0011110 0000100 0000010 0000001]0000110
[1010010 0100110 0010000 0011100 0000100 0000010 0010011]0010010
[1000000 0110100 0010000 0001000 0000100 0000010 0000111]0000110
stabSize=8

anf=a+b+ac+bc+cd+bcd+be+abe+bde+bf+abf+g+abg+deg+afg
[1000010 0110010 0010000 0001000 0000100 0000010 0010101]0000000
[1000010 0110000 0010000 0001000 0000100 0000010 0000001]0000010
[1010010 0100110 0010000 0011100 0000100 0000010 0010011]0010010
[1000000 0110100 0010000 0001000 0000100 0000010 0000111]0000110
stabSize=16

anf=1+a+b+ac+bc+cd+bcd+be+abe+bde+bf+abf+g+abg+deg+afg
[1000010 0110010 0010000 0001000 0000100 0000010 0010101]0000000
[1000010 0110000 0010000 0001000 0000100 0000010 0000001]0000010
[1010010 0100110 0010000 0011100 0000100 0000010 0010011]0010010
[1000000 0110100 0010000 0001000 0000100 0000010 0000111]0000110
stabSize=16

anf=b+ac+bc+cd+bcd+be+abe+bde+bf+abf+g+abg+deg+afg
[1000010 0110010 0010000 0001000 0000100 0000010 0010101]0000000
[1000010 0110000 0010000 0001000 0000100 0000010 0000001]0000010
[1010010 0100110 0010000 0011100 0000100 0000010 0010011]0010010
[1000000 0110100 0010000 0001000 0000100 0000010 0000111]0000110
stabSize=16

anf=1+b+ac+bc+cd+bcd+be+abe+bde+bf+abf+g+abg+deg+afg
[1000010 0110010 0010000 0001000 0000100 0000010 0010101]0000000
[1000010 0110000 0010000 0001000 0000100 0000010 0000001]0000010
[1010010 0100110 0010000 0011100 0000100 0000010 0010011]0010010
[1000000 0110100 0010000 0001000 0000100 0000010 0000111]0000110
stabSize=16

anf=a+ac+bc+cd+bcd+be+abe+bde+bf+abf+g+abg+deg+afg
[1000010 0110010 0010000 0001000 0000100 0000010 0010101]0000000
[1000010 0110000 0010000 0001000 0000100 0000010 0000001]0000010
[1010010 0100110 0010000 0011100 0000100 0000010 0010011]0010010
[1000000 0110100 0010000 0001000 0000100 0000010 0000111]0000110
stabSize=16

anf=1+a+ac+bc+cd+bcd+be+abe+bde+bf+abf+g+abg+deg+afg
[1000010 0110010 0010000 0001000 0000100 0000010 0010101]0000000
[1000010 0110000 0010000 0001000 0000100 0000010 0000001]0000010
[1010010 0100110 0010000 0011100 0000100 0000010 0010011]0010010
[1000000 0110100 0010000 0001000 0000100 0000010 0000111]0000110
stabSize=16

anf=ac+bc+cd+bcd+be+abe+bde+bf+abf+g+abg+deg+afg
[1000010 0110010 0010000 0001000 0000100 0000010 0010101]0000000
[1000010 0110000 0010000 0001000 0000100 0000010 0000001]0000010
[1010010 0100110 0010000 0011100 0000100 0000010 0010011]0010010
[1000000 0110100 0010000 0001000 0000100 0000010 0000111]0000110
stabSize=16

anf=1+ac+bc+cd+bcd+be+abe+bde+bf+abf+g+abg+deg+afg
[1000010 0110010 0010000 0001000 0000100 0000010 0010101]0000000
[1000010 0110000 0010000 0001000 0000100 0000010 0000001]0000010
[1010010 0100110 0010000 0011100 0000100 0000010 0010011]0010010
[1000000 0110100 0010000 0001000 0000100 0000010 0000111]0000110
stabSize=16

anf=c+ac+bc+d+cd+bcd+e+be+abe+bde+f+bf+abf+abg+deg+afg
[1010110 0110000 0010000 0011110 0000100 0000010 0000001]0000110
[1010010 0100110 0010000 0011100 0000100 0000010 0010011]0010010
[1000000 0110100 0010000 0001000 0000100 0000010 0000111]0000110
stabSize=8

anf=1+c+ac+bc+d+cd+bcd+e+be+abe+bde+f+bf+abf+abg+deg+afg
[1010110 0110000 0010000 0011110 0000100 0000010 0000001]0000110
[1010010 0100110 0010000 0011100 0000100 0000010 0010011]0010010
[1000000 0110100 0010000 0001000 0000100 0000010 0000111]0000110
stabSize=8

anf=c+ac+bc+cd+bcd+e+be+abe+bde+f+bf+abf+abg+deg+afg
[1010110 0110000 0010000 0011110 0000100 0000010 0000001]0000110
[1010010 0100110 0010000 0011100 0000100 0000010 0010011]0010010
[1000000 0110100 0010000 0001000 0000100 0000010 0000111]0000110
stabSize=8

anf=1+c+ac+bc+cd+bcd+e+be+abe+bde+f+bf+abf+abg+deg+afg
[1010110 0110000 0010000 0011110 0000100 0000010 0000001]0000110
[1010010 0100110 0010000 0011100 0000100 0000010 0010011]0010010
[1000000 0110100 0010000 0001000 0000100 0000010 0000111]0000110
stabSize=8

anf=ac+bc+cd+bcd+e+be+abe+bde+f+bf+abf+abg+deg+afg
[1000100 0110100 0010000 0001010 0000100 0000010 0000111]0010110
stabSize=2

anf=1+ac+bc+cd+bcd+e+be+abe+bde+f+bf+abf+abg+deg+afg
[1000100 0110100 0010000 0001010 0000100 0000010 0000111]0010110
stabSize=2

anf=ac+bc+d+cd+bcd+be+abe+bde+f+bf+abf+abg+deg+afg
[1010110 0110010 0010000 0011110 0000100 0000010 0010101]0000100
[1010000 0100000 0010000 0011100 0000100 0000010 0000001]0010100
stabSize=4

anf=1+ac+bc+d+cd+bcd+be+abe+bde+f+bf+abf+abg+deg+afg
[1010110 0110010 0010000 0011110 0000100 0000010 0010101]0000100
[1010000 0100000 0010000 0011100 0000100 0000010 0000001]0010100
stabSize=4

anf=a+c+ac+bc+cd+bcd+be+abe+bde+f+bf+abf+abg+deg+afg
[1000110 0110000 0010000 0001010 0000100 0000010 0000001]0010010
[1000000 0110110 0010000 0001000 0000100 0000010 0010011]0000100
stabSize=4

anf=1+a+c+ac+bc+cd+bcd+be+abe+bde+f+bf+abf+abg+deg+afg
[1000110 0110000 0010000 0001010 0000100 0000010 0000001]0010010
[1000000 0110110 0010000 0001000 0000100 0000010 0010011]0000100
stabSize=4

anf=c+ac+bc+cd+bcd+be+abe+bde+f+bf+abf+abg+deg+afg
[1000110 0110000 0010000 0001010 0000100 0000010 0000001]0010010
[1000000 0110110 0010000 0001000 0000100 0000010 0010011]0000100
stabSize=4

anf=1+c+ac+bc+cd+bcd+be+abe+bde+f+bf+abf+abg+deg+afg
[1000110 0110000 0010000 0001010 0000100 0000010 0000001]0010010
[1000000 0110110 0010000 0001000 0000100 0000010 0010011]0000100
stabSize=4

anf=ac+bc+cd+bcd+be+abe+bde+f+bf+abf+abg+deg+afg
[1010110 0110010 0010000 0011110 0000100 0000010 0010101]0000100
[1010000 0100000 0010000 0011100 0000100 0000010 0000001]0010100
stabSize=4

anf=1+ac+bc+cd+bcd+be+abe+bde+f+bf+abf+abg+deg+afg
[1010110 0110010 0010000 0011110 0000100 0000010 0010101]0000100
[1010000 0100000 0010000 0011100 0000100 0000010 0000001]0010100
stabSize=4

anf=c+ac+bc+cd+bcd+e+be+abe+bde+bf+abf+abg+deg+afg
[1000000 0100010 0010000 0001000 0000100 0000010 0010101]0000010
stabSize=2

anf=1+c+ac+bc+cd+bcd+e+be+abe+bde+bf+abf+abg+deg+afg
[1000000 0100010 0010000 0001000 0000100 0000010 0010101]0000010
stabSize=2

anf=a+ac+bc+cd+bcd+e+be+abe+bde+bf+abf+abg+deg+afg
[1010100 0110110 0010000 0011110 0000100 0000010 0010011]0000000
[1000010 0110000 0010000 0001000 0000100 0000010 0000001]0000010
stabSize=4

anf=1+a+ac+bc+cd+bcd+e+be+abe+bde+bf+abf+abg+deg+afg
[1010100 0110110 0010000 0011110 0000100 0000010 0010011]0000000
[1000010 0110000 0010000 0001000 0000100 0000010 0000001]0000010
stabSize=4

anf=ac+bc+cd+bcd+e+be+abe+bde+bf+abf+abg+deg+afg
[1010100 0110110 0010000 0011110 0000100 0000010 0010011]0000000
[1000010 0110000 0010000 0001000 0000100 0000010 0000001]0000010
stabSize=4

anf=1+ac+bc+cd+bcd+e+be+abe+bde+bf+abf+abg+deg+afg
[1010100 0110110 0010000 0011110 0000100 0000010 0010011]0000000
[1000010 0110000 0010000 0001000 0000100 0000010 0000001]0000010
stabSize=4

anf=a+c+ac+bc+cd+bcd+be+abe+bde+bf+abf+abg+deg+afg
[1010110 0110000 0010000 0011110 0000100 0000010 0000001]0000110
[1000010 0100100 0010000 0001000 0000100 0000010 0000111]0000100
stabSize=4

anf=1+a+c+ac+bc+cd+bcd+be+abe+bde+bf+abf+abg+deg+afg
[1010110 0110000 0010000 0011110 0000100 0000010 0000001]0000110
[1000010 0100100 0010000 0001000 0000100 0000010 0000111]0000100
stabSize=4

anf=c+ac+bc+cd+bcd+be+abe+bde+bf+abf+abg+deg+afg
[1010110 0110000 0010000 0011110 0000100 0000010 0000001]0000110
[1000010 0100100 0010000 0001000 0000100 0000010 0000111]0000100
stabSize=4

anf=1+c+ac+bc+cd+bcd+be+abe+bde+bf+abf+abg+deg+afg
[1010110 0110000 0010000 0011110 0000100 0000010 0000001]0000110
[1000010 0100100 0010000 0001000 0000100 0000010 0000111]0000100
stabSize=4

anf=a+b+ac+bc+cd+bcd+be+abe+bde+bf+abf+abg+deg+afg
[1000010 0110010 0010000 0001000 0000100 0000010 0010101]0000000
[1000010 0110000 0010000 0001000 0000100 0000010 0000001]0000010
[1010010 0100110 0010000 0011100 0000100 0000010 0010011]0010010
[1000000 0110100 0010000 0001000 0000100 0000010 0000111]0000110
stabSize=16

anf=1+a+b+ac+bc+cd+bcd+be+abe+bde+bf+abf+abg+deg+afg
[1000010 0110010 0010000 0001000 0000100 0000010 0010101]0000000
[1000010 0110000 0010000 0001000 0000100 0000010 0000001]0000010
[1010010 0100110 0010000 0011100 0000100 0000010 0010011]0010010
[1000000 0110100 0010000 0001000 0000100 0000010 0000111]0000110
stabSize=16

anf=b+ac+bc+cd+bcd+be+abe+bde+bf+abf+abg+deg+afg
[1000010 0110010 0010000 0001000 0000100 0000010 0010101]0000000
[1000010 0110000 0010000 0001000 0000100 0000010 0000001]0000010
[1010010 0100110 0010000 0011100 0000100 0000010 0010011]0010010
[1000000 0110100 0010000 0001000 0000100 0000010 0000111]0000110
stabSize=16

anf=1+b+ac+bc+cd+bcd+be+abe+bde+bf+abf+abg+deg+afg
[1000010 0110010 0010000 0001000 0000100 0000010 0010101]0000000
[1000010 0110000 0010000 0001000 0000100 0000010 0000001]0000010
[1010010 0100110 0010000 0011100 0000100 0000010 0010011]0010010
[1000000 0110100 0010000 0001000 0000100 0000010 0000111]0000110
stabSize=16

anf=a+ac+bc+cd+bcd+be+abe+bde+bf+abf+abg+deg+afg
[1000010 0110010 0010000 0001000 0000100 0000010 0010101]0000000
[1000010 0110000 0010000 0001000 0000100 0000010 0000001]0000010
[1010010 0100110 0010000 0011100 0000100 0000010 0010011]0010010
[1000000 0110100 0010000 0001000 0000100 0000010 0000111]0000110
stabSize=16

anf=1+a+ac+bc+cd+bcd+be+abe+bde+bf+abf+abg+deg+afg
[1000010 0110010 0010000 0001000 0000100 0000010 0010101]0000000
[1000010 0110000 0010000 0001000 0000100 0000010 0000001]0000010
[1010010 0100110 0010000 0011100 0000100 0000010 0010011]0010010
[1000000 0110100 0010000 0001000 0000100 0000010 0000111]0000110
stabSize=16

anf=ac+bc+cd+bcd+be+abe+bde+bf+abf+abg+deg+afg
[1000010 0110010 0010000 0001000 0000100 0000010 0010101]0000000
[1000010 0110000 0010000 0001000 0000100 0000010 0000001]0000010
[1010010 0100110 0010000 0011100 0000100 0000010 0010011]0010010
[1000000 0110100 0010000 0001000 0000100 0000010 0000111]0000110
stabSize=16

anf=1+ac+bc+cd+bcd+be+abe+bde+bf+abf+abg+deg+afg
[1000010 0110010 0010000 0001000 0000100 0000010 0010101]0000000
[1000010 0110000 0010000 0001000 0000100 0000010 0000001]0000010
[1010010 0100110 0010000 0011100 0000100 0000010 0010011]0010010
[1000000 0110100 0010000 0001000 0000100 0000010 0000111]0000110
stabSize=16

anf=a+c+ac+bc+bcd+e+be+abe+bde+f+bf+abf+g+abg+deg+afg
[1011010 1000111 0010110 0001110 0000100 0000010 1111100]0011010
[1000000 0110010 0010000 0001000 0000100 0000010 0010101]0000110
[1000010 0100010 0010000 0001000 0000100 0000010 0010101]0010100
[1010100 0100110 0010000 0001110 0000100 0000010 0010011]0010100
stabSize=16

anf=1+a+c+ac+bc+bcd+e+be+abe+bde+f+bf+abf+g+abg+deg+afg
[1011010 1000111 0010110 0001110 0000100 0000010 1111100]0011010
[1000000 0110010 0010000 0001000 0000100 0000010 0010101]0000110
[1000010 0100010 0010000 0001000 0000100 0000010 0010101]0010100
[1010100 0100110 0010000 0001110 0000100 0000010 0010011]0010100
stabSize=16

anf=ac+bc+d+bcd+be+abe+bde+bf+abf+g+abg+deg+afg
[1000100 0110100 0010000 0001010 0000100 0000010 0000111]0000110
[1000010 0110110 0010000 0001000 0000100 0000010 0010011]0000010
[1000000 0110010 0010000 0001000 0000100 0000010 0010101]0000110
[1010100 0100110 0010000 0001110 0000100 0000010 0010011]0010100
stabSize=16

anf=a+ac+bc+bcd+be+abe+bde+bf+abf+g+abg+deg+afg
[1000100 0110100 0010000 0001010 0000100 0000010 0000111]0000110
[1000010 0110110 0010000 0001000 0000100 0000010 0010011]0000010
[1011010 1000111 0010110 0001110 0000100 0000010 1111100]0011010
[1000000 0110010 0010000 0001000 0000100 0000010 0010101]0000110
[1010100 0100110 0010000 0001110 0000100 0000010 0010011]0010100
stabSize=32

anf=1+a+ac+bc+bcd+be+abe+bde+bf+abf+g+abg+deg+afg
[1000100 0110100 0010000 0001010 0000100 0000010 0000111]0000110
[1000010 0110110 0010000 0001000 0000100 0000010 0010011]0000010
[1011010 1000111 0010110 0001110 0000100 0000010 1111100]0011010
[1000000 0110010 0010000 0001000 0000100 0000010 0010101]0000110
[1010100 0100110 0010000 0001110 0000100 0000010 0010011]0010100
stabSize=32

anf=a+c+ac+bc+bcd+e+be+abe+bde+f+bf+abf+abg+deg+afg
[1000000 0110010 0010000 0001000 0000100 0000010 0010101]0000110
[1000010 0100010 0010000 0001000 0000100 0000010 0010101]0010100
[1010100 0100110 0010000 0001110 0000100 0000010 0010011]0010100
stabSize=8

anf=1+a+c+ac+bc+bcd+e+be+abe+bde+f+bf+abf+abg+deg+afg
[1000000 0110010 0010000 0001000 0000100 0000010 0010101]0000110
[1000010 0100010 0010000 0001000 0000100 0000010 0010101]0010100
[1010100 0100110 0010000 0001110 0000100 0000010 0010011]0010100
stabSize=8

anf=c+ac+bc+bcd+e+be+abe+bde+f+bf+abf+abg+deg+afg
[1011010 1000111 0010110 0001110 0000100 0000010 1111100]0011010
[1000000 0110010 0010000 0001000 0000100 0000010 0010101]0000110
[1000010 0100010 0010000 0001000 0000100 0000010 0010101]0010100
[1010100 0100110 0010000 0001110 0000100 0000010 0010011]0010100
stabSize=16

anf=1+c+ac+bc+bcd+e+be+abe+bde+f+bf+abf+abg+deg+afg
[1011010 1000111 0010110 0001110 0000100 0000010 1111100]0011010
[1000000 0110010 0010000 0001000 0000100 0000010 0010101]0000110
[1000010 0100010 0010000 0001000 0000100 0000010 0010101]0010100
[1010100 0100110 0010000 0001110 0000100 0000010 0010011]0010100
stabSize=16

anf=ac+bc+bcd+e+be+abe+bde+f+bf+abf+abg+deg+afg
[1010110 0110000 0010000 0001110 0000100 0000010 0000001]0010110
[1001000 1000001 0010110 0001000 0000100 0000010 1101000]0001000
stabSize=4

anf=1+ac+bc+bcd+e+be+abe+bde+f+bf+abf+abg+deg+afg
[1010110 0110000 0010000 0001110 0000100 0000010 0000001]0010110
[1001000 1000001 0010110 0001000 0000100 0000010 1101000]0001000
stabSize=4

anf=a+ac+bc+bcd+be+abe+bde+f+bf+abf+abg+deg+afg
[1010000 0100000 0010000 0001100 0000100 0000010 0000001]0010100
[1000010 0100010 0010000 0001000 0000100 0000010 0010101]0010100
stabSize=4

anf=1+a+ac+bc+bcd+be+abe+bde+f+bf+abf+abg+deg+afg
[1010000 0100000 0010000 0001100 0000100 0000010 0000001]0010100
[1000010 0100010 0010000 0001000 0000100 0000010 0010101]0010100
stabSize=4

anf=ac+bc+bcd+be+abe+bde+f+bf+abf+abg+deg+afg
[1010000 0100000 0010000 0001100 0000100 0000010 0000001]0010100
[1000010 0100010 0010000 0001000 0000100 0000010 0010101]0010100
stabSize=4

anf=1+ac+bc+bcd+be+abe+bde+f+bf+abf+abg+deg+afg
[1010000 0100000 0010000 0001100 0000100 0000010 0000001]0010100
[1000010 0100010 0010000 0001000 0000100 0000010 0010101]0010100
stabSize=4

anf=ac+bc+bcd+e+be+abe+bde+bf+abf+abg+deg+afg
[1000110 0110110 0010000 0001010 0000100 0000010 0010011]0010010
stabSize=2

anf=1+ac+bc+bcd+e+be+abe+bde+bf+abf+abg+deg+afg
[1000110 0110110 0010000 0001010 0000100 0000010 0010011]0010010
stabSize=2

anf=c+ac+bc+d+bcd+be+abe+bde+bf+abf+abg+deg+afg
[1010010 0110000 0010000 0001100 0000100 0000010 0000001]0000110
[1000010 0100100 0010000 0001000 0000100 0000010 0000111]0000100
[1011010 1000111 0010110 0001110 0000100 0000010 1111100]0011010
stabSize=8

anf=1+c+ac+bc+d+bcd+be+abe+bde+bf+abf+abg+deg+afg
[1010010 0110000 0010000 0001100 0000100 0000010 0000001]0000110
[1000010 0100100 0010000 0001000 0000100 0000010 0000111]0000100
[1011010 1000111 0010110 0001110 0000100 0000010 1111100]0011010
stabSize=8

anf=a+ac+bc+d+bcd+be+abe+bde+bf+abf+abg+deg+afg
[1000100 0110100 0010000 0001010 0000100 0000010 0000111]0000110
[1000010 0110110 0010000 0001000 0000100 0000010 0010011]0000010
[1000000 0110010 0010000 0001000 0000100 0000010 0010101]0000110
[1010100 0100110 0010000 0001110 0000100 0000010 0010011]0010100
stabSize=16

anf=ac+bc+d+bcd+be+abe+bde+bf+abf+abg+deg+afg
[1000100 0110100 0010000 0001010 0000100 0000010 0000111]0000110
[1000010 0110110 0010000 0001000 0000100 0000010 0010011]0000010
[1000000 0110010 0010000 0001000 0000100 0000010 0010101]0000110
[1010100 0100110 0010000 0001110 0000100 0000010 0010011]0010100
stabSize=16

anf=1+ac+bc+d+bcd+be+abe+bde+bf+abf+abg+deg+afg
[1000100 0110100 0010000 0001010 0000100 0000010 0000111]0000110
[1000010 0110110 0010000 0001000 0000100 0000010 0010011]0000010
[1000000 0110010 0010000 0001000 0000100 0000010 0010101]0000110
[1010100 0100110 0010000 0001110 0000100 0000010 0010011]0010100
stabSize=16

anf=c+ac+bc+bcd+be+abe+bde+bf+abf+abg+deg+afg
[1010010 0110000 0010000 0001100 0000100 0000010 0000001]0000110
[1000010 0100100 0010000 0001000 0000100 0000010 0000111]0000100
[1001000 1000001 0010110 0001000 0000100 0000010 1101000]0001000
stabSize=8

anf=1+c+ac+bc+bcd+be+abe+bde+bf+abf+abg+deg+afg
[1010010 0110000 0010000 0001100 0000100 0000010 0000001]0000110
[1000010 0100100 0010000 0001000 0000100 0000010 0000111]0000100
[1001000 1000001 0010110 0001000 0000100 0000010 1101000]0001000
stabSize=8

anf=a+ac+bc+bcd+be+abe+bde+bf+abf+abg+deg+afg
[1000100 0110100 0010000 0001010 0000100 0000010 0000111]0000110
[1000010 0110110 0010000 0001000 0000100 0000010 0010011]0000010
[1000000 0110010 0010000 0001000 0000100 0000010 0010101]0000110
[1010100 0100110 0010000 0001110 0000100 0000010 0010011]0010100
stabSize=16

anf=1+a+ac+bc+bcd+be+abe+bde+bf+abf+abg+deg+afg
[1000100 0110100 0010000 0001010 0000100 0000010 0000111]0000110
[1000010 0110110 0010000 0001000 0000100 0000010 0010011]0000010
[1000000 0110010 0010000 0001000 0000100 0000010 0010101]0000110
[1010100 0100110 0010000 0001110 0000100 0000010 0010011]0010100
stabSize=16

anf=ac+bc+bcd+be+abe+bde+bf+abf+abg+deg+afg
[1000100 0110100 0010000 0001010 0000100 0000010 0000111]0000110
[1000010 0110110 0010000 0001000 0000100 0000010 0010011]0000010
[1011010 1000111 0010110 0001110 0000100 0000010 1111100]0011010
[1000000 0110010 0010000 0001000 0000100 0000010 0010101]0000110
[1010100 0100110 0010000 0001110 0000100 0000010 0010011]0010100
stabSize=32

anf=1+ac+bc+bcd+be+abe+bde+bf+abf+abg+deg+afg
[1000100 0110100 0010000 0001010 0000100 0000010 0000111]0000110
[1000010 0110110 0010000 0001000 0000100 0000010 0010011]0000010
[1011010 1000111 0010110 0001110 0000100 0000010 1111100]0011010
[1000000 0110010 0010000 0001000 0000100 0000010 0010101]0000110
[1010100 0100110 0010000 0001110 0000100 0000010 0010011]0010100
stabSize=32

anf=ad+bcd+abe+bde+f+bf+abf+g+abg+deg+afg
[1010000 0110110 0010000 0001100 0000100 0000010 0000101]0010000
[1000000 0110000 0010000 0001000 0000100 0000010 0000001]0010000
[1000000 0110000 0010000 0011000 0000100 0000010 0000001]0000000
[1010000 0100100 0010000 0001100 0000100 0000010 0010001]0010100
stabSize=16

anf=1+ad+bcd+abe+bde+f+bf+abf+g+abg+deg+afg
[1010000 0110110 0010000 0001100 0000100 0000010 0000101]0010000
[1000000 0110000 0010000 0001000 0000100 0000010 0000001]0010000
[1000000 0110000 0010000 0011000 0000100 0000010 0000001]0000000
[1010000 0100100 0010000 0001100 0000100 0000010 0010001]0010100
stabSize=16

anf=a+d+ad+bcd+abe+bde+bf+abf+g+abg+deg+afg
[1010110 0100110 0010000 0011110 0000100 0000010 0000101]0000010
[1000010 0110001 0010000 1011010 0000100 0010110 0010001]0000010
[1000110 0110010 0010000 0011010 0000100 0000010 0010101]0000110
[1010110 0110110 0010000 0011110 0000100 0000010 0000101]0010010
stabSize=64

anf=1+a+d+ad+bcd+abe+bde+bf+abf+g+abg+deg+afg
[1010110 0100110 0010000 0011110 0000100 0000010 0000101]0000010
[1000010 0110001 0010000 1011010 0000100 0010110 0010001]0000010
[1000110 0110010 0010000 0011010 0000100 0000010 0010101]0000110
[1010110 0110110 0010000 0011110 0000100 0000010 0000101]0010010
stabSize=64

anf=a+ad+bcd+abe+bde+bf+abf+g+abg+deg+afg
[1010110 0100110 0010000 0011110 0000100 0000010 0000101]0000010
[1000010 0110001 0010000 1011010 0000100 0010110 0010001]0000010
[1000110 0110010 0010000 0011010 0000100 0000010 0010101]0000110
[1010110 0110110 0010000 0011110 0000100 0000010 0000101]0010010
stabSize=64

anf=1+a+ad+bcd+abe+bde+bf+abf+g+abg+deg+afg
[1010110 0100110 0010000 0011110 0000100 0000010 0000101]0000010
[1000010 0110001 0010000 1011010 0000100 0010110 0010001]0000010
[1000110 0110010 0010000 0011010 0000100 0000010 0010101]0000110
[1010110 0110110 0010000 0011110 0000100 0000010 0000101]0010010
stabSize=64

anf=ad+bcd+abe+bde+bf+abf+g+abg+deg+afg
[1010010 0110010 0010000 0011100 0000100 0000010 0010101]0010010
[1010100 0110000 0010000 0011110 0000100 0000010 0000001]0010100
[1010110 0100110 0010000 0011110 0000100 0000010 0000101]0000010
[1000110 0110010 0010000 0011010 0000100 0000010 0010101]0000110
[1010110 0110110 0010000 0011110 0000100 0000010 0000101]0010010
stabSize=32

anf=1+ad+bcd+abe+bde+bf+abf+g+abg+deg+afg
[1010010 0110010 0010000 0011100 0000100 0000010 0010101]0010010
[1010100 0110000 0010000 0011110 0000100 0000010 0000001]0010100
[1010110 0100110 0010000 0011110 0000100 0000010 0000101]0000010
[1000110 0110010 0010000 0011010 0000100 0000010 0010101]0000110
[1010110 0110110 0010000 0011110 0000100 0000010 0000101]0010010
stabSize=32

anf=a+c+ad+bcd+e+abe+bde+f+bf+abf+abg+deg+afg
[1000000 0100010 0010000 0001000 0000100 0000010 0010101]0010100
[1000110 0110010 0010000 0011010 0000100 0000010 0010101]0000110
[1010010 0110010 0010000 0011100 0000100 0000010 0010101]0010010
stabSize=8

anf=c+ad+bcd+e+abe+bde+f+bf+abf+abg+deg+afg
[1000000 0100011 0010000 1011000 0000100 0010110 0010101]0010100
[1000000 0110101 0010000 1011000 0000100 0010110 0000001]0000000
[1000110 0110010 0010000 0011010 0000100 0000010 0010101]0000110
stabSize=16

anf=1+c+ad+bcd+e+abe+bde+f+bf+abf+abg+deg+afg
[1000000 0100011 0010000 1011000 0000100 0010110 0010101]0010100
[1000000 0110101 0010000 1011000 0000100 0010110 0000001]0000000
[1000110 0110010 0010000 0011010 0000100 0000010 0010101]0000110
stabSize=16

anf=a+ad+bcd+abe+bde+f+bf+abf+abg+deg+afg
[1010000 0110111 0010000 1011100 0000100 0010110 0000101]0010000
[1000000 0100011 0010000 1011000 0000100 0010110 0010101]0010100
[1000000 0110101 0010000 1011000 0000100 0010110 0000001]0000000
[1010000 0100100 0010000 0001100 0000100 0000010 0010001]0010100
stabSize=32

anf=1+a+ad+bcd+abe+bde+f+bf+abf+abg+deg+afg
[1010000 0110111 0010000 1011100 0000100 0010110 0000101]0010000
[1000000 0100011 0010000 1011000 0000100 0010110 0010101]0010100
[1000000 0110101 0010000 1011000 0000100 0010110 0000001]0000000
[1010000 0100100 0010000 0001100 0000100 0000010 0010001]0010100
stabSize=32

anf=ad+bcd+abe+bde+f+bf+abf+abg+deg+afg
[1010100 0100101 0010000 1011010 0000100 0010110 0000001]0010100
[1000100 0100111 0010000 1011110 0000100 0010110 0000101]0000100
[1010100 0110101 0010000 1011010 0000100 0010110 0000001]0000100
[1010000 0100100 0010000 0001100 0000100 0000010 0010001]0010100
stabSize=32

anf=1+ad+bcd+abe+bde+f+bf+abf+abg+deg+afg
[1010100 0100101 0010000 1011010 0000100 0010110 0000001]0010100
[1000100 0100111 0010000 1011110 0000100 0010110 0000101]0000100
[1010100 0110101 0010000 1011010 0000100 0010110 0000001]0000100
[1010000 0100100 0010000 0001100 0000100 0000010 0010001]0010100
stabSize=32

anf=c+ad+bcd+e+abe+bde+bf+abf+abg+deg+afg
[1010100 0110010 0010000 0011110 0000100 0000010 0010101]0000000
[1000000 0110101 0010000 1011000 0000100 0010110 0000001]0000000
stabSize=4

anf=a+ad+bcd+e+abe+bde+bf+abf+abg+deg+afg
[1000000 0110000 0010000 0011000 0000100 0000010 0000001]0000000
[1000000 0110000 0010000 0001000 0000100 0000010 0000001]0010000
[1000010 0110100 0010000 0001000 0000100 0000010 0010001]0000010
stabSize=8

anf=1+a+ad+bcd+e+abe+bde+bf+abf+abg+deg+afg
[1000000 0110000 0010000 0011000 0000100 0000010 0000001]0000000
[1000000 0110000 0010000 0001000 0000100 0000010 0000001]0010000
[1000010 0110100 0010000 0001000 0000100 0000010 0010001]0000010
stabSize=8

anf=ad+bcd+e+abe+bde+bf+abf+abg+deg+afg
[1000000 0110000 0010000 0011000 0000100 0000010 0000001]0000000
[1000000 0110000 0010000 0001000 0000100 0000010 0000001]0010000
[1000010 0110100 0010000 0001000 0000100 0000010 0010001]0000010
stabSize=8

anf=1+ad+bcd+e+abe+bde+bf+abf+abg+deg+afg
[1000000 0110000 0010000 0011000 0000100 0000010 0000001]0000000
[1000000 0110000 0010000 0001000 0000100 0000010 0000001]0010000
[1000010 0110100 0010000 0001000 0000100 0000010 0010001]0000010
stabSize=8

anf=a+d+ad+bcd+abe+bde+bf+abf+abg+deg+afg
[1010110 0110111 0010000 1011000 0000100 0010110 0000101]0000010
[1000000 0110101 0010000 1011000 0000100 0010110 0000001]0000000
[1000110 0110010 0010000 0011010 0000100 0000010 0010101]0000110
[1010110 0110110 0010000 0011110 0000100 0000010 0000101]0010010
stabSize=64

anf=1+a+d+ad+bcd+abe+bde+bf+abf+abg+deg+afg
[1010110 0110111 0010000 1011000 0000100 0010110 0000101]0000010
[1000000 0110101 0010000 1011000 0000100 0010110 0000001]0000000
[1000110 0110010 0010000 0011010 0000100 0000010 0010101]0000110
[1010110 0110110 0010000 0011110 0000100 0000010 0000101]0010010
stabSize=64

anf=c+ad+bcd+abe+bde+bf+abf+abg+deg+afg
[1000100 0110110 0010000 0001010 0000100 0000010 0000101]0000100
[1000010 0100110 0010000 0001000 0000100 0000010 0000101]0000110
stabSize=4

anf=1+c+ad+bcd+abe+bde+bf+abf+abg+deg+afg
[1000100 0110110 0010000 0001010 0000100 0000010 0000101]0000100
[1000010 0100110 0010000 0001000 0000100 0000010 0000101]0000110
stabSize=4

anf=a+ad+bcd+abe+bde+bf+abf+abg+deg+afg
[1010110 0110111 0010000 1011000 0000100 0010110 0000101]0000010
[1000000 0110101 0010000 1011000 0000100 0010110 0000001]0000000
[1000110 0110010 0010000 0011010 0000100 0000010 0010101]0000110
[1010110 0110110 0010000 0011110 0000100 0000010 0000101]0010010
stabSize=64

anf=1+a+ad+bcd+abe+bde+bf+abf+abg+deg+afg
[1010110 0110111 0010000 1011000 0000100 0010110 0000101]0000010
[1000000 0110101 0010000 1011000 0000100 0010110 0000001]0000000
[1000110 0110010 0010000 0011010 0000100 0000010 0010101]0000110
[1010110 0110110 0010000 0011110 0000100 0000010 0000101]0010010
stabSize=64

anf=ad+bcd+abe+bde+bf+abf+abg+deg+afg
[1010010 0110010 0010000 0011100 0000100 0000010 0010101]0010010
[1010100 0110000 0010000 0011110 0000100 0000010 0000001]0010100
[1010110 0100110 0010000 0011110 0000100 0000010 0000101]0000010
[1000110 0110010 0010000 0011010 0000100 0000010 0010101]0000110
[1010110 0110110 0010000 0011110 0000100 0000010 0000101]0010010
stabSize=32

anf=1+ad+bcd+abe+bde+bf+abf+abg+deg+afg
[1010010 0110010 0010000 0011100 0000100 0000010 0010101]0010010
[1010100 0110000 0010000 0011110 0000100 0000010 0000001]0010100
[1010110 0100110 0010000 0011110 0000100 0000010 0000101]0000010
[1000110 0110010 0010000 0011010 0000100 0000010 0010101]0000110
[1010110 0110110 0010000 0011110 0000100 0000010 0000101]0010010
stabSize=32

anf=a+c+ac+bc+bcd+abe+bde+f+bf+abf+g+abg+deg+afg
[1000010 0110000 0010000 0001000 0000100 0000010 0000001]0010010
[1000010 0100000 0010000 0001000 0000100 0000010 0010111]0010110
[1010010 0100000 0010000 0001100 0000100 0000010 0010111]0010010
stabSize=8

anf=1+a+c+ac+bc+bcd+abe+bde+f+bf+abf+g+abg+deg+afg
[1000010 0110000 0010000 0001000 0000100 0000010 0000001]0010010
[1000010 0100000 0010000 0001000 0000100 0000010 0010111]0010110
[1010010 0100000 0010000 0001100 0000100 0000010 0010111]0010010
stabSize=8

anf=c+ac+bc+bcd+abe+bde+f+bf+abf+g+abg+deg+afg
[1000010 0110000 0010000 0001000 0000100 0000010 0000001]0010010
[1000010 0100000 0010000 0001000 0000100 0000010 0010111]0010110
[1010010 0100000 0010000 0001100 0000100 0000010 0010111]0010010
stabSize=8

anf=1+c+ac+bc+bcd+abe+bde+f+bf+abf+g+abg+deg+afg
[1000010 0110000 0010000 0001000 0000100 0000010 0000001]0010010
[1000010 0100000 0010000 0001000 0000100 0000010 0010111]0010110
[1010010 0100000 0010000 0001100 0000100 0000010 0010111]0010010
stabSize=8

anf=ac+bc+d+bcd+abe+bde+bf+abf+g+abg+deg+afg
[1000010 0100110 0010000 0001000 0000100 0000010 0000101]0000110
[1010110 0100000 0010000 0001110 0000100 0000010 0000001]0010110
[1010010 0100000 0010000 0001100 0000100 0000010 0010111]0010010
stabSize=8

anf=1+ac+bc+d+bcd+abe+bde+bf+abf+g+abg+deg+afg
[1000010 0100110 0010000 0001000 0000100 0000010 0000101]0000110
[1010110 0100000 0010000 0001110 0000100 0000010 0000001]0010110
[1010010 0100000 0010000 0001100 0000100 0000010 0010111]0010010
stabSize=8

anf=ac+bc+bcd+abe+bde+bf+abf+g+abg+deg+afg
[1000010 0100110 0010000 0001000 0000100 0000010 0000101]0000110
[1010110 0100000 0010000 0001110 0000100 0000010 0000001]0010110
[1010010 0100000 0010000 0001100 0000100 0000010 0010111]0010010
stabSize=8

anf=1+ac+bc+bcd+abe+bde+bf+abf+g+abg+deg+afg
[1000010 0100110 0010000 0001000 0000100 0000010 0000101]0000110
[1010110 0100000 0010000 0001110 0000100 0000010 0000001]0010110
[1010010 0100000 0010000 0001100 0000100 0000010 0010111]0010010
stabSize=8

anf=b+c+ac+bc+bcd+e+abe+bde+f+bf+abf+abg+deg+afg
[1010100 0110110 0010000 0001110 0000100 0000010 0010011]0010100
[1000010 0110000 0010000 0001000 0000100 0000010 0000001]0010010
stabSize=4

anf=1+b+c+ac+bc+bcd+e+abe+bde+f+bf+abf+abg+deg+afg
[1010100 0110110 0010000 0001110 0000100 0000010 0010011]0010100
[1000010 0110000 0010000 0001000 0000100 0000010 0000001]0010010
stabSize=4

anf=c+ac+bc+bcd+e+abe+bde+f+bf+abf+abg+deg+afg
[1010100 0110110 0010000 0001110 0000100 0000010 0010011]0010100
[1000010 0110000 0010000 0001000 0000100 0000010 0000001]0010010
stabSize=4

anf=1+c+ac+bc+bcd+e+abe+bde+f+bf+abf+abg+deg+afg
[1010100 0110110 0010000 0001110 0000100 0000010 0010011]0010100
[1000010 0110000 0010000 0001000 0000100 0000010 0000001]0010010
stabSize=4

anf=a+ac+bc+bcd+e+abe+bde+f+bf+abf+abg+deg+afg
[1010110 0100000 0010000 0001110 0000100 0000010 0000001]0010110
[1000010 0100000 0010000 0001000 0000100 0000010 0010111]0010110
stabSize=4

anf=1+a+ac+bc+bcd+e+abe+bde+f+bf+abf+abg+deg+afg
[1010110 0100000 0010000 0001110 0000100 0000010 0000001]0010110
[1000010 0100000 0010000 0001000 0000100 0000010 0010111]0010110
stabSize=4

anf=ac+bc+bcd+e+abe+bde+f+bf+abf+abg+deg+afg
[1010110 0100000 0010000 0001110 0000100 0000010 0000001]0010110
[1000010 0100000 0010000 0001000 0000100 0000010 0010111]0010110
stabSize=4

anf=1+ac+bc+bcd+e+abe+bde+f+bf+abf+abg+deg+afg
[1010110 0100000 0010000 0001110 0000100 0000010 0000001]0010110
[1000010 0100000 0010000 0001000 0000100 0000010 0010111]0010110
stabSize=4

anf=a+c+ac+bc+bcd+abe+bde+f+bf+abf+abg+deg+afg
[1000010 0110000 0010000 0001000 0000100 0000010 0000001]0010010
[1000010 0100000 0010000 0001000 0000100 0000010 0010111]0010110
[1010010 0100000 0010000 0001100 0000100 0000010 0010111]0010010
stabSize=8

anf=1+a+c+ac+bc+bcd+abe+bde+f+bf+abf+abg+deg+afg
[1000010 0110000 0010000 0001000 0000100 0000010 0000001]0010010
[1000010 0100000 0010000 0001000 0000100 0000010 0010111]0010110
[1010010 0100000 0010000 0001100 0000100 0000010 0010111]0010010
stabSize=8

anf=c+ac+bc+bcd+abe+bde+f+bf+abf+abg+deg+afg
[1000010 0110000 0010000 0001000 0000100 0000010 0000001]0010010
[1000010 0100000 0010000 0001000 0000100 0000010 0010111]0010110
[1010010 0100000 0010000 0001100 0000100 0000010 0010111]0010010
stabSize=8

anf=1+c+ac+bc+bcd+abe+bde+f+bf+abf+abg+deg+afg
[1000010 0110000 0010000 0001000 0000100 0000010 0000001]0010010
[1000010 0100000 0010000 0001000 0000100 0000010 0010111]0010110
[1010010 0100000 0010000 0001100 0000100 0000010 0010111]0010010
stabSize=8

anf=ac+bc+bcd+abe+bde+f+bf+abf+abg+deg+afg
[1010000 0110110 0010000 0001100 0000100 0000010 0000101]0010000
stabSize=2

anf=1+ac+bc+bcd+abe+bde+f+bf+abf+abg+deg+afg
[1010000 0110110 0010000 0001100 0000100 0000010 0000101]0010000
stabSize=2

anf=b+c+ac+bc+bcd+e+abe+bde+bf+abf+abg+deg+afg
[1000110 0110000 0010000 0001010 0000100 0000010 0010111]0010110
stabSize=2

anf=c+ac+bc+bcd+e+abe+bde+bf+abf+abg+deg+afg
[1000110 0110000 0010000 0001010 0000100 0000010 0010111]0010110
stabSize=2

anf=a+ac+bc+bcd+e+abe+bde+bf+abf+abg+deg+afg
[1000110 0100000 0010000 0001010 0000100 0000010 0000001]0010010
[1000010 0110110 0010000 0001000 0000100 0000010 0010011]0000010
stabSize=4

anf=1+a+ac+bc+bcd+e+abe+bde+bf+abf+abg+deg+afg
[1000110 0100000 0010000 0001010 0000100 0000010 0000001]0010010
[1000010 0110110 0010000 0001000 0000100 0000010 0010011]0000010
stabSize=4

anf=ac+bc+bcd+e+abe+bde+bf+abf+abg+deg+afg
[1000110 0100000 0010000 0001010 0000100 0000010 0000001]0010010
[1000010 0110110 0010000 0001000 0000100 0000010 0010011]0000010
stabSize=4

anf=1+ac+bc+bcd+e+abe+bde+bf+abf+abg+deg+afg
[1000110 0100000 0010000 0001010 0000100 0000010 0000001]0010010
[1000010 0110110 0010000 0001000 0000100 0000010 0010011]0000010
stabSize=4

anf=b+c+ac+bc+d+bcd+abe+bde+bf+abf+abg+deg+afg
[1000110 0110110 0010000 0001010 0000100 0000010 0000101]0000110
[1010100 0110000 0010000 0001110 0000100 0000010 0000001]0000100
[1010000 0100000 0010000 0001100 0000100 0000010 0000001]0000100
stabSize=8

anf=1+b+c+ac+bc+d+bcd+abe+bde+bf+abf+abg+deg+afg
[1000110 0110110 0010000 0001010 0000100 0000010 0000101]0000110
[1010100 0110000 0010000 0001110 0000100 0000010 0000001]0000100
[1010000 0100000 0010000 0001100 0000100 0000010 0000001]0000100
stabSize=8

anf=c+ac+bc+d+bcd+abe+bde+bf+abf+abg+deg+afg
[1000110 0110110 0010000 0001010 0000100 0000010 0000101]0000110
[1010100 0110000 0010000 0001110 0000100 0000010 0000001]0000100
[1010000 0100000 0010000 0001100 0000100 0000010 0000001]0000100
stabSize=8

anf=1+c+ac+bc+d+bcd+abe+bde+bf+abf+abg+deg+afg
[1000110 0110110 0010000 0001010 0000100 0000010 0000101]0000110
[1010100 0110000 0010000 0001110 0000100 0000010 0000001]0000100
[1010000 0100000 0010000 0001100 0000100 0000010 0000001]0000100
stabSize=8

anf=ac+bc+d+bcd+abe+bde+bf+abf+abg+deg+afg
[1000010 0100110 0010000 0001000 0000100 0000010 0000101]0000110
[1010110 0100000 0010000 0001110 0000100 0000010 0000001]0010110
[1010010 0100000 0010000 0001100 0000100 0000010 0010111]0010010
stabSize=8

anf=1+ac+bc+d+bcd+abe+bde+bf+abf+abg+deg+afg
[1000010 0100110 0010000 0001000 0000100 0000010 0000101]0000110
[1010110 0100000 0010000 0001110 0000100 0000010 0000001]0010110
[1010010 0100000 0010000 0001100 0000100 0000010 0010111]0010010
stabSize=8

anf=b+c+ac+bc+bcd+abe+bde+bf+abf+abg+deg+afg
[1000110 0110110 0010000 0001010 0000100 0000010 0000101]0000110
[1010100 0110000 0010000 0001110 0000100 0000010 0000001]0000100
[1010000 0100000 0010000 0001100 0000100 0000010 0000001]0000100
stabSize=8

anf=1+b+c+ac+bc+bcd+abe+bde+bf+abf+abg+deg+afg
[1000110 0110110 0010000 0001010 0000100 0000010 0000101]0000110
[1010100 0110000 0010000 0001110 0000100 0000010 0000001]0000100
[1010000 0100000 0010000 0001100 0000100 0000010 0000001]0000100
stabSize=8

anf=c+ac+bc+bcd+abe+bde+bf+abf+abg+deg+afg
[1000110 0110110 0010000 0001010 0000100 0000010 0000101]0000110
[1010100 0110000 0010000 0001110 0000100 0000010 0000001]0000100
[1010000 0100000 0010000 0001100 0000100 0000010 0000001]0000100
stabSize=8

anf=1+c+ac+bc+bcd+abe+bde+bf+abf+abg+deg+afg
[1000110 0110110 0010000 0001010 0000100 0000010 0000101]0000110
[1010100 0110000 0010000 0001110 0000100 0000010 0000001]0000100
[1010000 0100000 0010000 0001100 0000100 0000010 0000001]0000100
stabSize=8

anf=ac+bc+bcd+abe+bde+bf+abf+abg+deg+afg
[1000010 0100110 0010000 0001000 0000100 0000010 0000101]0000110
[1010110 0100000 0010000 0001110 0000100 0000010 0000001]0010110
[1010010 0100000 0010000 0001100 0000100 0000010 0010111]0010010
stabSize=8

anf=1+ac+bc+bcd+abe+bde+bf+abf+abg+deg+afg
[1000010 0100110 0010000 0001000 0000100 0000010 0000101]0000110
[1010110 0100000 0010000 0001110 0000100 0000010 0000001]0010110
[1010010 0100000 0010000 0001100 0000100 0000010 0010111]0010010
stabSize=8

anf=ac+d+bcd+abe+bde+bf+abf+g+abg+deg+afg
[0100101 1011000 0000010 0010101 0000100 0010000 0001000]0000110
[1000110 0110110 0010000 0001010 0000100 0000010 0000101]0000110
[1010001 0100111 0010000 1111110 0000100 0010110 0000101]0000000
stabSize=96

anf=1+ac+d+bcd+abe+bde+bf+abf+g+abg+deg+afg
[0100101 1011000 0000010 0010101 0000100 0010000 0001000]0000110
[1000110 0110110 0010000 0001010 0000100 0000010 0000101]0000110
[1010001 0100111 0010000 1111110 0000100 0010110 0000101]0000000
stabSize=96

anf=a+b+c+ac+bcd+e+abe+bde+f+bf+abf+abg+deg+afg
[0100101 1011000 0000010 0010101 0000100 0010000 0001000]0000110
[1010111 0100101 0010000 1111010 0000100 0010110 0000001]0000110
[1010101 0110011 0010000 1101000 0000100 0010110 0010101]0000110
stabSize=48

anf=1+a+b+c+ac+bcd+e+abe+bde+f+bf+abf+abg+deg+afg
[0100101 1011000 0000010 0010101 0000100 0010000 0001000]0000110
[1010111 0100101 0010000 1111010 0000100 0010110 0000001]0000110
[1010101 0110011 0010000 1101000 0000100 0010110 0010101]0000110
stabSize=48

anf=a+c+ac+bcd+e+abe+bde+f+bf+abf+abg+deg+afg
[1010100 0100000 0010000 0001110 0000100 0000010 0000001]0010100
[0101001 1000000 0000010 1101100 0000100 0010110 0001110]0010100
stabSize=24

anf=1+a+c+ac+bcd+e+abe+bde+f+bf+abf+abg+deg+afg
[1010100 0100000 0010000 0001110 0000100 0000010 0000001]0010100
[0101001 1000000 0000010 1101100 0000100 0010110 0001110]0010100
stabSize=24

anf=c+ac+bcd+e+abe+bde+f+bf+abf+abg+deg+afg
[0100101 1011000 0000010 0010101 0000100 0010000 0001000]0000110
[1010111 0100101 0010000 1111010 0000100 0010110 0000001]0000110
[1010101 0110011 0010000 1101000 0000100 0010110 0010101]0000110
stabSize=48

anf=1+c+ac+bcd+e+abe+bde+f+bf+abf+abg+deg+afg
[0100101 1011000 0000010 0010101 0000100 0010000 0001000]0000110
[1010111 0100101 0010000 1111010 0000100 0010110 0000001]0000110
[1010101 0110011 0010000 1101000 0000100 0010110 0010101]0000110
stabSize=48

anf=ac+bcd+e+abe+bde+bf+abf+abg+deg+afg
[1000100 0110100 0010000 0001010 0000100 0000010 0010001]0010010
[0110111 1011100 0000010 0010001 0000100 0010000 0001010]0000000
stabSize=4

anf=1+ac+bcd+e+abe+bde+bf+abf+abg+deg+afg
[1000100 0110100 0010000 0001010 0000100 0000010 0010001]0010010
[0110111 1011100 0000010 0010001 0000100 0010000 0001010]0000000
stabSize=4

anf=c+ac+d+bcd+abe+bde+bf+abf+abg+deg+afg
[1010100 0110110 0010000 0001110 0000100 0000010 0000101]0000000
[1000010 0100110 0010000 0001000 0000100 0000010 0000101]0000110
stabSize=4

anf=ac+d+bcd+abe+bde+bf+abf+abg+deg+afg
[1010010 0100100 0010000 0001100 0000100 0000010 0010001]0010100
[1000110 0110110 0010000 0001010 0000100 0000010 0000101]0000110
[1010000 0110000 0010000 0001100 0000100 0000010 0000001]0010100
[1010101 0110011 0010000 1101000 0000100 0010110 0010101]0000110
stabSize=32

anf=1+ac+d+bcd+abe+bde+bf+abf+abg+deg+afg
[1010010 0100100 0010000 0001100 0000100 0000010 0010001]0010100
[1000110 0110110 0010000 0001010 0000100 0000010 0000101]0000110
[1010000 0110000 0010000 0001100 0000100 0000010 0000001]0010100
[1010101 0110011 0010000 1101000 0000100 0010110 0010101]0000110
stabSize=32

anf=c+ac+bcd+abe+bde+bf+abf+abg+deg+afg
[1010100 0110110 0010000 0001110 0000100 0000010 0000101]0000000
[1001000 1000001 0010110 0001000 0000100 0000010 1101000]0000000
[1000010 0100110 0010000 0001000 0000100 0000010 0000101]0000110
stabSize=8

anf=1+c+ac+bcd+abe+bde+bf+abf+abg+deg+afg
[1010100 0110110 0010000 0001110 0000100 0000010 0000101]0000000
[1001000 1000001 0010110 0001000 0000100 0000010 1101000]0000000
[1000010 0100110 0010000 0001000 0000100 0000010 0000101]0000110
stabSize=8

anf=a+ac+bcd+abe+bde+bf+abf+abg+deg+afg
[0100101 1011000 0000010 0010101 0000100 0010000 0001000]0000110
[1000110 0110110 0010000 0001010 0000100 0000010 0000101]0000110
[1010000 0110000 0010000 0001100 0000100 0000010 0000001]0010100
stabSize=32

anf=1+a+ac+bcd+abe+bde+bf+abf+abg+deg+afg
[0100101 1011000 0000010 0010101 0000100 0010000 0001000]0000110
[1000110 0110110 0010000 0001010 0000100 0000010 0000101]0000110
[1010000 0110000 0010000 0001100 0000100 0000010 0000001]0010100
stabSize=32

anf=ac+bcd+abe+bde+bf+abf+abg+deg+afg
[0101011 1000110 0000010 1101000 0000100 0010110 0001100]0000110
[1000110 0110110 0010000 0001010 0000100 0000010 0000101]0000110
[1010000 0110000 0010000 0001100 0000100 0000010 0000001]0010100
[1010101 0110011 0010000 1101000 0000100 0010110 0010101]0000110
stabSize=96

anf=1+ac+bcd+abe+bde+bf+abf+abg+deg+afg
[0101011 1000110 0000010 1101000 0000100 0010110 0001100]0000110
[1000110 0110110 0010000 0001010 0000100 0000010 0000101]0000110
[1010000 0110000 0010000 0001100 0000100 0000010 0000001]0010100
[1010101 0110011 0010000 1101000 0000100 0010110 0010101]0000110
stabSize=96

anf=b+c+ac+bc+d+cd+bcd+e+be+abe+de+bde+abf+g+abg+deg+afg
[1010010 0110000 0010000 0011100 0000100 0000010 0010111]0000010
[1101100 0000011 0010110 0101001 0000100 0000010 0100010]0001001
[1010010 0110010 0010000 0011100 0000100 0000010 0010101]0000000
[1010110 0100000 0010000 0001110 0000100 0000010 0000001]0010110
stabSize=32

anf=b+c+ac+bc+cd+bcd+e+be+abe+de+bde+abf+g+abg+deg+afg
[1010010 0110000 0010000 0011100 0000100 0000010 0010111]0000010
[1011100 0000011 0010110 0011010 0000100 0000010 0100010]0111001
[1010010 0110010 0010000 0011100 0000100 0000010 0010101]0000000
[1010110 0100000 0010000 0001110 0000100 0000010 0000001]0010110
stabSize=32

anf=ac+bc+cd+bcd+e+be+abe+de+bde+f+abf+abg+deg+afg
[1000001 0100000 0010000 0111011 0000100 0000010 0000001]0000001
stabSize=2

anf=ac+bc+d+cd+bcd+be+abe+de+bde+f+abf+abg+deg+afg
[1000001 0100000 0010000 0111011 0000100 0000010 0000001]0000001
[1111000 0010101 0010110 0111011 0000100 0000010 0110010]0001011
[1101110 0010101 0010110 0101001 0000100 0000010 0110010]0011001
[1010010 0110010 0010000 0011100 0000100 0000010 0010101]0000000
stabSize=32

anf=1+ac+bc+d+cd+bcd+be+abe+de+bde+f+abf+abg+deg+afg
[1000001 0100000 0010000 0111011 0000100 0000010 0000001]0000001
[1111000 0010101 0010110 0111011 0000100 0000010 0110010]0001011
[1101110 0010101 0010110 0101001 0000100 0000010 0110010]0011001
[1010010 0110010 0010000 0011100 0000100 0000010 0010101]0000000
stabSize=32

anf=b+c+ac+bc+cd+bcd+be+abe+de+bde+f+abf+abg+deg+afg
[1101000 0000011 0010110 0111101 0000100 0000010 0100010]0001001
[1000001 0100000 0010000 0111011 0000100 0000010 0000001]0000001
[1001000 0010101 0010110 0001000 0000100 0000010 0110010]0111011
stabSize=16

anf=1+b+c+ac+bc+cd+bcd+be+abe+de+bde+f+abf+abg+deg+afg
[1101000 0000011 0010110 0111101 0000100 0000010 0100010]0001001
[1000001 0100000 0010000 0111011 0000100 0000010 0000001]0000001
[1001000 0010101 0010110 0001000 0000100 0000010 0110010]0111011
stabSize=16

anf=c+ac+bc+cd+bcd+be+abe+de+bde+f+abf+abg+deg+afg
[1000111 0110000 0010000 0101001 0000100 0000010 0010111]0010111
[1010011 0100000 0010000 0101111 0000100 0000010 0000001]0010111
[1001000 0010111 0010110 0001000 0000100 0000010 0110000]0111001
stabSize=16

anf=1+c+ac+bc+cd+bcd+be+abe+de+bde+f+abf+abg+deg+afg
[1000111 0110000 0010000 0101001 0000100 0000010 0010111]0010111
[1010011 0100000 0010000 0101111 0000100 0000010 0000001]0010111
[1001000 0010111 0010110 0001000 0000100 0000010 0110000]0111001
stabSize=16

anf=b+ac+bc+cd+bcd+be+abe+de+bde+f+abf+abg+deg+afg
[1000100 0100000 0010000 0011010 0000100 0000010 0000001]0000000
[1011100 0000011 0010110 0011010 0000100 0000010 0100010]0111001
[1010010 0110010 0010000 0011100 0000100 0000010 0010101]0000000
stabSize=16

anf=1+b+ac+bc+cd+bcd+be+abe+de+bde+f+abf+abg+deg+afg
[1000100 0100000 0010000 0011010 0000100 0000010 0000001]0000000
[1011100 0000011 0010110 0011010 0000100 0000010 0100010]0111001
[1010010 0110010 0010000 0011100 0000100 0000010 0010101]0000000
stabSize=16

anf=ac+bc+cd+bcd+be+abe+de+bde+f+abf+abg+deg+afg
[1000001 0100000 0010000 0111011 0000100 0000010 0000001]0000001
[1000100 0100000 0010000 0011010 0000100 0000010 0000001]0000000
[1001000 0010101 0010110 0001000 0000100 0000010 0110010]0111011
[1010010 0110010 0010000 0011100 0000100 0000010 0010101]0000000
stabSize=32

anf=1+ac+bc+cd+bcd+be+abe+de+bde+f+abf+abg+deg+afg
[1000001 0100000 0010000 0111011 0000100 0000010 0000001]0000001
[1000100 0100000 0010000 0011010 0000100 0000010 0000001]0000000
[1001000 0010101 0010110 0001000 0000100 0000010 0110010]0111011
[1010010 0110010 0010000 0011100 0000100 0000010 0010101]0000000
stabSize=32

anf=c+ac+bc+d+cd+bcd+e+be+abe+de+bde+abf+abg+deg+afg
[1010010 0110000 0010000 0011100 0000100 0000010 0010111]0000010
[1010111 0100000 0010000 0111101 0000100 0000010 0000001]0010111
[1010010 0110010 0010000 0011100 0000100 0000010 0010101]0000000
stabSize=32

anf=b+c+ac+bc+cd+bcd+e+be+abe+de+bde+abf+abg+deg+afg
[1010110 0100000 0010000 0001110 0000100 0000010 0000001]0010110
[1000010 0100000 0010000 0001000 0000100 0000010 0000001]0000010
[1010010 0110000 0010000 0011100 0000100 0000010 0010111]0000010
[1010010 0110010 0010000 0011100 0000100 0000010 0010101]0000000
stabSize=16

anf=1+b+c+ac+bc+cd+bcd+e+be+abe+de+bde+abf+abg+deg+afg
[1010110 0100000 0010000 0001110 0000100 0000010 0000001]0010110
[1000010 0100000 0010000 0001000 0000100 0000010 0000001]0000010
[1010010 0110000 0010000 0011100 0000100 0000010 0010111]0000010
[1010010 0110010 0010000 0011100 0000100 0000010 0010101]0000000
stabSize=16

anf=c+ac+bc+cd+bcd+e+be+abe+de+bde+abf+abg+deg+afg
[1010010 0110000 0010000 0011100 0000100 0000010 0010111]0000010
[1010111 0100000 0010000 0111101 0000100 0000010 0000001]0010111
[1011100 0000011 0010110 0011010 0000100 0000010 0100010]0111001
[1010010 0110010 0010000 0011100 0000100 0000010 0010101]0000000
stabSize=64

anf=1+c+ac+bc+cd+bcd+e+be+abe+de+bde+abf+abg+deg+afg
[1010010 0110000 0010000 0011100 0000100 0000010 0010111]0000010
[1010111 0100000 0010000 0111101 0000100 0000010 0000001]0010111
[1011100 0000011 0010110 0011010 0000100 0000010 0100010]0111001
[1010010 0110010 0010000 0011100 0000100 0000010 0010101]0000000
stabSize=64

anf=b+ac+bc+cd+bcd+e+be+abe+de+bde+abf+abg+deg+afg
[1000001 0100000 0010000 0111011 0000100 0000010 0000001]0000001
[1000010 0100000 0010000 0001000 0000100 0000010 0000001]0000010
[1000000 0100010 0010000 0001000 0000100 0000010 0000011]0000010
[1001000 0010111 0010110 0001000 0000100 0000010 0110000]0111001
stabSize=16

anf=1+b+ac+bc+cd+bcd+e+be+abe+de+bde+abf+abg+deg+afg
[1000001 0100000 0010000 0111011 0000100 0000010 0000001]0000001
[1000010 0100000 0010000 0001000 0000100 0000010 0000001]0000010
[1000000 0100010 0010000 0001000 0000100 0000010 0000011]0000010
[1001000 0010111 0010110 0001000 0000100 0000010 0110000]0111001
stabSize=16

anf=ac+bc+cd+bcd+e+be+abe+de+bde+abf+abg+deg+afg
[1000000 0100010 0010000 0001000 0000100 0000010 0000011]0000010
[1101100 0000011 0010110 0101001 0000100 0000010 0100010]0001001
stabSize=8

anf=b+c+ac+bc+cd+bcd+be+abe+de+bde+abf+abg+deg+afg
[1000010 0100000 0010000 0001000 0000100 0000010 0000001]0000010
[1000100 0100000 0010000 0011010 0000100 0000010 0000001]0000000
[1000000 0100010 0010000 0001000 0000100 0000010 0000011]0000010
stabSize=8

anf=1+b+c+ac+bc+cd+bcd+be+abe+de+bde+abf+abg+deg+afg
[1000010 0100000 0010000 0001000 0000100 0000010 0000001]0000010
[1000100 0100000 0010000 0011010 0000100 0000010 0000001]0000000
[1000000 0100010 0010000 0001000 0000100 0000010 0000011]0000010
stabSize=8

anf=a+ac+bc+cd+bcd+be+abe+de+bde+abf+abg+deg+afg
[1000111 0100000 0010000 0101001 0000100 0000010 0000001]0000011
[1000000 0100010 0010000 0001000 0000100 0000010 0000011]0000010
[1010111 0100000 0010000 0111101 0000100 0000010 0000001]0010111
stabSize=16

anf=1+a+ac+bc+cd+bcd+be+abe+de+bde+abf+abg+deg+afg
[1000111 0100000 0010000 0101001 0000100 0000010 0000001]0000011
[1000000 0100010 0010000 0001000 0000100 0000010 0000011]0000010
[1010111 0100000 0010000 0111101 0000100 0000010 0000001]0010111
stabSize=16

anf=ac+bc+cd+bcd+be+abe+de+bde+abf+abg+deg+afg
[1000111 0100000 0010000 0101001 0000100 0000010 0000001]0000011
[1000000 0100010 0010000 0001000 0000100 0000010 0000011]0000010
[1010111 0100000 0010000 0111101 0000100 0000010 0000001]0010111
stabSize=16

anf=1+ac+bc+cd+bcd+be+abe+de+bde+abf+abg+deg+afg
[1000111 0100000 0010000 0101001 0000100 0000010 0000001]0000011
[1000000 0100010 0010000 0001000 0000100 0000010 0000011]0000010
[1010111 0100000 0010000 0111101 0000100 0000010 0000001]0010111
stabSize=16

anf=ab+bc+cd+bcd+be+abe+de+bde+f+abf+abg+deg+afg
[1011010 0111011 0010110 1010100 0000100 0010000 1101000]1110011
[1010101 0001110 0010000 1101000 0000100 0010110 1000000]1010100
stabSize=144

anf=1+ab+bc+cd+bcd+be+abe+de+bde+f+abf+abg+deg+afg
[1011010 0111011 0010110 1010100 0000100 0010000 1101000]1110011
[1010101 0001110 0010000 1101000 0000100 0010110 1000000]1010100
stabSize=144

anf=a+b+ab+c+bc+cd+bcd+e+be+abe+de+bde+abf+abg+deg+afg
[1000010 0100000 0010000 0001000 0000100 0000010 0000001]0000010
[1000000 0100000 0010000 0011000 0000100 0000010 0000001]0000000
[1011000 1000011 0010110 0001110 0000100 0000010 1111010]1100011
[1010101 0110101 0010000 1111000 0000100 0010110 0000001]0010101
stabSize=384

anf=1+a+b+ab+c+bc+cd+bcd+e+be+abe+de+bde+abf+abg+deg+afg
[1000010 0100000 0010000 0001000 0000100 0000010 0000001]0000010
[1000000 0100000 0010000 0011000 0000100 0000010 0000001]0000000
[1011000 1000011 0010110 0001110 0000100 0000010 1111010]1100011
[1010101 0110101 0010000 1111000 0000100 0010110 0000001]0010101
stabSize=384

anf=a+ab+c+bc+cd+bcd+e+be+abe+de+bde+abf+abg+deg+afg
[1010101 0100000 0010000 0101101 0000100 0000010 0000001]0010101
[1011000 0010101 0010110 0011000 0000100 0000010 0100010]0111011
[1010101 0110000 0010000 0111101 0000100 0000010 0000001]0010101
[1101000 0000001 0010110 0111101 0000100 0000010 0100000]0001001
stabSize=256

anf=1+a+ab+c+bc+cd+bcd+e+be+abe+de+bde+abf+abg+deg+afg
[1010101 0100000 0010000 0101101 0000100 0000010 0000001]0010101
[1011000 0010101 0010110 0011000 0000100 0000010 0100010]0111011
[1010101 0110000 0010000 0111101 0000100 0000010 0000001]0010101
[1101000 0000001 0010110 0111101 0000100 0000010 0100000]0001001
stabSize=256

anf=ab+c+bc+cd+bcd+e+be+abe+de+bde+abf+abg+deg+afg
[1010101 0110101 0010000 1111000 0000100 0010110 0000001]0010101
[0101011 1001010 0000010 1000001 0000100 0010000 0011000]1110010
stabSize=2304

anf=1+ab+c+bc+cd+bcd+e+be+abe+de+bde+abf+abg+deg+afg
[1010101 0110101 0010000 1111000 0000100 0010110 0000001]0010101
[0101011 1001010 0000010 1000001 0000100 0010000 0011000]1110010
stabSize=2304

anf=ab+bc+cd+bcd+e+be+abe+de+bde+abf+abg+deg+afg
[0100010 1000010 0010110 0100011 0000100 0000010 1001000]0101011
[0100000 1000001 0010110 0100011 0000100 0000010 1101000]0001001
stabSize=48

anf=1+ab+bc+cd+bcd+e+be+abe+de+bde+abf+abg+deg+afg
[0100010 1000010 0010110 0100011 0000100 0000010 1001000]0101011
[0100000 1000001 0010110 0100011 0000100 0000010 1101000]0001001
stabSize=48

anf=a+ab+bc+cd+bcd+be+abe+de+bde+abf+abg+deg+afg
[1000000 0110101 0010000 1011000 0000100 0010110 0000001]0000000
[1010110 0100000 0010000 0011110 0000100 0000010 0000001]0010110
[1010110 0100000 0010000 0011110 0000100 0000010 0010111]0000000
[1010101 0110101 0010000 1111000 0000100 0010110 0000001]0010101
stabSize=64

anf=1+a+ab+bc+cd+bcd+be+abe+de+bde+abf+abg+deg+afg
[1000000 0110101 0010000 1011000 0000100 0010110 0000001]0000000
[1010110 0100000 0010000 0011110 0000100 0000010 0000001]0010110
[1010110 0100000 0010000 0011110 0000100 0000010 0010111]0000000
[1010101 0110101 0010000 1111000 0000100 0010110 0000001]0010101
stabSize=64

anf=ab+bc+cd+bcd+be+abe+de+bde+abf+abg+deg+afg
[1010101 0110101 0010000 1101000 0000100 0010110 0000001]0010101
[1000001 1001000 0010000 0101011 0000100 0000010 1000010]1000010
[0000001 0101011 0010000 0100010 0000100 0010110 1010101]0010101
stabSize=192

anf=1+ab+bc+cd+bcd+be+abe+de+bde+abf+abg+deg+afg
[1010101 0110101 0010000 1101000 0000100 0010110 0000001]0010101
[1000001 1001000 0010000 0101011 0000100 0000010 1000010]1000010
[0000001 0101011 0010000 0100010 0000100 0010110 1010101]0010101
stabSize=192

anf=a+b+c+bc+d+cd+bcd+e+be+abe+de+bde+abf+g+abg+deg+afg
[0110101 1001010 0000010 0010101 0000100 0010000 0011000]1101100
[1010110 0100010 0010000 0011110 0000100 0000010 0010101]0000010
[1010100 0110000 0010000 0011110 0000100 0000010 0000001]0010100
[1101110 0010101 0010110 0111111 0000100 0000010 0100010]0001011
[1010011 0110011 0010000 1111100 0000100 0010110 0010101]0010011
stabSize=1152

anf=bc+cd+bcd+be+abe+de+bde+f+abf+abg+deg+afg
[1010001 0100011 0010000 1101110 0000100 0010110 0010101]0010001
[0001000 1000101 0000010 1001010 0000100 0010110 0101111]1100100
stabSize=144

anf=1+bc+cd+bcd+be+abe+de+bde+f+abf+abg+deg+afg
[1010001 0100011 0010000 1101110 0000100 0010110 0010101]0010001
[0001000 1000101 0000010 1001010 0000100 0010110 0101111]1100100
stabSize=144

anf=b+c+bc+cd+bcd+e+be+abe+de+bde+abf+abg+deg+afg
[1000000 0110000 0010000 0001000 0000100 0000010 0000001]0000000
[0110101 1001010 0000010 0010101 0000100 0010000 0011000]1101100
[1010110 0100010 0010000 0011110 0000100 0000010 0010101]0000010
[1010100 0110000 0010000 0011110 0000100 0000010 0000001]0010100
stabSize=128

anf=c+bc+cd+bcd+e+be+abe+de+bde+abf+abg+deg+afg
[0000011 0001000 0010000 0110000 0000100 0010110 1010110]0000000
[0001000 1111110 0000010 1000000 0000100 0010000 0101001]1100000
[1010110 0110000 0010000 0011110 0000100 0000010 0000001]0010110
[1000000 0100000 0010000 0011000 0000100 0000010 0000001]0000000
stabSize=384

anf=1+c+bc+cd+bcd+e+be+abe+de+bde+abf+abg+deg+afg
[0000011 0001000 0010000 0110000 0000100 0010110 1010110]0000000
[0001000 1111110 0000010 1000000 0000100 0010000 0101001]1100000
[1010110 0110000 0010000 0011110 0000100 0000010 0000001]0010110
[1000000 0100000 0010000 0011000 0000100 0000010 0000001]0000000
stabSize=384

anf=bc+cd+bcd+e+be+abe+de+bde+abf+abg+deg+afg
[1101110 0000001 0010110 0101001 0000100 0000010 0100000]0001001
[1010011 1011010 0010000 0101111 0000100 0000010 1000000]1010010
[1000010 0100000 0010000 0001000 0000100 0000010 0000001]0000010
stabSize=24

anf=a+bc+cd+bcd+be+abe+de+bde+abf+abg+deg+afg
[1010011 0110011 0010000 1101100 0000100 0010110 0010101]0010011
[1010011 0100010 0010000 0111111 0000100 0000010 0000011]0010101
[1010110 0100010 0010000 0011110 0000100 0000010 0000011]0010100
stabSize=64

anf=1+a+bc+cd+bcd+be+abe+de+bde+abf+abg+deg+afg
[1010011 0110011 0010000 1101100 0000100 0010110 0010101]0010011
[1010011 0100010 0010000 0111111 0000100 0000010 0000011]0010101
[1010110 0100010 0010000 0011110 0000100 0000010 0000011]0010100
stabSize=64

anf=bc+cd+bcd+be+abe+de+bde+abf+abg+deg+afg
[1010011 0110011 0010000 1111100 0000100 0010110 0010101]0010011
[1000101 0011110 0010000 1111100 0000100 0010110 1000010]1010110
stabSize=192

anf=1+bc+cd+bcd+be+abe+de+bde+abf+abg+deg+afg
[1010011 0110011 0010000 1111100 0000100 0010110 0010101]0010011
[1000101 0011110 0010000 1111100 0000100 0010110 1000010]1010110
stabSize=192

anf=b+ac+bcd+e+be+abe+de+bde+abf+g+abg+deg+afg
[0110110 1010110 0010110 0100111 0000100 0000010 1001010]0101001
[1000010 0100110 0010000 0001000 0000100 0000010 0010011]0000010
[1000000 0100110 0010000 0001000 0000100 0000010 0010011]0000000
stabSize=32

anf=1+b+ac+bcd+e+be+abe+de+bde+abf+g+abg+deg+afg
[0110110 1010110 0010110 0100111 0000100 0000010 1001010]0101001
[1000010 0100110 0010000 0001000 0000100 0000010 0010011]0000010
[1000000 0100110 0010000 0001000 0000100 0000010 0010011]0000000
stabSize=32

anf=ac+bcd+e+be+abe+de+bde+abf+g+abg+deg+afg
[0100110 1000110 0010110 0110111 0000100 0000010 1011110]0111001
[1000010 0100110 0010000 0001000 0000100 0000010 0010011]0000010
[1000000 0100110 0010000 0001000 0000100 0000010 0010011]0000000
stabSize=32

anf=1+ac+bcd+e+be+abe+de+bde+abf+g+abg+deg+afg
[0100110 1000110 0010110 0110111 0000100 0000010 1011110]0111001
[1000010 0100110 0010000 0001000 0000100 0000010 0010011]0000010
[1000000 0100110 0010000 0001000 0000100 0000010 0010011]0000000
stabSize=32

anf=ac+bcd+e+be+abe+de+bde+f+abf+abg+deg+afg
stabSize=1

anf=b+c+ac+d+bcd+be+abe+de+bde+f+abf+abg+deg+afg
[0100100 1000100 0010110 0110111 0000100 0000010 1011100]0111001
[1010110 0110110 0010000 0011110 0000100 0000010 0010011]0010110
[1000000 0100110 0010000 0001000 0000100 0000010 0010011]0000000
stabSize=16

anf=1+b+c+ac+d+bcd+be+abe+de+bde+f+abf+abg+deg+afg
[0100100 1000100 0010110 0110111 0000100 0000010 1011100]0111001
[1010110 0110110 0010000 0011110 0000100 0000010 0010011]0010110
[1000000 0100110 0010000 0001000 0000100 0000010 0010011]0000000
stabSize=16

anf=b+c+ac+bcd+be+abe+de+bde+f+abf+abg+deg+afg
[1010110 0110110 0010000 0011110 0000100 0000010 0010011]0010110
[1000000 0100110 0010000 0001000 0000100 0000010 0010011]0000000
[1000110 0100000 0010000 0011010 0000100 0000010 0000001]0010010
stabSize=8

anf=1+b+c+ac+bcd+be+abe+de+bde+f+abf+abg+deg+afg
[1010110 0110110 0010000 0011110 0000100 0000010 0010011]0010110
[1000000 0100110 0010000 0001000 0000100 0000010 0010011]0000000
[1000110 0100000 0010000 0011010 0000100 0000010 0000001]0010010
stabSize=8

anf=c+ac+bcd+be+abe+de+bde+f+abf+abg+deg+afg
[0100110 1000110 0010110 0110111 0000100 0000010 1011110]0111001
[1010110 0110110 0010000 0011110 0000100 0000010 0010011]0010110
[1000000 0100110 0010000 0001000 0000100 0000010 0010011]0000000
stabSize=16

anf=1+c+ac+bcd+be+abe+de+bde+f+abf+abg+deg+afg
[0100110 1000110 0010110 0110111 0000100 0000010 1011110]0111001
[1010110 0110110 0010000 0011110 0000100 0000010 0010011]0010110
[1000000 0100110 0010000 0001000 0000100 0000010 0010011]0000000
stabSize=16

anf=ac+bcd+be+abe+de+bde+f+abf+abg+deg+afg
[0110100 1010010 0010110 0100111 0000100 0000010 1011100]0101001
[0100000 1000000 0010110 0100011 0000100 0000010 1001010]0101101
stabSize=4

anf=1+ac+bcd+be+abe+de+bde+f+abf+abg+deg+afg
[0110100 1010010 0010110 0100111 0000100 0000010 1011100]0101001
[0100000 1000000 0010110 0100011 0000100 0000010 1001010]0101101
stabSize=4

anf=a+b+c+ac+bcd+e+be+abe+de+bde+abf+abg+deg+afg
[0100000 1000000 0010110 0100011 0000100 0000010 1001010]0101101
[1010100 0110000 0010000 0011110 0000100 0000010 0000001]0010100
[1010110 0110000 0010000 0011110 0000100 0000010 0000001]0010110
stabSize=16

anf=1+a+b+c+ac+bcd+e+be+abe+de+bde+abf+abg+deg+afg
[0100000 1000000 0010110 0100011 0000100 0000010 1001010]0101101
[1010100 0110000 0010000 0011110 0000100 0000010 0000001]0010100
[1010110 0110000 0010000 0011110 0000100 0000010 0000001]0010110
stabSize=16

anf=a+c+ac+bcd+e+be+abe+de+bde+abf+abg+deg+afg
[1010110 0110010 0010000 0011110 0000100 0000010 0000011]0010100
[1010100 0110000 0010000 0011110 0000100 0000010 0000001]0010100
[1010110 0110000 0010000 0011110 0000100 0000010 0000001]0010110
stabSize=8

anf=1+a+c+ac+bcd+e+be+abe+de+bde+abf+abg+deg+afg
[1010110 0110010 0010000 0011110 0000100 0000010 0000011]0010100
[1010100 0110000 0010000 0011110 0000100 0000010 0000001]0010100
[1010110 0110000 0010000 0011110 0000100 0000010 0000001]0010110
stabSize=8

anf=c+ac+bcd+e+be+abe+de+bde+abf+abg+deg+afg
[0100110 1000110 0010110 0110111 0000100 0000010 1011110]0111001
[1010100 0110000 0010000 0011110 0000100 0000010 0000001]0010100
[1010110 0110000 0010000 0011110 0000100 0000010 0000001]0010110
stabSize=16

anf=1+c+ac+bcd+e+be+abe+de+bde+abf+abg+deg+afg
[0100110 1000110 0010110 0110111 0000100 0000010 1011110]0111001
[1010100 0110000 0010000 0011110 0000100 0000010 0000001]0010100
[1010110 0110000 0010000 0011110 0000100 0000010 0000001]0010110
stabSize=16

anf=a+b+ac+bcd+e+be+abe+de+bde+abf+abg+deg+afg
[0100110 1000110 0010110 0110111 0000100 0000010 1011110]0111001
[1000010 0100110 0010000 0001000 0000100 0000010 0010011]0000010
[1000000 0100110 0010000 0001000 0000100 0000010 0010011]0000000
stabSize=32

anf=1+a+b+ac+bcd+e+be+abe+de+bde+abf+abg+deg+afg
[0100110 1000110 0010110 0110111 0000100 0000010 1011110]0111001
[1000010 0100110 0010000 0001000 0000100 0000010 0010011]0000010
[1000000 0100110 0010000 0001000 0000100 0000010 0010011]0000000
stabSize=32

anf=b+ac+bcd+e+be+abe+de+bde+abf+abg+deg+afg
[1000110 0100010 0010000 0011010 0000100 0000010 0000011]0010000
[1000010 0100110 0010000 0001000 0000100 0000010 0010011]0000010
[1000000 0100110 0010000 0001000 0000100 0000010 0010011]0000000
[1000110 0100000 0010000 0011010 0000100 0000010 0000001]0010010
stabSize=16

anf=1+b+ac+bcd+e+be+abe+de+bde+abf+abg+deg+afg
[1000110 0100010 0010000 0011010 0000100 0000010 0000011]0010000
[1000010 0100110 0010000 0001000 0000100 0000010 0010011]0000010
[1000000 0100110 0010000 0001000 0000100 0000010 0010011]0000000
[1000110 0100000 0010000 0011010 0000100 0000010 0000001]0010010
stabSize=16

anf=a+ac+bcd+e+be+abe+de+bde+abf+abg+deg+afg
[0110110 1010110 0010110 0100111 0000100 0000010 1001010]0101001
[1000010 0100110 0010000 0001000 0000100 0000010 0010011]0000010
[1000000 0100110 0010000 0001000 0000100 0000010 0010011]0000000
stabSize=32

anf=1+a+ac+bcd+e+be+abe+de+bde+abf+abg+deg+afg
[0110110 1010110 0010110 0100111 0000100 0000010 1001010]0101001
[1000010 0100110 0010000 0001000 0000100 0000010 0010011]0000010
[1000000 0100110 0010000 0001000 0000100 0000010 0010011]0000000
stabSize=32

anf=ac+bcd+e+be+abe+de+bde+abf+abg+deg+afg
[1000110 0100010 0010000 0011010 0000100 0000010 0000011]0010000
[1000010 0100110 0010000 0001000 0000100 0000010 0010011]0000010
[1000000 0100110 0010000 0001000 0000100 0000010 0010011]0000000
[1000110 0100000 0010000 0011010 0000100 0000010 0000001]0010010
stabSize=16

anf=1+ac+bcd+e+be+abe+de+bde+abf+abg+deg+afg
[1000110 0100010 0010000 0011010 0000100 0000010 0000011]0010000
[1000010 0100110 0010000 0001000 0000100 0000010 0010011]0000010
[1000000 0100110 0010000 0001000 0000100 0000010 0010011]0000000
[1000110 0100000 0010000 0011010 0000100 0000010 0000001]0010010
stabSize=16

anf=b+c+ac+bcd+be+abe+de+bde+abf+abg+deg+afg
[1010000 0110010 0010000 0001100 0000100 0000010 0000011]0000110
[1000010 0100000 0010000 0001000 0000100 0000010 0000001]0000010
[1010010 0110000 0010000 0001100 0000100 0000010 0000001]0000110
stabSize=8

anf=1+b+c+ac+bcd+be+abe+de+bde+abf+abg+deg+afg
[1010000 0110010 0010000 0001100 0000100 0000010 0000011]0000110
[1000010 0100000 0010000 0001000 0000100 0000010 0000001]0000010
[1010010 0110000 0010000 0001100 0000100 0000010 0000001]0000110
stabSize=8

anf=a+c+ac+bcd+be+abe+de+bde+abf+abg+deg+afg
[1010000 0110010 0010000 0001100 0000100 0000010 0000011]0000110
[1000010 0100000 0010000 0001000 0000100 0000010 0000001]0000010
[1010010 0110000 0010000 0001100 0000100 0000010 0000001]0000110
stabSize=8

anf=1+a+c+ac+bcd+be+abe+de+bde+abf+abg+deg+afg
[1010000 0110010 0010000 0001100 0000100 0000010 0000011]0000110
[1000010 0100000 0010000 0001000 0000100 0000010 0000001]0000010
[1010010 0110000 0010000 0001100 0000100 0000010 0000001]0000110
stabSize=8

anf=c+ac+bcd+be+abe+de+bde+abf+abg+deg+afg
[1010000 0110010 0010000 0001100 0000100 0000010 0000011]0000110
[1000010 0100000 0010000 0001000 0000100 0000010 0000001]0000010
[1010010 0110000 0010000 0001100 0000100 0000010 0000001]0000110
stabSize=8

anf=1+c+ac+bcd+be+abe+de+bde+abf+abg+deg+afg
[1010000 0110010 0010000 0001100 0000100 0000010 0000011]0000110
[1000010 0100000 0010000 0001000 0000100 0000010 0000001]0000010
[1010010 0110000 0010000 0001100 0000100 0000010 0000001]0000110
stabSize=8

anf=ac+bcd+be+abe+de+bde+abf+abg+deg+afg
[1010110 0110100 0010000 0011110 0000100 0000010 0010001]0010100
[1010100 0110110 0010000 0011110 0000100 0000010 0010011]0010100
[1010110 0110110 0010000 0011110 0000100 0000010 0010011]0010110
stabSize=8

anf=1+ac+bcd+be+abe+de+bde+abf+abg+deg+afg
[1010110 0110100 0010000 0011110 0000100 0000010 0010001]0010100
[1010100 0110110 0010000 0011110 0000100 0000010 0010011]0010100
[1010110 0110110 0010000 0011110 0000100 0000010 0010011]0010110
stabSize=8

anf=b+ab+c+bc+d+ad+cd+bcd+abe+ce+bde+abf+g+abg+deg+afg
[1010001 0110100 0010000 0111111 0000100 0000010 0010001]0011101
[1011010 0000101 0010110 0001110 0000100 0000010 0100110]0100001
stabSize=32

anf=1+b+ab+c+bc+d+ad+cd+bcd+abe+ce+bde+abf+g+abg+deg+afg
[1010001 0110100 0010000 0111111 0000100 0000010 0010001]0011101
[1011010 0000101 0010110 0001110 0000100 0000010 0100110]0100001
stabSize=32

anf=b+ab+c+bc+ad+cd+bcd+abe+ce+bde+abf+g+abg+deg+afg
[1011010 0010101 0010110 0001110 0000100 0000010 0110010]0101001
[1010000 0100000 0010000 0001100 0000100 0000010 0000001]0100111
[1001100 0010111 0010110 0001010 0000100 0000010 0110000]0001010
stabSize=16

anf=ab+c+bc+ad+cd+bcd+e+abe+ce+bde+f+abf+abg+deg+afg
[1010001 0100000 0010000 0111111 0000100 0000010 0000001]0100110
[1111110 0010111 0010110 0111001 0000100 0000010 0110000]0111000
stabSize=4

anf=1+ab+c+bc+ad+cd+bcd+e+abe+ce+bde+f+abf+abg+deg+afg
[1010001 0100000 0010000 0111111 0000100 0000010 0000001]0100110
[1111110 0010111 0010110 0111001 0000100 0000010 0110000]0111000
stabSize=4

anf=ab+bc+ad+cd+bcd+e+abe+ce+bde+f+abf+abg+deg+afg
[1000001 0100000 0010000 0111011 0000100 0000010 0000001]0000001
[1011010 0010101 0010110 0001110 0000100 0000010 0110010]0101001
stabSize=4

anf=1+ab+bc+ad+cd+bcd+e+abe+ce+bde+f+abf+abg+deg+afg
[1000001 0100000 0010000 0111011 0000100 0000010 0000001]0000001
[1011010 0010101 0010110 0001110 0000100 0000010 0110010]0101001
stabSize=4

anf=b+ab+c+bc+ad+cd+bcd+abe+ce+bde+f+abf+abg+deg+afg
[1000001 0100000 0010000 0111011 0000100 0000010 0000001]0000001
[1010000 0100000 0010000 0001100 0000100 0000010 0000001]0100111
stabSize=4

anf=b+ab+bc+ad+cd+bcd+abe+ce+bde+f+abf+abg+deg+afg
[1000010 0110110 0010000 0001000 0000100 0000010 0010011]0001100
stabSize=2

anf=ab+bc+ad+cd+bcd+abe+ce+bde+f+abf+abg+deg+afg
[1000001 0100000 0010000 0111011 0000100 0000010 0000001]0000001
[1000010 0110110 0010000 0001000 0000100 0000010 0010011]0001100
stabSize=8

anf=1+ab+bc+ad+cd+bcd+abe+ce+bde+f+abf+abg+deg+afg
[1000001 0100000 0010000 0111011 0000100 0000010 0000001]0000001
[1000010 0110110 0010000 0001000 0000100 0000010 0010011]0001100
stabSize=8

anf=a+b+ab+bc+ad+cd+bcd+e+abe+ce+bde+abf+abg+deg+afg
[1000011 0100000 0010000 0111011 0000100 0000010 0000001]0000011
[1000011 0100010 0010000 0111011 0000100 0000010 0000011]0000001
stabSize=8

anf=1+a+b+ab+bc+ad+cd+bcd+e+abe+ce+bde+abf+abg+deg+afg
[1000011 0100000 0010000 0111011 0000100 0000010 0000001]0000011
[1000011 0100010 0010000 0111011 0000100 0000010 0000011]0000001
stabSize=8

anf=b+ab+bc+ad+cd+bcd+e+abe+ce+bde+abf+abg+deg+afg
[1000011 0100000 0010000 0111011 0000100 0000010 0000001]0000011
[1000011 0100010 0010000 0111011 0000100 0000010 0000011]0000001
stabSize=8

anf=1+b+ab+bc+ad+cd+bcd+e+abe+ce+bde+abf+abg+deg+afg
[1000011 0100000 0010000 0111011 0000100 0000010 0000001]0000011
[1000011 0100010 0010000 0111011 0000100 0000010 0000011]0000001
stabSize=8

anf=ab+bc+ad+cd+bcd+e+abe+ce+bde+abf+abg+deg+afg
[1000010 0100000 0010000 0001000 0000100 0000010 0000001]0000010
[1000010 0100010 0010000 0001000 0000100 0000010 0000011]0000000
stabSize=4

anf=1+ab+bc+ad+cd+bcd+e+abe+ce+bde+abf+abg+deg+afg
[1000010 0100000 0010000 0001000 0000100 0000010 0000001]0000010
[1000010 0100010 0010000 0001000 0000100 0000010 0000011]0000000
stabSize=4

anf=ab+c+bc+d+ad+cd+bcd+abe+ce+bde+abf+abg+deg+afg
[1011010 0000101 0010110 0001110 0000100 0000010 0100110]0100001
[1000001 0100000 0010000 0111011 0000100 0000010 0000001]0000001
stabSize=32

anf=1+ab+c+bc+d+ad+cd+bcd+abe+ce+bde+abf+abg+deg+afg
[1011010 0000101 0010110 0001110 0000100 0000010 0100110]0100001
[1000001 0100000 0010000 0111011 0000100 0000010 0000001]0000001
stabSize=32

anf=b+ab+bc+d+ad+cd+bcd+abe+ce+bde+abf+abg+deg+afg
[1000000 0100010 0010000 0001000 0000100 0000010 0000011]0000010
[1000001 0100000 0010000 0111011 0000100 0000010 0000001]0000001
[1011010 0010101 0010110 0001110 0000100 0000010 0110010]0101001
stabSize=16

anf=1+b+ab+bc+d+ad+cd+bcd+abe+ce+bde+abf+abg+deg+afg
[1000000 0100010 0010000 0001000 0000100 0000010 0000011]0000010
[1000001 0100000 0010000 0111011 0000100 0000010 0000001]0000001
[1011010 0010101 0010110 0001110 0000100 0000010 0110010]0101001
stabSize=16

anf=b+ab+c+bc+ad+cd+bcd+abe+ce+bde+abf+abg+deg+afg
[1000010 0100000 0010000 0001000 0000100 0000010 0000001]0000010
[1000010 0100010 0010000 0001000 0000100 0000010 0000011]0000000
stabSize=4

anf=ab+c+bc+ad+cd+bcd+abe+ce+bde+abf+abg+deg+afg
[1010011 0100000 0010000 0111111 0000100 0000010 0000001]0100100
[1000001 0100000 0010000 0111011 0000100 0000010 0000001]0000001
[1011010 0010101 0010110 0001110 0000100 0000010 0110010]0101001
[1010001 0100010 0010000 0111111 0000100 0000010 0000011]0100100
stabSize=32

anf=1+ab+c+bc+ad+cd+bcd+abe+ce+bde+abf+abg+deg+afg
[1010011 0100000 0010000 0111111 0000100 0000010 0000001]0100100
[1000001 0100000 0010000 0111011 0000100 0000010 0000001]0000001
[1011010 0010101 0010110 0001110 0000100 0000010 0110010]0101001
[1010001 0100010 0010000 0111111 0000100 0000010 0000011]0100100
stabSize=32

anf=b+ab+bc+ad+cd+bcd+abe+ce+bde+abf+abg+deg+afg
[1000000 0100010 0010000 0001000 0000100 0000010 0000011]0000010
[1000001 0100000 0010000 0111011 0000100 0000010 0000001]0000001
[1111100 0010111 0010110 0111001 0000100 0000010 0110000]0111010
stabSize=16

anf=1+b+ab+bc+ad+cd+bcd+abe+ce+bde+abf+abg+deg+afg
[1000000 0100010 0010000 0001000 0000100 0000010 0000011]0000010
[1000001 0100000 0010000 0111011 0000100 0000010 0000001]0000001
[1111100 0010111 0010110 0111001 0000100 0000010 0110000]0111010
stabSize=16

anf=ab+bc+ad+cd+bcd+abe+ce+bde+abf+abg+deg+afg
[1000010 0100000 0010000 0001000 0000100 0000010 0000001]0000010
[1011010 0000101 0010110 0001110 0000100 0000010 0100110]0100001
stabSize=8

anf=1+ab+bc+ad+cd+bcd+abe+ce+bde+abf+abg+deg+afg
[1000010 0100000 0010000 0001000 0000100 0000010 0000001]0000010
[1011010 0000101 0010110 0001110 0000100 0000010 0100110]0100001
stabSize=8

anf=ab+c+bc+cd+bcd+e+abe+ce+bde+f+abf+abg+deg+afg
[0010001 1111000 0010000 0100111 0000100 0000010 1000001]0111110
[0100110 1000110 0010110 0100001 0000100 0000010 1001110]0000110
[0010001 1011110 0010000 0100111 0000100 0000010 1010000]0101111
stabSize=12

anf=1+ab+c+bc+cd+bcd+e+abe+ce+bde+f+abf+abg+deg+afg
[0010001 1111000 0010000 0100111 0000100 0000010 1000001]0111110
[0100110 1000110 0010110 0100001 0000100 0000010 1001110]0000110
[0010001 1011110 0010000 0100111 0000100 0000010 1010000]0101111
stabSize=12

anf=ab+bc+cd+bcd+e+abe+ce+bde+f+abf+abg+deg+afg
[1101000 1000110 0010110 0111101 0000100 0000010 1001110]1001000
[1000001 0100000 0010000 0111011 0000100 0000010 0000001]0000001
stabSize=12

anf=1+ab+bc+cd+bcd+e+abe+ce+bde+f+abf+abg+deg+afg
[1101000 1000110 0010110 0111101 0000100 0000010 1001110]1001000
[1000001 0100000 0010000 0111011 0000100 0000010 0000001]0000001
stabSize=12

anf=b+ab+c+bc+cd+bcd+abe+ce+bde+f+abf+abg+deg+afg
[0000001 1111000 0010000 0100011 0000100 0000010 1000001]0000001
[1000000 1101100 0010000 0001000 0000100 0000010 1010001]1001100
stabSize=24

anf=1+b+ab+c+bc+cd+bcd+abe+ce+bde+f+abf+abg+deg+afg
[0000001 1111000 0010000 0100011 0000100 0000010 1000001]0000001
[1000000 1101100 0010000 0001000 0000100 0000010 1010001]1001100
stabSize=24

anf=ab+bc+cd+bcd+abe+ce+bde+f+abf+abg+deg+afg
[1000001 0100000 0010000 0111011 0000100 0000010 0000001]0000001
[1010010 0100000 0010000 0001100 0000100 0000010 0000001]0100101
stabSize=4

anf=a+b+ab+bc+cd+bcd+e+abe+ce+bde+abf+abg+deg+afg
[1000000 1101100 0010000 0001000 0000100 0000010 1010001]1001100
[1000010 0100010 0010000 0001000 0000100 0000010 0000011]0000000
[1000001 0100000 0010000 0111011 0000100 0000010 0000001]0000001
stabSize=24

anf=1+a+b+ab+bc+cd+bcd+e+abe+ce+bde+abf+abg+deg+afg
[1000000 1101100 0010000 0001000 0000100 0000010 1010001]1001100
[1000010 0100010 0010000 0001000 0000100 0000010 0000011]0000000
[1000001 0100000 0010000 0111011 0000100 0000010 0000001]0000001
stabSize=24

anf=ab+bc+cd+bcd+e+abe+ce+bde+abf+abg+deg+afg
[1000010 0100000 0010000 0001000 0000100 0000010 0000001]0000010
[0000011 1001010 0010000 0100011 0000100 0000010 1000000]0000010
stabSize=8

anf=1+ab+bc+cd+bcd+e+abe+ce+bde+abf+abg+deg+afg
[1000010 0100000 0010000 0001000 0000100 0000010 0000001]0000010
[0000011 1001010 0010000 0100011 0000100 0000010 1000000]0000010
stabSize=8

anf=b+ab+bc+d+cd+bcd+abe+ce+bde+abf+abg+deg+afg
[0110000 1010100 0010110 0100101 0000100 0000010 1011000]0101001
[1000001 0100000 0010000 0111011 0000100 0000010 0000001]0000001
stabSize=48

anf=1+b+ab+bc+d+cd+bcd+abe+ce+bde+abf+abg+deg+afg
[0110000 1010100 0010110 0100101 0000100 0000010 1011000]0101001
[1000001 0100000 0010000 0111011 0000100 0000010 0000001]0000001
stabSize=48

anf=a+b+ab+c+bc+cd+bcd+abe+ce+bde+abf+abg+deg+afg
[1000010 0100000 0010000 0001000 0000100 0000010 0000001]0000010
[1011000 1000101 0010110 0001110 0000100 0000010 1111110]1111011
[1011010 1010111 0010110 0001110 0000100 0000010 1101000]1110011
stabSize=16

anf=b+ab+c+bc+cd+bcd+abe+ce+bde+abf+abg+deg+afg
[1000010 0100000 0010000 0001000 0000100 0000010 0000001]0000010
[1000010 1111010 0010000 0001000 0000100 0000010 1000011]1000000
[1000010 1101100 0010000 0001000 0000100 0000010 1010001]1001110
stabSize=16

anf=a+ab+c+bc+cd+bcd+abe+ce+bde+abf+abg+deg+afg
[1001100 0010101 0010110 0001010 0000100 0000010 0110010]0001000
[1000001 0100000 0010000 0111011 0000100 0000010 0000001]0000001
[1111110 0000111 0010110 0111001 0000100 0000010 0100100]0000111
stabSize=64

anf=1+a+ab+c+bc+cd+bcd+abe+ce+bde+abf+abg+deg+afg
[1001100 0010101 0010110 0001010 0000100 0000010 0110010]0001000
[1000001 0100000 0010000 0111011 0000100 0000010 0000001]0000001
[1111110 0000111 0010110 0111001 0000100 0000010 0100100]0000111
stabSize=64

anf=ab+c+bc+cd+bcd+abe+ce+bde+abf+abg+deg+afg
[1000001 0100000 0010000 0111011 0000100 0000010 0000001]0000001
[0100110 1000100 0010110 0100001 0000100 0000010 1001100]0000100
[1111110 0000111 0010110 0111001 0000100 0000010 0100100]0000111
stabSize=192

anf=1+ab+c+bc+cd+bcd+abe+ce+bde+abf+abg+deg+afg
[1000001 0100000 0010000 0111011 0000100 0000010 0000001]0000001
[0100110 1000100 0010110 0100001 0000100 0000010 1001100]0000100
[1111110 0000111 0010110 0111001 0000100 0000010 0100100]0000111
stabSize=192

anf=ab+bc+cd+bcd+abe+ce+bde+abf+abg+deg+afg
[1000010 0100000 0010000 0001000 0000100 0000010 0000001]0000010
[1001100 0000111 0010110 0001010 0000100 0000010 0100100]0000110
[0100110 1000100 0010110 0100001 0000100 0000010 1001100]0000100
stabSize=16

anf=1+ab+bc+cd+bcd+abe+ce+bde+abf+abg+deg+afg
[1000010 0100000 0010000 0001000 0000100 0000010 0000001]0000010
[1001100 0000111 0010110 0001010 0000100 0000010 0100100]0000110
[0100110 1000100 0010110 0100001 0000100 0000010 1001100]0000100
stabSize=16

anf=bc+cd+bcd+e+abe+ce+bde+f+abf+abg+deg+afg
[1011000 0010101 0010110 0001110 0000100 0000010 0110010]0101001
stabSize=2

anf=1+bc+cd+bcd+e+abe+ce+bde+f+abf+abg+deg+afg
[1011000 0010101 0010110 0001110 0000100 0000010 0110010]0101001
stabSize=2

anf=c+bc+cd+bcd+abe+ce+bde+f+abf+abg+deg+afg
[0110000 1010110 0010110 0100101 0000100 0000010 1011010]0101101
[1000000 0110100 0010000 0001000 0000100 0000010 0010001]0001100
stabSize=8

anf=1+c+bc+cd+bcd+abe+ce+bde+f+abf+abg+deg+afg
[0110000 1010110 0010110 0100101 0000100 0000010 1011010]0101101
[1000000 0110100 0010000 0001000 0000100 0000010 0010001]0001100
stabSize=8

anf=b+bc+cd+bcd+abe+ce+bde+f+abf+abg+deg+afg
[1010000 0100000 0010000 0001100 0000100 0000010 0000001]0100111
stabSize=2

anf=bc+cd+bcd+abe+ce+bde+f+abf+abg+deg+afg
[0110010 1010100 0010110 0100101 0000100 0000010 1011000]0101101
[0100100 1000100 0010110 0100001 0000100 0000010 1001100]0000000
stabSize=4

anf=b+bc+cd+bcd+e+abe+ce+bde+abf+abg+deg+afg
[1000010 0100000 0010000 0001000 0000100 0000010 0000001]0000010
[0110000 1010100 0010110 0100101 0000100 0000010 1011000]0101111
stabSize=8

anf=1+b+bc+cd+bcd+e+abe+ce+bde+abf+abg+deg+afg
[1000010 0100000 0010000 0001000 0000100 0000010 0000001]0000010
[0110000 1010100 0010110 0100101 0000100 0000010 1011000]0101111
stabSize=8

anf=a+bc+cd+bcd+e+abe+ce+bde+abf+abg+deg+afg
[1000010 0100000 0010000 0001000 0000100 0000010 0000001]0000010
[0100110 1000110 0010110 0100001 0000100 0000010 1001110]0000000
stabSize=8

anf=1+a+bc+cd+bcd+e+abe+ce+bde+abf+abg+deg+afg
[1000010 0100000 0010000 0001000 0000100 0000010 0000001]0000010
[0100110 1000110 0010110 0100001 0000100 0000010 1001110]0000000
stabSize=8

anf=bc+cd+bcd+e+abe+ce+bde+abf+abg+deg+afg
[1000000 0100010 0010000 0001000 0000100 0000010 0000011]0000010
[1000010 0100000 0010000 0001000 0000100 0000010 0000001]0000010
stabSize=4

anf=1+bc+cd+bcd+e+abe+ce+bde+abf+abg+deg+afg
[1000000 0100010 0010000 0001000 0000100 0000010 0000011]0000010
[1000010 0100000 0010000 0001000 0000100 0000010 0000001]0000010
stabSize=4

anf=b+bc+d+cd+bcd+abe+ce+bde+abf+abg+deg+afg
[1000000 0100010 0010000 0001000 0000100 0000010 0000011]0000010
[1000010 0100000 0010000 0001000 0000100 0000010 0000001]0000010
stabSize=4

anf=b+c+bc+cd+bcd+abe+ce+bde+abf+abg+deg+afg
[1000000 0100010 0010000 0001000 0000100 0000010 0000011]0000010
[1000010 0100000 0010000 0001000 0000100 0000010 0000001]0000010
[1000000 0110100 0010000 0001000 0000100 0000010 0010001]0001100
stabSize=8

anf=1+b+c+bc+cd+bcd+abe+ce+bde+abf+abg+deg+afg
[1000000 0100010 0010000 0001000 0000100 0000010 0000011]0000010
[1000010 0100000 0010000 0001000 0000100 0000010 0000001]0000010
[1000000 0110100 0010000 0001000 0000100 0000010 0010001]0001100
stabSize=8

anf=a+b+bc+cd+bcd+abe+ce+bde+abf+abg+deg+afg
[1001100 0010111 0010110 0001010 0000100 0000010 0110000]0001000
[1001100 0010101 0010110 0001010 0000100 0000010 0110010]0001010
stabSize=8

anf=b+bc+cd+bcd+abe+ce+bde+abf+abg+deg+afg
[1001100 0010111 0010110 0001010 0000100 0000010 0110000]0001000
[1001100 0010101 0010110 0001010 0000100 0000010 0110010]0001010
stabSize=8

anf=a+bc+cd+bcd+abe+ce+bde+abf+abg+deg+afg
[1011010 0000111 0010110 0001110 0000100 0000010 0100100]0100001
[1000010 0100000 0010000 0001000 0000100 0000010 0000001]0000010
[1001100 0000101 0010110 0001010 0000100 0000010 0100110]0000110
stabSize=16

anf=1+a+bc+cd+bcd+abe+ce+bde+abf+abg+deg+afg
[1011010 0000111 0010110 0001110 0000100 0000010 0100100]0100001
[1000010 0100000 0010000 0001000 0000100 0000010 0000001]0000010
[1001100 0000101 0010110 0001010 0000100 0000010 0100110]0000110
stabSize=16

anf=bc+cd+bcd+abe+ce+bde+abf+abg+deg+afg
[1011010 0000111 0010110 0001110 0000100 0000010 0100100]0100001
[1000010 0100000 0010000 0001000 0000100 0000010 0000001]0000010
[1001100 0000101 0010110 0001010 0000100 0000010 0100110]0000110
stabSize=16

anf=1+bc+cd+bcd+abe+ce+bde+abf+abg+deg+afg
[1011010 0000111 0010110 0001110 0000100 0000010 0100100]0100001
[1000010 0100000 0010000 0001000 0000100 0000010 0000001]0000010
[1001100 0000101 0010110 0001010 0000100 0000010 0100110]0000110
stabSize=16

anf=a+b+ab+c+bcd+e+abe+ce+bde+abf+g+abg+deg+afg
[1000010 0100000 0010000 0001000 0000100 0000010 0000001]0000010
[0100010 1000000 0010110 0100011 0000100 0000010 1001010]0000010
[1001000 0000011 0010110 0001000 0000100 0000010 0100010]0000000
stabSize=16

anf=1+a+b+ab+c+bcd+e+abe+ce+bde+abf+g+abg+deg+afg
[1000010 0100000 0010000 0001000 0000100 0000010 0000001]0000010
[0100010 1000000 0010110 0100011 0000100 0000010 1001010]0000010
[1001000 0000011 0010110 0001000 0000100 0000010 0100010]0000000
stabSize=16

anf=a+b+ab+bcd+e+abe+ce+bde+abf+g+abg+deg+afg
[1000010 0100000 0010000 0001000 0000100 0000010 0000001]0000010
[0100010 1000000 0010110 0100011 0000100 0000010 1001010]0000010
[1001000 0000011 0010110 0001000 0000100 0000010 0100010]0000000
stabSize=16

anf=1+a+b+ab+bcd+e+abe+ce+bde+abf+g+abg+deg+afg
[1000010 0100000 0010000 0001000 0000100 0000010 0000001]0000010
[0100010 1000000 0010110 0100011 0000100 0000010 1001010]0000010
[1001000 0000011 0010110 0001000 0000100 0000010 0100010]0000000
stabSize=16

anf=a+b+ab+bcd+abe+ce+bde+abf+g+abg+deg+afg
[1000010 0100000 0010000 0001000 0000100 0000010 0000001]0000010
[0000001 1001000 0010000 0100011 0000100 0000010 1000010]0000010
stabSize=8

anf=1+a+b+ab+bcd+abe+ce+bde+abf+g+abg+deg+afg
[1000010 0100000 0010000 0001000 0000100 0000010 0000001]0000010
[0000001 1001000 0010000 0100011 0000100 0000010 1000010]0000010
stabSize=8

anf=ab+d+bcd+e+abe+ce+bde+f+abf+abg+deg+afg
[0000001 1001010 0010000 0100011 0000100 0000010 1000000]0000000
stabSize=2

anf=1+ab+d+bcd+e+abe+ce+bde+f+abf+abg+deg+afg
[0000001 1001010 0010000 0100011 0000100 0000010 1000000]0000000
stabSize=2

anf=b+ab+bcd+e+abe+ce+bde+f+abf+abg+deg+afg
[0000001 1001010 0010000 0100011 0000100 0000010 1000000]0000000
stabSize=2

anf=1+b+ab+bcd+e+abe+ce+bde+f+abf+abg+deg+afg
[0000001 1001010 0010000 0100011 0000100 0000010 1000000]0000000
stabSize=2

anf=ab+bcd+e+abe+ce+bde+f+abf+abg+deg+afg
stabSize=1

anf=1+ab+bcd+e+abe+ce+bde+f+abf+abg+deg+afg
stabSize=1

anf=ab+c+d+bcd+abe+ce+bde+f+abf+abg+deg+afg
[1001010 0000001 0010110 0001000 0000100 0000010 0100000]0000000
[0100000 1000000 0010110 0100011 0000100 0000010 1001010]0000000
stabSize=4

anf=1+ab+c+d+bcd+abe+ce+bde+f+abf+abg+deg+afg
[1001010 0000001 0010110 0001000 0000100 0000010 0100000]0000000
[0100000 1000000 0010110 0100011 0000100 0000010 1001010]0000000
stabSize=4

anf=ab+d+bcd+abe+ce+bde+f+abf+abg+deg+afg
[1001010 0000001 0010110 0001000 0000100 0000010 0100000]0000000
[0100000 1000000 0010110 0100011 0000100 0000010 1001010]0000000
stabSize=4

anf=1+ab+d+bcd+abe+ce+bde+f+abf+abg+deg+afg
[1001010 0000001 0010110 0001000 0000100 0000010 0100000]0000000
[0100000 1000000 0010110 0100011 0000100 0000010 1001010]0000000
stabSize=4

anf=b+ab+c+bcd+abe+ce+bde+f+abf+abg+deg+afg
[0100010 1000010 0010110 0100011 0000100 0000010 1001000]0000000
[1001000 0000011 0010110 0001000 0000100 0000010 0100010]0000000
stabSize=4

anf=1+b+ab+c+bcd+abe+ce+bde+f+abf+abg+deg+afg
[0100010 1000010 0010110 0100011 0000100 0000010 1001000]0000000
[1001000 0000011 0010110 0001000 0000100 0000010 0100010]0000000
stabSize=4

anf=ab+c+bcd+abe+ce+bde+f+abf+abg+deg+afg
stabSize=1

anf=b+ab+bcd+abe+ce+bde+f+abf+abg+deg+afg
[0100010 1000010 0010110 0100011 0000100 0000010 1001000]0000000
[1001000 0000011 0010110 0001000 0000100 0000010 0100010]0000000
stabSize=4

anf=1+b+ab+bcd+abe+ce+bde+f+abf+abg+deg+afg
[0100010 1000010 0010110 0100011 0000100 0000010 1001000]0000000
[1001000 0000011 0010110 0001000 0000100 0000010 0100010]0000000
stabSize=4

anf=ab+bcd+abe+ce+bde+f+abf+abg+deg+afg
stabSize=1

anf=a+b+ab+c+d+bcd+e+abe+ce+bde+abf+abg+deg+afg
[1000010 0100000 0010000 0001000 0000100 0000010 0000001]0000010
[0100010 1000000 0010110 0100011 0000100 0000010 1001010]0000010
stabSize=8

anf=1+a+b+ab+c+d+bcd+e+abe+ce+bde+abf+abg+deg+afg
[1000010 0100000 0010000 0001000 0000100 0000010 0000001]0000010
[0100010 1000000 0010110 0100011 0000100 0000010 1001010]0000010
stabSize=8

anf=b+ab+c+d+bcd+e+abe+ce+bde+abf+abg+deg+afg
[1000010 0100000 0010000 0001000 0000100 0000010 0000001]0000010
[0000001 1001000 0010000 0100011 0000100 0000010 1000010]0000010
stabSize=8

anf=1+b+ab+c+d+bcd+e+abe+ce+bde+abf+abg+deg+afg
[1000010 0100000 0010000 0001000 0000100 0000010 0000001]0000010
[0000001 1001000 0010000 0100011 0000100 0000010 1000010]0000010
stabSize=8

anf=a+b+ab+d+bcd+e+abe+ce+bde+abf+abg+deg+afg
[1000010 0100000 0010000 0001000 0000100 0000010 0000001]0000010
[0100010 1000000 0010110 0100011 0000100 0000010 1001010]0000010
stabSize=8

anf=1+a+b+ab+d+bcd+e+abe+ce+bde+abf+abg+deg+afg
[1000010 0100000 0010000 0001000 0000100 0000010 0000001]0000010
[0100010 1000000 0010110 0100011 0000100 0000010 1001010]0000010
stabSize=8

anf=b+ab+d+bcd+e+abe+ce+bde+abf+abg+deg+afg
[1000010 0100000 0010000 0001000 0000100 0000010 0000001]0000010
[0000001 1001000 0010000 0100011 0000100 0000010 1000010]0000010
stabSize=8

anf=1+b+ab+d+bcd+e+abe+ce+bde+abf+abg+deg+afg
[1000010 0100000 0010000 0001000 0000100 0000010 0000001]0000010
[0000001 1001000 0010000 0100011 0000100 0000010 1000010]0000010
stabSize=8

anf=a+b+ab+c+bcd+e+abe+ce+bde+abf+abg+deg+afg
[1000010 0100010 0010000 0001000 0000100 0000010 0000011]0000000
[1000010 0100000 0010000 0001000 0000100 0000010 0000001]0000010
stabSize=4

anf=1+a+b+ab+c+bcd+e+abe+ce+bde+abf+abg+deg+afg
[1000010 0100010 0010000 0001000 0000100 0000010 0000011]0000000
[1000010 0100000 0010000 0001000 0000100 0000010 0000001]0000010
stabSize=4

anf=b+ab+c+bcd+e+abe+ce+bde+abf+abg+deg+afg
[1000010 0100010 0010000 0001000 0000100 0000010 0000011]0000000
[1000010 0100000 0010000 0001000 0000100 0000010 0000001]0000010
stabSize=4

anf=1+b+ab+c+bcd+e+abe+ce+bde+abf+abg+deg+afg
[1000010 0100010 0010000 0001000 0000100 0000010 0000011]0000000
[1000010 0100000 0010000 0001000 0000100 0000010 0000001]0000010
stabSize=4

anf=a+ab+c+bcd+e+abe+ce+bde+abf+abg+deg+afg
[1000010 0100010 0010000 0001000 0000100 0000010 0000011]0000000
[1000010 0100000 0010000 0001000 0000100 0000010 0000001]0000010
[1001000 0000011 0010110 0001000 0000100 0000010 0100010]0000000
stabSize=8

anf=1+a+ab+c+bcd+e+abe+ce+bde+abf+abg+deg+afg
[1000010 0100010 0010000 0001000 0000100 0000010 0000011]0000000
[1000010 0100000 0010000 0001000 0000100 0000010 0000001]0000010
[1001000 0000011 0010110 0001000 0000100 0000010 0100010]0000000
stabSize=8

anf=ab+c+bcd+e+abe+ce+bde+abf+abg+deg+afg
[1000010 0100000 0010000 0001000 0000100 0000010 0000001]0000010
[0100010 1000000 0010110 0100011 0000100 0000010 1001010]0000010
[1001000 0000011 0010110 0001000 0000100 0000010 0100010]0000000
stabSize=16

anf=1+ab+c+bcd+e+abe+ce+bde+abf+abg+deg+afg
[1000010 0100000 0010000 0001000 0000100 0000010 0000001]0000010
[0100010 1000000 0010110 0100011 0000100 0000010 1001010]0000010
[1001000 0000011 0010110 0001000 0000100 0000010 0100010]0000000
stabSize=16

anf=a+b+ab+bcd+e+abe+ce+bde+abf+abg+deg+afg
[1000010 0100010 0010000 0001000 0000100 0000010 0000011]0000000
[1000010 0100000 0010000 0001000 0000100 0000010 0000001]0000010
stabSize=4

anf=1+a+b+ab+bcd+e+abe+ce+bde+abf+abg+deg+afg
[1000010 0100010 0010000 0001000 0000100 0000010 0000011]0000000
[1000010 0100000 0010000 0001000 0000100 0000010 0000001]0000010
stabSize=4

anf=b+ab+bcd+e+abe+ce+bde+abf+abg+deg+afg
[1000010 0100010 0010000 0001000 0000100 0000010 0000011]0000000
[1000010 0100000 0010000 0001000 0000100 0000010 0000001]0000010
stabSize=4

anf=1+b+ab+bcd+e+abe+ce+bde+abf+abg+deg+afg
[1000010 0100010 0010000 0001000 0000100 0000010 0000011]0000000
[1000010 0100000 0010000 0001000 0000100 0000010 0000001]0000010
stabSize=4

anf=a+ab+bcd+e+abe+ce+bde+abf+abg+deg+afg
[1000010 0100010 0010000 0001000 0000100 0000010 0000011]0000000
[1000010 0100000 0010000 0001000 0000100 0000010 0000001]0000010
[1001000 0000011 0010110 0001000 0000100 0000010 0100010]0000000
stabSize=8

anf=1+a+ab+bcd+e+abe+ce+bde+abf+abg+deg+afg
[1000010 0100010 0010000 0001000 0000100 0000010 0000011]0000000
[1000010 0100000 0010000 0001000 0000100 0000010 0000001]0000010
[1001000 0000011 0010110 0001000 0000100 0000010 0100010]0000000
stabSize=8

anf=ab+bcd+e+abe+ce+bde+abf+abg+deg+afg
[1000010 0100000 0010000 0001000 0000100 0000010 0000001]0000010
[0100010 1000000 0010110 0100011 0000100 0000010 1001010]0000010
[1001000 0000011 0010110 0001000 0000100 0000010 0100010]0000000
stabSize=16

anf=1+ab+bcd+e+abe+ce+bde+abf+abg+deg+afg
[1000010 0100000 0010000 0001000 0000100 0000010 0000001]0000010
[0100010 1000000 0010110 0100011 0000100 0000010 1001010]0000010
[1001000 0000011 0010110 0001000 0000100 0000010 0100010]0000000
stabSize=16

anf=b+ab+c+d+bcd+abe+ce+bde+abf+abg+deg+afg
[1000010 0100000 0010000 0001000 0000100 0000010 0000001]0000010
[0000001 1001000 0010000 0100011 0000100 0000010 1000010]0000010
stabSize=8

anf=1+b+ab+c+d+bcd+abe+ce+bde+abf+abg+deg+afg
[1000010 0100000 0010000 0001000 0000100 0000010 0000001]0000010
[0000001 1001000 0010000 0100011 0000100 0000010 1000010]0000010
stabSize=8

anf=a+b+ab+d+bcd+abe+ce+bde+abf+abg+deg+afg
[1000010 0100010 0010000 0001000 0000100 0000010 0000011]0000000
[1000010 0100000 0010000 0001000 0000100 0000010 0000001]0000010
stabSize=4

anf=1+a+b+ab+d+bcd+abe+ce+bde+abf+abg+deg+afg
[1000010 0100010 0010000 0001000 0000100 0000010 0000011]0000000
[1000010 0100000 0010000 0001000 0000100 0000010 0000001]0000010
stabSize=4

anf=b+ab+d+bcd+abe+ce+bde+abf+abg+deg+afg
[1000010 0100000 0010000 0001000 0000100 0000010 0000001]0000010
[0000001 1001000 0010000 0100011 0000100 0000010 1000010]0000010
stabSize=8

anf=1+b+ab+d+bcd+abe+ce+bde+abf+abg+deg+afg
[1000010 0100000 0010000 0001000 0000100 0000010 0000001]0000010
[0000001 1001000 0010000 0100011 0000100 0000010 1000010]0000010
stabSize=8

anf=a+b+ab+c+bcd+abe+ce+bde+abf+abg+deg+afg
[1000010 0100010 0010000 0001000 0000100 0000010 0000011]0000000
[1000010 0100000 0010000 0001000 0000100 0000010 0000001]0000010
stabSize=4

anf=1+a+b+ab+c+bcd+abe+ce+bde+abf+abg+deg+afg
[1000010 0100010 0010000 0001000 0000100 0000010 0000011]0000000
[1000010 0100000 0010000 0001000 0000100 0000010 0000001]0000010
stabSize=4

anf=b+ab+c+bcd+abe+ce+bde+abf+abg+deg+afg
[1000010 0100010 0010000 0001000 0000100 0000010 0000011]0000000
[1000010 0100000 0010000 0001000 0000100 0000010 0000001]0000010
stabSize=4

anf=1+b+ab+c+bcd+abe+ce+bde+abf+abg+deg+afg
[1000010 0100010 0010000 0001000 0000100 0000010 0000011]0000000
[1000010 0100000 0010000 0001000 0000100 0000010 0000001]0000010
stabSize=4

anf=a+b+ab+bcd+abe+ce+bde+abf+abg+deg+afg
[1000010 0100010 0010000 0001000 0000100 0000010 0000011]0000000
[1000010 0100000 0010000 0001000 0000100 0000010 0000001]0000010
stabSize=4

anf=1+a+b+ab+bcd+abe+ce+bde+abf+abg+deg+afg
[1000010 0100010 0010000 0001000 0000100 0000010 0000011]0000000
[1000010 0100000 0010000 0001000 0000100 0000010 0000001]0000010
stabSize=4

anf=b+ab+bcd+abe+ce+bde+abf+abg+deg+afg
[1000010 0100010 0010000 0001000 0000100 0000010 0000011]0000000
[1000010 0100000 0010000 0001000 0000100 0000010 0000001]0000010
stabSize=4

anf=1+b+ab+bcd+abe+ce+bde+abf+abg+deg+afg
[1000010 0100010 0010000 0001000 0000100 0000010 0000011]0000000
[1000010 0100000 0010000 0001000 0000100 0000010 0000001]0000010
stabSize=4

anf=a+ab+bcd+abe+ce+bde+abf+abg+deg+afg
[1000010 0100010 0010000 0001000 0000100 0000010 0000011]0000000
[1000010 0100000 0010000 0001000 0000100 0000010 0000001]0000010
stabSize=4

anf=1+a+ab+bcd+abe+ce+bde+abf+abg+deg+afg
[1000010 0100010 0010000 0001000 0000100 0000010 0000011]0000000
[1000010 0100000 0010000 0001000 0000100 0000010 0000001]0000010
stabSize=4

anf=ab+bcd+abe+ce+bde+abf+abg+deg+afg
[1000010 0100000 0010000 0001000 0000100 0000010 0000001]0000010
[0000001 1001000 0010000 0100011 0000100 0000010 1000010]0000010
stabSize=8

anf=1+ab+bcd+abe+ce+bde+abf+abg+deg+afg
[1000010 0100000 0010000 0001000 0000100 0000010 0000001]0000010
[0000001 1001000 0010000 0100011 0000100 0000010 1000010]0000010
stabSize=8

anf=a+b+bcd+e+abe+ce+bde+abf+g+abg+deg+afg
[1001010 0000011 0010110 0001000 0000100 0000010 0100010]0000000
[1000010 0100000 0010000 0001000 0000100 0000010 0000001]0000010
[1001000 0000001 0010110 0001000 0000100 0000010 0100000]0000000
stabSize=8

anf=1+a+b+bcd+e+abe+ce+bde+abf+g+abg+deg+afg
[1001010 0000011 0010110 0001000 0000100 0000010 0100010]0000000
[1000010 0100000 0010000 0001000 0000100 0000010 0000001]0000010
[1001000 0000001 0010110 0001000 0000100 0000010 0100000]0000000
stabSize=8

anf=a+b+bcd+abe+ce+bde+abf+g+abg+deg+afg
[1000010 0100000 0010000 0001000 0000100 0000010 0000001]0000010
[0100000 1000010 0010110 0100011 0000100 0000010 1001000]0000100
stabSize=8

anf=1+a+b+bcd+abe+ce+bde+abf+g+abg+deg+afg
[1000010 0100000 0010000 0001000 0000100 0000010 0000001]0000010
[0100000 1000010 0010110 0100011 0000100 0000010 1001000]0000100
stabSize=8

anf=d+bcd+e+abe+ce+bde+f+abf+abg+deg+afg
[0100000 1000000 0010110 0100011 0000100 0000010 1001010]0000110
stabSize=2

anf=1+d+bcd+e+abe+ce+bde+f+abf+abg+deg+afg
[0100000 1000000 0010110 0100011 0000100 0000010 1001010]0000110
stabSize=2

anf=b+bcd+e+abe+ce+bde+f+abf+abg+deg+afg
[0100010 1000010 0010110 0100011 0000100 0000010 1001000]0000110
stabSize=2

anf=1+b+bcd+e+abe+ce+bde+f+abf+abg+deg+afg
[0100010 1000010 0010110 0100011 0000100 0000010 1001000]0000110
stabSize=2

anf=bcd+e+abe+ce+bde+f+abf+abg+deg+afg
stabSize=1

anf=1+bcd+e+abe+ce+bde+f+abf+abg+deg+afg
stabSize=1

anf=d+bcd+abe+ce+bde+f+abf+abg+deg+afg
stabSize=1

anf=c+bcd+abe+ce+bde+f+abf+abg+deg+afg
[1001000 0000001 0010110 0001000 0000100 0000010 0100000]0000000
stabSize=2

anf=1+c+bcd+abe+ce+bde+f+abf+abg+deg+afg
[1001000 0000001 0010110 0001000 0000100 0000010 0100000]0000000
stabSize=2

anf=b+bcd+abe+ce+bde+f+abf+abg+deg+afg
stabSize=1

anf=bcd+abe+ce+bde+f+abf+abg+deg+afg
[1001000 0000001 0010110 0001000 0000100 0000010 0100000]0000000
stabSize=2

anf=1+bcd+abe+ce+bde+f+abf+abg+deg+afg
[1001000 0000001 0010110 0001000 0000100 0000010 0100000]0000000
stabSize=2

anf=a+b+d+bcd+e+abe+ce+bde+abf+abg+deg+afg
[1000010 0100010 0010000 0001000 0000100 0000010 0000011]0000000
[1000010 0100000 0010000 0001000 0000100 0000010 0000001]0000010
stabSize=4

anf=1+a+b+d+bcd+e+abe+ce+bde+abf+abg+deg+afg
[1000010 0100010 0010000 0001000 0000100 0000010 0000011]0000000
[1000010 0100000 0010000 0001000 0000100 0000010 0000001]0000010
stabSize=4

anf=b+d+bcd+e+abe+ce+bde+abf+abg+deg+afg
[1000010 0100010 0010000 0001000 0000100 0000010 0000011]0000000
[1000010 0100000 0010000 0001000 0000100 0000010 0000001]0000010
stabSize=4

anf=1+b+d+bcd+e+abe+ce+bde+abf+abg+deg+afg
[1000010 0100010 0010000 0001000 0000100 0000010 0000011]0000000
[1000010 0100000 0010000 0001000 0000100 0000010 0000001]0000010
stabSize=4

anf=a+b+c+bcd+e+abe+ce+bde+abf+abg+deg+afg
[1000010 0100010 0010000 0001000 0000100 0000010 0000011]0000000
[1000010 0100000 0010000 0001000 0000100 0000010 0000001]0000010
stabSize=4

anf=1+a+b+c+bcd+e+abe+ce+bde+abf+abg+deg+afg
[1000010 0100010 0010000 0001000 0000100 0000010 0000011]0000000
[1000010 0100000 0010000 0001000 0000100 0000010 0000001]0000010
stabSize=4

anf=b+c+bcd+e+abe+ce+bde+abf+abg+deg+afg
[1000010 0100010 0010000 0001000 0000100 0000010 0000011]0000000
[1000010 0100000 0010000 0001000 0000100 0000010 0000001]0000010
stabSize=4

anf=1+b+c+bcd+e+abe+ce+bde+abf+abg+deg+afg
[1000010 0100010 0010000 0001000 0000100 0000010 0000011]0000000
[1000010 0100000 0010000 0001000 0000100 0000010 0000001]0000010
stabSize=4

anf=a+c+bcd+e+abe+ce+bde+abf+abg+deg+afg
[1001010 0000011 0010110 0001000 0000100 0000010 0100010]0000000
[1000010 0100000 0010000 0001000 0000100 0000010 0000001]0000010
[1001000 0000001 0010110 0001000 0000100 0000010 0100000]0000000
stabSize=8

anf=1+a+c+bcd+e+abe+ce+bde+abf+abg+deg+afg
[1001010 0000011 0010110 0001000 0000100 0000010 0100010]0000000
[1000010 0100000 0010000 0001000 0000100 0000010 0000001]0000010
[1001000 0000001 0010110 0001000 0000100 0000010 0100000]0000000
stabSize=8

anf=a+b+bcd+e+abe+ce+bde+abf+abg+deg+afg
[1000010 0100010 0010000 0001000 0000100 0000010 0000011]0000000
[1000010 0100000 0010000 0001000 0000100 0000010 0000001]0000010
stabSize=4

anf=1+a+b+bcd+e+abe+ce+bde+abf+abg+deg+afg
[1000010 0100010 0010000 0001000 0000100 0000010 0000011]0000000
[1000010 0100000 0010000 0001000 0000100 0000010 0000001]0000010
stabSize=4

anf=b+bcd+e+abe+ce+bde+abf+abg+deg+afg
[1000010 0100010 0010000 0001000 0000100 0000010 0000011]0000000
[1000010 0100000 0010000 0001000 0000100 0000010 0000001]0000010
stabSize=4

anf=1+b+bcd+e+abe+ce+bde+abf+abg+deg+afg
[1000010 0100010 0010000 0001000 0000100 0000010 0000011]0000000
[1000010 0100000 0010000 0001000 0000100 0000010 0000001]0000010
stabSize=4

anf=a+bcd+e+abe+ce+bde+abf+abg+deg+afg
[1001010 0000011 0010110 0001000 0000100 0000010 0100010]0000000
[1000010 0100000 0010000 0001000 0000100 0000010 0000001]0000010
[1001000 0000001 0010110 0001000 0000100 0000010 0100000]0000000
stabSize=8

anf=1+a+bcd+e+abe+ce+bde+abf+abg+deg+afg
[1001010 0000011 0010110 0001000 0000100 0000010 0100010]0000000
[1000010 0100000 0010000 0001000 0000100 0000010 0000001]0000010
[1001000 0000001 0010110 0001000 0000100 0000010 0100000]0000000
stabSize=8

anf=bcd+e+abe+ce+bde+abf+abg+deg+afg
[1001010 0000011 0010110 0001000 0000100 0000010 0100010]0000000
[1000010 0100000 0010000 0001000 0000100 0000010 0000001]0000010
[1001000 0000001 0010110 0001000 0000100 0000010 0100000]0000000
stabSize=8

anf=1+bcd+e+abe+ce+bde+abf+abg+deg+afg
[1001010 0000011 0010110 0001000 0000100 0000010 0100010]0000000
[1000010 0100000 0010000 0001000 0000100 0000010 0000001]0000010
[1001000 0000001 0010110 0001000 0000100 0000010 0100000]0000000
stabSize=8

anf=a+b+c+d+bcd+abe+ce+bde+abf+abg+deg+afg
[1000010 0100000 0010000 0001000 0000100 0000010 0000001]0000010
[0100000 1000010 0010110 0100011 0000100 0000010 1001000]0000100
stabSize=8

anf=1+a+b+c+d+bcd+abe+ce+bde+abf+abg+deg+afg
[1000010 0100000 0010000 0001000 0000100 0000010 0000001]0000010
[0100000 1000010 0010110 0100011 0000100 0000010 1001000]0000100
stabSize=8

anf=a+b+d+bcd+abe+ce+bde+abf+abg+deg+afg
[1000010 0100000 0010000 0001000 0000100 0000010 0000001]0000010
[0100000 1000010 0010110 0100011 0000100 0000010 1001000]0000100
stabSize=8

anf=1+a+b+d+bcd+abe+ce+bde+abf+abg+deg+afg
[1000010 0100000 0010000 0001000 0000100 0000010 0000001]0000010
[0100000 1000010 0010110 0100011 0000100 0000010 1001000]0000100
stabSize=8

anf=b+d+bcd+abe+ce+bde+abf+abg+deg+afg
[1000010 0100010 0010000 0001000 0000100 0000010 0000011]0000000
[1000010 0100000 0010000 0001000 0000100 0000010 0000001]0000010
stabSize=4

anf=1+b+d+bcd+abe+ce+bde+abf+abg+deg+afg
[1000010 0100010 0010000 0001000 0000100 0000010 0000011]0000000
[1000010 0100000 0010000 0001000 0000100 0000010 0000001]0000010
stabSize=4

anf=a+b+c+bcd+abe+ce+bde+abf+abg+deg+afg
[1000010 0100010 0010000 0001000 0000100 0000010 0000011]0000000
[1000010 0100000 0010000 0001000 0000100 0000010 0000001]0000010
stabSize=4

anf=1+a+b+c+bcd+abe+ce+bde+abf+abg+deg+afg
[1000010 0100010 0010000 0001000 0000100 0000010 0000011]0000000
[1000010 0100000 0010000 0001000 0000100 0000010 0000001]0000010
stabSize=4

anf=b+c+bcd+abe+ce+bde+abf+abg+deg+afg
[1000010 0100010 0010000 0001000 0000100 0000010 0000011]0000000
[1000010 0100000 0010000 0001000 0000100 0000010 0000001]0000010
stabSize=4

anf=1+b+c+bcd+abe+ce+bde+abf+abg+deg+afg
[1000010 0100010 0010000 0001000 0000100 0000010 0000011]0000000
[1000010 0100000 0010000 0001000 0000100 0000010 0000001]0000010
stabSize=4

anf=a+b+bcd+abe+ce+bde+abf+abg+deg+afg
[1000010 0100010 0010000 0001000 0000100 0000010 0000011]0000000
[1000010 0100000 0010000 0001000 0000100 0000010 0000001]0000010
stabSize=4

anf=1+a+b+bcd+abe+ce+bde+abf+abg+deg+afg
[1000010 0100010 0010000 0001000 0000100 0000010 0000011]0000000
[1000010 0100000 0010000 0001000 0000100 0000010 0000001]0000010
stabSize=4

anf=b+bcd+abe+ce+bde+abf+abg+deg+afg
[1000010 0100010 0010000 0001000 0000100 0000010 0000011]0000000
[1000010 0100000 0010000 0001000 0000100 0000010 0000001]0000010
stabSize=4

anf=1+b+bcd+abe+ce+bde+abf+abg+deg+afg
[1000010 0100010 0010000 0001000 0000100 0000010 0000011]0000000
[1000010 0100000 0010000 0001000 0000100 0000010 0000001]0000010
stabSize=4

anf=a+bcd+abe+ce+bde+abf+abg+deg+afg
[1000010 0100010 0010000 0001000 0000100 0000010 0000011]0000000
[1000010 0100000 0010000 0001000 0000100 0000010 0000001]0000010
stabSize=4

anf=1+a+bcd+abe+ce+bde+abf+abg+deg+afg
[1000010 0100010 0010000 0001000 0000100 0000010 0000011]0000000
[1000010 0100000 0010000 0001000 0000100 0000010 0000001]0000010
stabSize=4

anf=bcd+abe+ce+bde+abf+abg+deg+afg
[1000010 0100000 0010000 0001000 0000100 0000010 0000001]0000010
[0100000 1000010 0010110 0100011 0000100 0000010 1001000]0000100
stabSize=8

anf=1+bcd+abe+ce+bde+abf+abg+deg+afg
[1000010 0100000 0010000 0001000 0000100 0000010 0000001]0000010
[0100000 1000010 0010110 0100011 0000100 0000010 1001000]0000100
stabSize=8

anf=ab+c+bc+ad+bcd+e+be+abe+bde+f+abf+abg+deg+afg
[1010010 0110010 0010000 0011100 0000100 0000010 0010101]0010010
[1010101 0100000 0010000 0111101 0000100 0000010 0000001]0010101
[1010011 0110011 0010000 1101100 0000100 0010110 0010101]0010011
[0011110 0010101 0000010 1001010 0000100 0010110 0110011]1001100
stabSize=48

anf=b+ab+bc+ad+bcd+e+be+abe+bde+abf+abg+deg+afg
[0111001 0100000 0000010 1000101 0000100 0010000 0100101]1111001
[1000000 0100000 0010000 0011000 0000100 0000010 0000001]0000000
[1000010 0100010 0010000 0001000 0000100 0000010 0000011]0000000
stabSize=32

anf=ab+bc+ad+bcd+e+be+abe+bde+abf+abg+deg+afg
[0101101 0110010 0000010 1010101 0000100 0010000 0100011]1101101
[1000000 0100000 0010000 0011000 0000100 0000010 0000001]0000000
[0001110 0100010 0000010 1010100 0000100 0010000 0110011]1011110
[0011110 0110010 0000010 1010100 0000100 0010000 0100011]1011110
stabSize=64

anf=1+ab+bc+ad+bcd+e+be+abe+bde+abf+abg+deg+afg
[0101101 0110010 0000010 1010101 0000100 0010000 0100011]1101101
[1000000 0100000 0010000 0011000 0000100 0000010 0000001]0000000
[0001110 0100010 0000010 1010100 0000100 0010000 0110011]1011110
[0011110 0110010 0000010 1010100 0000100 0010000 0100011]1011110
stabSize=64

anf=ab+c+bc+ad+bcd+be+abe+bde+abf+abg+deg+afg
[1000001 0100000 0010000 0101011 0000100 0000010 0000001]0000001
[1000110 0100000 0010000 0001010 0000100 0000010 0000001]0000010
[1001100 0000001 0010110 0001010 0000100 0000010 0100000]0001010
[1001000 0000011 0010110 0001000 0000100 0000010 0100010]0001000
stabSize=32

anf=1+ab+c+bc+ad+bcd+be+abe+bde+abf+abg+deg+afg
[1000001 0100000 0010000 0101011 0000100 0000010 0000001]0000001
[1000110 0100000 0010000 0001010 0000100 0000010 0000001]0000010
[1001100 0000001 0010110 0001010 0000100 0000010 0100000]0001010
[1001000 0000011 0010110 0001000 0000100 0000010 0100010]0001000
stabSize=32

anf=a+b+ab+bc+ad+bcd+be+abe+bde+abf+abg+deg+afg
[1000100 0110011 0010000 1001110 0000100 0010110 0010101]0000100
[1010110 0110000 0010000 0011110 0000100 0000010 0000001]0000110
[1010010 0110010 0010000 0001100 0000100 0000010 0010101]0010010
[1010110 0100010 0010000 0011110 0000100 0000010 0010101]0000010
[1010110 0100010 0010000 0011110 0000100 0000010 0000011]0010100
stabSize=256

anf=1+a+b+ab+bc+ad+bcd+be+abe+bde+abf+abg+deg+afg
[1000100 0110011 0010000 1001110 0000100 0010110 0010101]0000100
[1010110 0110000 0010000 0011110 0000100 0000010 0000001]0000110
[1010010 0110010 0010000 0001100 0000100 0000010 0010101]0010010
[1010110 0100010 0010000 0011110 0000100 0000010 0010101]0000010
[1010110 0100010 0010000 0011110 0000100 0000010 0000011]0010100
stabSize=256

anf=b+ab+bc+ad+bcd+be+abe+bde+abf+abg+deg+afg
[1010000 0110010 0010000 0001100 0000100 0000010 0010101]0010000
[1000010 0110000 0010000 0011000 0000100 0000010 0000001]0010010
[1010010 0110010 0010000 0001100 0000100 0000010 0010101]0010010
[1010011 0110011 0010000 1101100 0000100 0010110 0010101]0010011
[1010110 0100010 0010000 0011110 0000100 0000010 0010101]0000010
[1010110 0100010 0010000 0011110 0000100 0000010 0000011]0010100
stabSize=256

anf=1+b+ab+bc+ad+bcd+be+abe+bde+abf+abg+deg+afg
[1010000 0110010 0010000 0001100 0000100 0000010 0010101]0010000
[1000010 0110000 0010000 0011000 0000100 0000010 0000001]0010010
[1010010 0110010 0010000 0001100 0000100 0000010 0010101]0010010
[1010011 0110011 0010000 1101100 0000100 0010110 0010101]0010011
[1010110 0100010 0010000 0011110 0000100 0000010 0010101]0000010
[1010110 0100010 0010000 0011110 0000100 0000010 0000011]0010100
stabSize=256

anf=a+ab+bc+ad+bcd+be+abe+bde+abf+abg+deg+afg
[1010010 0110010 0010000 0001100 0000100 0000010 0010101]0010010
[1010011 0110011 0010000 1101100 0000100 0010110 0010101]0010011
[1111000 0110011 0010110 1000011 0000100 0010000 0100010]0111000
[1010110 0100010 0010000 0011110 0000100 0000010 0010101]0000010
[1010110 0100010 0010000 0011110 0000100 0000010 0000011]0010100
stabSize=1536

anf=1+a+ab+bc+ad+bcd+be+abe+bde+abf+abg+deg+afg
[1010010 0110010 0010000 0001100 0000100 0000010 0010101]0010010
[1010011 0110011 0010000 1101100 0000100 0010110 0010101]0010011
[1111000 0110011 0010110 1000011 0000100 0010000 0100010]0111000
[1010110 0100010 0010000 0011110 0000100 0000010 0010101]0000010
[1010110 0100010 0010000 0011110 0000100 0000010 0000011]0010100
stabSize=1536

anf=ab+bc+ad+bcd+be+abe+bde+abf+abg+deg+afg
[1000001 0100000 0010000 0101011 0000100 0000010 0000001]0000001
[1000000 0100000 0010000 0011000 0000100 0000010 0000001]0000000
[1010010 0110010 0010000 0001100 0000100 0000010 0010101]0010010
[1011110 0010111 0010110 0001100 0000100 0000010 0110000]0011110
[1010110 0100010 0010000 0011110 0000100 0000010 0010101]0000010
[1010110 0100010 0010000 0011110 0000100 0000010 0000011]0010100
stabSize=512

anf=1+ab+bc+ad+bcd+be+abe+bde+abf+abg+deg+afg
[1000001 0100000 0010000 0101011 0000100 0000010 0000001]0000001
[1000000 0100000 0010000 0011000 0000100 0000010 0000001]0000000
[1010010 0110010 0010000 0001100 0000100 0000010 0010101]0010010
[1011110 0010111 0010110 0001100 0000100 0000010 0110000]0011110
[1010110 0100010 0010000 0011110 0000100 0000010 0010101]0000010
[1010110 0100010 0010000 0011110 0000100 0000010 0000011]0010100
stabSize=512

anf=b+ac+bc+d+bcd+be+abe+bde+abf+g+abg+deg+afg
[1010000 0110000 0010000 0001100 0000100 0000010 0010111]0010000
[1010010 0110010 0010000 0001100 0000100 0000010 0010101]0010000
[1111100 0010111 0010110 0111001 0000100 0000010 0110000]0111100
[1000110 0100010 0010000 0001010 0000100 0000010 0000011]0000000
stabSize=64

anf=1+b+ac+bc+d+bcd+be+abe+bde+abf+g+abg+deg+afg
[1010000 0110000 0010000 0001100 0000100 0000010 0010111]0010000
[1010010 0110010 0010000 0001100 0000100 0000010 0010101]0010000
[1111100 0010111 0010110 0111001 0000100 0000010 0110000]0111100
[1000110 0100010 0010000 0001010 0000100 0000010 0000011]0000000
stabSize=64

anf=b+ac+bc+bcd+be+abe+bde+abf+g+abg+deg+afg
[1001000 0000001 0010110 0001000 0000100 0000010 0100000]0001000
[1010000 0110000 0010000 0001100 0000100 0000010 0010111]0010000
[1010010 0110010 0010000 0001100 0000100 0000010 0010101]0010000
[1011000 0000001 0010110 0001110 0000100 0000010 0100000]0011000
[1000110 0100010 0010000 0001010 0000100 0000010 0000011]0000000
stabSize=64

anf=1+b+ac+bc+bcd+be+abe+bde+abf+g+abg+deg+afg
[1001000 0000001 0010110 0001000 0000100 0000010 0100000]0001000
[1010000 0110000 0010000 0001100 0000100 0000010 0010111]0010000
[1010010 0110010 0010000 0001100 0000100 0000010 0010101]0010000
[1011000 0000001 0010110 0001110 0000100 0000010 0100000]0011000
[1000110 0100010 0010000 0001010 0000100 0000010 0000011]0000000
stabSize=64

anf=b+c+ac+bc+bcd+e+be+abe+bde+f+abf+abg+deg+afg
[1101100 0010111 0010110 0111111 0000100 0000010 0110000]0101100
[1111110 0000011 0010110 0111001 0000100 0000010 0100010]0111000
stabSize=8

anf=c+ac+bc+bcd+e+be+abe+bde+f+abf+abg+deg+afg
[1011010 0000001 0010110 0001110 0000100 0000010 0100000]0011010
[1000001 0100000 0010000 0111011 0000100 0000010 0000001]0000001
[1111010 0010101 0010110 0111011 0000100 0000010 0110010]0111100
stabSize=16

anf=1+c+ac+bc+bcd+e+be+abe+bde+f+abf+abg+deg+afg
[1011010 0000001 0010110 0001110 0000100 0000010 0100000]0011010
[1000001 0100000 0010000 0111011 0000100 0000010 0000001]0000001
[1111010 0010101 0010110 0111011 0000100 0000010 0110010]0111100
stabSize=16

anf=b+ac+bc+bcd+e+be+abe+bde+f+abf+abg+deg+afg
[1000001 0100000 0010000 0111011 0000100 0000010 0000001]0000001
[1111010 0010101 0010110 0111011 0000100 0000010 0110010]0111100
[1010111 0100000 0010000 0111101 0000100 0000010 0000001]0010111
stabSize=8

anf=ac+bc+bcd+e+be+abe+bde+f+abf+abg+deg+afg
[1101110 0010111 0010110 0111111 0000100 0000010 0110000]0101110
[1011000 0000001 0010110 0001110 0000100 0000010 0100000]0011000
stabSize=8

anf=ac+bc+bcd+be+abe+bde+f+abf+abg+deg+afg
[1000101 0100000 0010000 0111001 0000100 0000010 0000001]0000001
[1010101 0100000 0010000 0111101 0000100 0000010 0000001]0010101
stabSize=4

anf=1+ac+bc+bcd+be+abe+bde+f+abf+abg+deg+afg
[1000101 0100000 0010000 0111001 0000100 0000010 0000001]0000001
[1010101 0100000 0010000 0111101 0000100 0000010 0000001]0010101
stabSize=4

anf=b+ac+bc+bcd+e+be+abe+bde+abf+abg+deg+afg
[1000010 0100010 0010000 0001000 0000100 0000010 0000011]0000000
[1000010 0100000 0010000 0001000 0000100 0000010 0000001]0000010
stabSize=4

anf=ac+bc+bcd+e+be+abe+bde+abf+abg+deg+afg
[1000011 0100000 0010000 0111011 0000100 0000010 0000001]0000011
[1000010 0100010 0010000 0001000 0000100 0000010 0000011]0000000
stabSize=8

anf=1+ac+bc+bcd+e+be+abe+bde+abf+abg+deg+afg
[1000011 0100000 0010000 0111011 0000100 0000010 0000001]0000011
[1000010 0100010 0010000 0001000 0000100 0000010 0000011]0000000
stabSize=8

anf=b+c+ac+bc+d+bcd+be+abe+bde+abf+abg+deg+afg
[1101100 0010111 0010110 0111111 0000100 0000010 0110000]0101100
[1000011 0100000 0010000 0111011 0000100 0000010 0000001]0000011
[1000010 0100010 0010000 0001000 0000100 0000010 0000011]0000000
[1000110 0100010 0010000 0001010 0000100 0000010 0000011]0000000
stabSize=32

anf=1+b+c+ac+bc+d+bcd+be+abe+bde+abf+abg+deg+afg
[1101100 0010111 0010110 0111111 0000100 0000010 0110000]0101100
[1000011 0100000 0010000 0111011 0000100 0000010 0000001]0000011
[1000010 0100010 0010000 0001000 0000100 0000010 0000011]0000000
[1000110 0100010 0010000 0001010 0000100 0000010 0000011]0000000
stabSize=32

anf=ac+bc+d+bcd+be+abe+bde+abf+abg+deg+afg
[1010000 0110000 0010000 0001100 0000100 0000010 0010111]0010000
[1010010 0110010 0010000 0001100 0000100 0000010 0010101]0010000
[1010011 0110000 0010000 0111111 0000100 0000010 0010111]0010011
[1000110 0100010 0010000 0001010 0000100 0000010 0000011]0000000
stabSize=64

anf=1+ac+bc+d+bcd+be+abe+bde+abf+abg+deg+afg
[1010000 0110000 0010000 0001100 0000100 0000010 0010111]0010000
[1010010 0110010 0010000 0001100 0000100 0000010 0010101]0010000
[1010011 0110000 0010000 0111111 0000100 0000010 0010111]0010011
[1000110 0100010 0010000 0001010 0000100 0000010 0000011]0000000
stabSize=64

anf=b+c+ac+bc+bcd+be+abe+bde+abf+abg+deg+afg
[1001100 0010111 0010110 0001010 0000100 0000010 0110000]0001100
[1001110 0010101 0010110 0001010 0000100 0000010 0110010]0001100
[1111100 0010111 0010110 0111001 0000100 0000010 0110000]0111100
[1000110 0100010 0010000 0001010 0000100 0000010 0000011]0000000
stabSize=32

anf=1+b+c+ac+bc+bcd+be+abe+bde+abf+abg+deg+afg
[1001100 0010111 0010110 0001010 0000100 0000010 0110000]0001100
[1001110 0010101 0010110 0001010 0000100 0000010 0110010]0001100
[1111100 0010111 0010110 0111001 0000100 0000010 0110000]0111100
[1000110 0100010 0010000 0001010 0000100 0000010 0000011]0000000
stabSize=32

anf=c+ac+bc+bcd+be+abe+bde+abf+abg+deg+afg
[1001010 0000001 0010110 0001000 0000100 0000010 0100000]0001010
[1000010 0100010 0010000 0001000 0000100 0000010 0000011]0000000
[1000110 0100010 0010000 0001010 0000100 0000010 0000011]0000000
stabSize=16

anf=1+c+ac+bc+bcd+be+abe+bde+abf+abg+deg+afg
[1001010 0000001 0010110 0001000 0000100 0000010 0100000]0001010
[1000010 0100010 0010000 0001000 0000100 0000010 0000011]0000000
[1000110 0100010 0010000 0001010 0000100 0000010 0000011]0000000
stabSize=16

anf=a+b+ac+bc+bcd+be+abe+bde+abf+abg+deg+afg
[1000100 0110000 0010000 0001010 0000100 0000010 0010111]0000100
[1010110 0100000 0010000 0001110 0000100 0000010 0000001]0010110
[1010000 0110000 0010000 0001100 0000100 0000010 0010111]0010000
[1010010 0110010 0010000 0001100 0000100 0000010 0010101]0010000
[1000110 0100010 0010000 0001010 0000100 0000010 0000011]0000000
stabSize=32

anf=1+a+b+ac+bc+bcd+be+abe+bde+abf+abg+deg+afg
[1000100 0110000 0010000 0001010 0000100 0000010 0010111]0000100
[1010110 0100000 0010000 0001110 0000100 0000010 0000001]0010110
[1010000 0110000 0010000 0001100 0000100 0000010 0010111]0010000
[1010010 0110010 0010000 0001100 0000100 0000010 0010101]0010000
[1000110 0100010 0010000 0001010 0000100 0000010 0000011]0000000
stabSize=32

anf=b+ac+bc+bcd+be+abe+bde+abf+abg+deg+afg
[1000100 0110000 0010000 0001010 0000100 0000010 0010111]0000100
[1010110 0100000 0010000 0001110 0000100 0000010 0000001]0010110
[1010000 0110000 0010000 0001100 0000100 0000010 0010111]0010000
[1010010 0110010 0010000 0001100 0000100 0000010 0010101]0010000
[1000110 0100010 0010000 0001010 0000100 0000010 0000011]0000000
stabSize=32

anf=1+b+ac+bc+bcd+be+abe+bde+abf+abg+deg+afg
[1000100 0110000 0010000 0001010 0000100 0000010 0010111]0000100
[1010110 0100000 0010000 0001110 0000100 0000010 0000001]0010110
[1010000 0110000 0010000 0001100 0000100 0000010 0010111]0010000
[1010010 0110010 0010000 0001100 0000100 0000010 0010101]0010000
[1000110 0100010 0010000 0001010 0000100 0000010 0000011]0000000
stabSize=32

anf=a+ac+bc+bcd+be+abe+bde+abf+abg+deg+afg
[1010000 0110000 0010000 0001100 0000100 0000010 0010111]0010000
[1010010 0110010 0010000 0001100 0000100 0000010 0010101]0010000
[1111100 0010111 0010110 0111001 0000100 0000010 0110000]0111100
[1011000 0000001 0010110 0001110 0000100 0000010 0100000]0011000
[1000110 0100010 0010000 0001010 0000100 0000010 0000011]0000000
stabSize=128

anf=1+a+ac+bc+bcd+be+abe+bde+abf+abg+deg+afg
[1010000 0110000 0010000 0001100 0000100 0000010 0010111]0010000
[1010010 0110010 0010000 0001100 0000100 0000010 0010101]0010000
[1111100 0010111 0010110 0111001 0000100 0000010 0110000]0111100
[1011000 0000001 0010110 0001110 0000100 0000010 0100000]0011000
[1000110 0100010 0010000 0001010 0000100 0000010 0000011]0000000
stabSize=128

anf=ac+bc+bcd+be+abe+bde+abf+abg+deg+afg
[1010000 0110000 0010000 0001100 0000100 0000010 0010111]0010000
[1010010 0110010 0010000 0001100 0000100 0000010 0010101]0010000
[1111100 0010111 0010110 0111001 0000100 0000010 0110000]0111100
[1011000 0000001 0010110 0001110 0000100 0000010 0100000]0011000
[1000110 0100010 0010000 0001010 0000100 0000010 0000011]0000000
stabSize=128

anf=1+ac+bc+bcd+be+abe+bde+abf+abg+deg+afg
[1010000 0110000 0010000 0001100 0000100 0000010 0010111]0010000
[1010010 0110010 0010000 0001100 0000100 0000010 0010101]0010000
[1111100 0010111 0010110 0111001 0000100 0000010 0110000]0111100
[1011000 0000001 0010110 0001110 0000100 0000010 0100000]0011000
[1000110 0100010 0010000 0001010 0000100 0000010 0000011]0000000
stabSize=128

anf=c+ac+bc+d+cd+bcd+abe+bde+abf+g+abg+deg+afg
[1000100 0100110 0010000 0001010 0000100 0000010 0000101]0000100
[0100000 1000000 0010110 0100011 0000100 0000010 1001010]0000110
[1000110 0100110 0010000 0001010 0000100 0000010 0000101]0000110
[1010010 0110100 0010000 0011100 0000100 0000010 0000111]0000000
[1000000 0110100 0010000 0001000 0000100 0000010 0000111]0000110
stabSize=64

anf=1+c+ac+bc+d+cd+bcd+abe+bde+abf+g+abg+deg+afg
[1000100 0100110 0010000 0001010 0000100 0000010 0000101]0000100
[0100000 1000000 0010110 0100011 0000100 0000010 1001010]0000110
[1000110 0100110 0010000 0001010 0000100 0000010 0000101]0000110
[1010010 0110100 0010000 0011100 0000100 0000010 0000111]0000000
[1000000 0110100 0010000 0001000 0000100 0000010 0000111]0000110
stabSize=64

anf=a+b+c+ac+bc+cd+bcd+abe+bde+abf+g+abg+deg+afg
[1000100 0100110 0010000 0001010 0000100 0000010 0000101]0000100
[0100000 1000000 0010110 0100011 0000100 0000010 1001010]0000110
[1000110 0100110 0010000 0001010 0000100 0000010 0000101]0000110
[1010010 0110100 0010000 0011100 0000100 0000010 0000111]0000000
[1000000 0110100 0010000 0001000 0000100 0000010 0000111]0000110
stabSize=64

anf=1+a+b+c+ac+bc+cd+bcd+abe+bde+abf+g+abg+deg+afg
[1000100 0100110 0010000 0001010 0000100 0000010 0000101]0000100
[0100000 1000000 0010110 0100011 0000100 0000010 1001010]0000110
[1000110 0100110 0010000 0001010 0000100 0000010 0000101]0000110
[1010010 0110100 0010000 0011100 0000100 0000010 0000111]0000000
[1000000 0110100 0010000 0001000 0000100 0000010 0000111]0000110
stabSize=64

anf=a+c+ac+bc+cd+bcd+abe+bde+abf+g+abg+deg+afg
[1000100 0100110 0010000 0001010 0000100 0000010 0000101]0000100
[1000100 0100100 0010000 0001010 0000100 0000010 0000111]0000110
[1010010 0110100 0010000 0011100 0000100 0000010 0000111]0000000
[1000110 0100110 0010000 0001010 0000100 0000010 0000101]0000110
[1000000 0110100 0010000 0001000 0000100 0000010 0000111]0000110
stabSize=32

anf=1+a+c+ac+bc+cd+bcd+abe+bde+abf+g+abg+deg+afg
[1000100 0100110 0010000 0001010 0000100 0000010 0000101]0000100
[1000100 0100100 0010000 0001010 0000100 0000010 0000111]0000110
[1010010 0110100 0010000 0011100 0000100 0000010 0000111]0000000
[1000110 0100110 0010000 0001010 0000100 0000010 0000101]0000110
[1000000 0110100 0010000 0001000 0000100 0000010 0000111]0000110
stabSize=32

anf=a+ac+bc+cd+bcd+abe+bde+abf+g+abg+deg+afg
[1000100 0100110 0010000 0001010 0000100 0000010 0000101]0000100
[0110100 1010010 0010110 0110001 0000100 0000010 1001100]0000110
[1000110 0100110 0010000 0001010 0000100 0000010 0000101]0000110
stabSize=16

anf=1+a+ac+bc+cd+bcd+abe+bde+abf+g+abg+deg+afg
[1000100 0100110 0010000 0001010 0000100 0000010 0000101]0000100
[0110100 1010010 0010110 0110001 0000100 0000010 1001100]0000110
[1000110 0100110 0010000 0001010 0000100 0000010 0000101]0000110
stabSize=16

anf=c+ac+bc+cd+bcd+e+abe+bde+f+abf+abg+deg+afg
[0100110 1000110 0010110 0100001 0000100 0000010 1001110]0000000
[1010110 0110000 0010000 0011110 0000100 0000010 0000001]0000110
stabSize=4

anf=1+c+ac+bc+cd+bcd+e+abe+bde+f+abf+abg+deg+afg
[0100110 1000110 0010110 0100001 0000100 0000010 1001110]0000000
[1010110 0110000 0010000 0011110 0000100 0000010 0000001]0000110
stabSize=4

anf=b+ac+bc+cd+bcd+e+abe+bde+f+abf+abg+deg+afg
[0100010 1000010 0010110 0100011 0000100 0000010 1001000]0000110
[1010010 0110100 0010000 0011100 0000100 0000010 0000111]0000000
[1000000 0110100 0010000 0001000 0000100 0000010 0000111]0000110
stabSize=8

anf=1+b+ac+bc+cd+bcd+e+abe+bde+f+abf+abg+deg+afg
[0100010 1000010 0010110 0100011 0000100 0000010 1001000]0000110
[1010010 0110100 0010000 0011100 0000100 0000010 0000111]0000000
[1000000 0110100 0010000 0001000 0000100 0000010 0000111]0000110
stabSize=8

anf=ac+bc+cd+bcd+e+abe+bde+f+abf+abg+deg+afg
[0100110 1000110 0010110 0100001 0000100 0000010 1001110]0000000
[1010010 0110100 0010000 0011100 0000100 0000010 0000111]0000000
[1000000 0110100 0010000 0001000 0000100 0000010 0000111]0000110
stabSize=8

anf=1+ac+bc+cd+bcd+e+abe+bde+f+abf+abg+deg+afg
[0100110 1000110 0010110 0100001 0000100 0000010 1001110]0000000
[1010010 0110100 0010000 0011100 0000100 0000010 0000111]0000000
[1000000 0110100 0010000 0001000 0000100 0000010 0000111]0000110
stabSize=8

anf=ac+bc+cd+bcd+abe+bde+f+abf+abg+deg+afg
[1000000 0110110 0010000 0001000 0000100 0000010 0000101]0000100
stabSize=2

anf=1+ac+bc+cd+bcd+abe+bde+f+abf+abg+deg+afg
[1000000 0110110 0010000 0001000 0000100 0000010 0000101]0000100
stabSize=2

anf=b+c+ac+bc+cd+bcd+e+abe+bde+abf+abg+deg+afg
[1000010 0100000 0010000 0001000 0000100 0000010 0000001]0000010
[1000010 0100010 0010000 0001000 0000100 0000010 0000011]0000000
stabSize=4

anf=1+b+c+ac+bc+cd+bcd+e+abe+bde+abf+abg+deg+afg
[1000010 0100000 0010000 0001000 0000100 0000010 0000001]0000010
[1000010 0100010 0010000 0001000 0000100 0000010 0000011]0000000
stabSize=4

anf=ac+bc+cd+bcd+e+abe+bde+abf+abg+deg+afg
[1000010 0100000 0010000 0001000 0000100 0000010 0000001]0000010
[1000010 0100010 0010000 0001000 0000100 0000010 0000011]0000000
stabSize=4

anf=1+ac+bc+cd+bcd+e+abe+bde+abf+abg+deg+afg
[1000010 0100000 0010000 0001000 0000100 0000010 0000001]0000010
[1000010 0100010 0010000 0001000 0000100 0000010 0000011]0000000
stabSize=4

anf=a+b+c+ac+bc+d+cd+bcd+abe+bde+abf+abg+deg+afg
[1000100 0100110 0010000 0001010 0000100 0000010 0000101]0000100
[0100000 1000000 0010110 0100011 0000100 0000010 1001010]0000110
[1000110 0100110 0010000 0001010 0000100 0000010 0000101]0000110
[1010010 0110100 0010000 0011100 0000100 0000010 0000111]0000000
[1000000 0110100 0010000 0001000 0000100 0000010 0000111]0000110
stabSize=64

anf=1+a+b+c+ac+bc+d+cd+bcd+abe+bde+abf+abg+deg+afg
[1000100 0100110 0010000 0001010 0000100 0000010 0000101]0000100
[0100000 1000000 0010110 0100011 0000100 0000010 1001010]0000110
[1000110 0100110 0010000 0001010 0000100 0000010 0000101]0000110
[1010010 0110100 0010000 0011100 0000100 0000010 0000111]0000000
[1000000 0110100 0010000 0001000 0000100 0000010 0000111]0000110
stabSize=64

anf=b+c+ac+bc+d+cd+bcd+abe+bde+abf+abg+deg+afg
[1000100 0100110 0010000 0001010 0000100 0000010 0000101]0000100
[1000100 0100100 0010000 0001010 0000100 0000010 0000111]0000110
[1010010 0110100 0010000 0011100 0000100 0000010 0000111]0000000
[1000110 0100110 0010000 0001010 0000100 0000010 0000101]0000110
[1000000 0110100 0010000 0001000 0000100 0000010 0000111]0000110
stabSize=32

anf=1+b+c+ac+bc+d+cd+bcd+abe+bde+abf+abg+deg+afg
[1000100 0100110 0010000 0001010 0000100 0000010 0000101]0000100
[1000100 0100100 0010000 0001010 0000100 0000010 0000111]0000110
[1010010 0110100 0010000 0011100 0000100 0000010 0000111]0000000
[1000110 0100110 0010000 0001010 0000100 0000010 0000101]0000110
[1000000 0110100 0010000 0001000 0000100 0000010 0000111]0000110
stabSize=32

anf=c+ac+bc+d+cd+bcd+abe+bde+abf+abg+deg+afg
[1000100 0100110 0010000 0001010 0000100 0000010 0000101]0000100
[1000100 0100100 0010000 0001010 0000100 0000010 0000111]0000110
[1010010 0110100 0010000 0011100 0000100 0000010 0000111]0000000
[1000110 0100110 0010000 0001010 0000100 0000010 0000101]0000110
[1000000 0110100 0010000 0001000 0000100 0000010 0000111]0000110
stabSize=32

anf=1+c+ac+bc+d+cd+bcd+abe+bde+abf+abg+deg+afg
[1000100 0100110 0010000 0001010 0000100 0000010 0000101]0000100
[1000100 0100100 0010000 0001010 0000100 0000010 0000111]0000110
[1010010 0110100 0010000 0011100 0000100 0000010 0000111]0000000
[1000110 0100110 0010000 0001010 0000100 0000010 0000101]0000110
[1000000 0110100 0010000 0001000 0000100 0000010 0000111]0000110
stabSize=32

anf=a+b+c+ac+bc+cd+bcd+abe+bde+abf+abg+deg+afg
[1000100 0100110 0010000 0001010 0000100 0000010 0000101]0000100
[1000100 0100100 0010000 0001010 0000100 0000010 0000111]0000110
[1010010 0110100 0010000 0011100 0000100 0000010 0000111]0000000
[1000110 0100110 0010000 0001010 0000100 0000010 0000101]0000110
[1000000 0110100 0010000 0001000 0000100 0000010 0000111]0000110
stabSize=32

anf=1+a+b+c+ac+bc+cd+bcd+abe+bde+abf+abg+deg+afg
[1000100 0100110 0010000 0001010 0000100 0000010 0000101]0000100
[1000100 0100100 0010000 0001010 0000100 0000010 0000111]0000110
[1010010 0110100 0010000 0011100 0000100 0000010 0000111]0000000
[1000110 0100110 0010000 0001010 0000100 0000010 0000101]0000110
[1000000 0110100 0010000 0001000 0000100 0000010 0000111]0000110
stabSize=32

anf=b+c+ac+bc+cd+bcd+abe+bde+abf+abg+deg+afg
[1000100 0100110 0010000 0001010 0000100 0000010 0000101]0000100
[1000100 0100100 0010000 0001010 0000100 0000010 0000111]0000110
[1010010 0110100 0010000 0011100 0000100 0000010 0000111]0000000
[1000110 0100110 0010000 0001010 0000100 0000010 0000101]0000110
[1000000 0110100 0010000 0001000 0000100 0000010 0000111]0000110
stabSize=32

anf=1+b+c+ac+bc+cd+bcd+abe+bde+abf+abg+deg+afg
[1000100 0100110 0010000 0001010 0000100 0000010 0000101]0000100
[1000100 0100100 0010000 0001010 0000100 0000010 0000111]0000110
[1010010 0110100 0010000 0011100 0000100 0000010 0000111]0000000
[1000110 0100110 0010000 0001010 0000100 0000010 0000101]0000110
[1000000 0110100 0010000 0001000 0000100 0000010 0000111]0000110
stabSize=32

anf=a+c+ac+bc+cd+bcd+abe+bde+abf+abg+deg+afg
[1000100 0100110 0010000 0001010 0000100 0000010 0000101]0000100
[1000100 0100100 0010000 0001010 0000100 0000010 0000111]0000110
[1010010 0110100 0010000 0011100 0000100 0000010 0000111]0000000
[1000110 0100110 0010000 0001010 0000100 0000010 0000101]0000110
[1000000 0110100 0010000 0001000 0000100 0000010 0000111]0000110
stabSize=32

anf=1+a+c+ac+bc+cd+bcd+abe+bde+abf+abg+deg+afg
[1000100 0100110 0010000 0001010 0000100 0000010 0000101]0000100
[1000100 0100100 0010000 0001010 0000100 0000010 0000111]0000110
[1010010 0110100 0010000 0011100 0000100 0000010 0000111]0000000
[1000110 0100110 0010000 0001010 0000100 0000010 0000101]0000110
[1000000 0110100 0010000 0001000 0000100 0000010 0000111]0000110
stabSize=32

anf=c+ac+bc+cd+bcd+abe+bde+abf+abg+deg+afg
[1000100 0100110 0010000 0001010 0000100 0000010 0000101]0000100
[0100000 1000000 0010110 0100011 0000100 0000010 1001010]0000110
[1000110 0100110 0010000 0001010 0000100 0000010 0000101]0000110
[1010010 0110100 0010000 0011100 0000100 0000010 0000111]0000000
[1000000 0110100 0010000 0001000 0000100 0000010 0000111]0000110
stabSize=64

anf=1+c+ac+bc+cd+bcd+abe+bde+abf+abg+deg+afg
[1000100 0100110 0010000 0001010 0000100 0000010 0000101]0000100
[0100000 1000000 0010110 0100011 0000100 0000010 1001010]0000110
[1000110 0100110 0010000 0001010 0000100 0000010 0000101]0000110
[1010010 0110100 0010000 0011100 0000100 0000010 0000111]0000000
[1000000 0110100 0010000 0001000 0000100 0000010 0000111]0000110
stabSize=64

anf=a+ac+bc+cd+bcd+abe+bde+abf+abg+deg+afg
[1000100 0100110 0010000 0001010 0000100 0000010 0000101]0000100
[1000100 0100100 0010000 0001010 0000100 0000010 0000111]0000110
[1000110 0100110 0010000 0001010 0000100 0000010 0000101]0000110
stabSize=8

anf=1+a+ac+bc+cd+bcd+abe+bde+abf+abg+deg+afg
[1000100 0100110 0010000 0001010 0000100 0000010 0000101]0000100
[1000100 0100100 0010000 0001010 0000100 0000010 0000111]0000110
[1000110 0100110 0010000 0001010 0000100 0000010 0000101]0000110
stabSize=8

anf=ac+bc+cd+bcd+abe+bde+abf+abg+deg+afg
[1000100 0100110 0010000 0001010 0000100 0000010 0000101]0000100
[0100000 1000000 0010110 0100011 0000100 0000010 1001010]0000110
[1000110 0100110 0010000 0001010 0000100 0000010 0000101]0000110
stabSize=16

anf=1+ac+bc+cd+bcd+abe+bde+abf+abg+deg+afg
[1000100 0100110 0010000 0001010 0000100 0000010 0000101]0000100
[0100000 1000000 0010110 0100011 0000100 0000010 1001010]0000110
[1000110 0100110 0010000 0001010 0000100 0000010 0000101]0000110
stabSize=16

anf=a+c+bc+d+cd+bcd+abe+bde+abf+g+abg+deg+afg
[1000000 0100000 0010000 0011000 0000100 0000010 0000001]0000000
[0000011 1011000 0010000 0100011 0000100 0000010 1000010]0000100
[1000100 0110110 0010000 0011010 0000100 0000010 0000101]0000100
[1000100 0100100 0010000 0001010 0000100 0000010 0000111]0000110
stabSize=64

anf=1+a+c+bc+d+cd+bcd+abe+bde+abf+g+abg+deg+afg
[1000000 0100000 0010000 0011000 0000100 0000010 0000001]0000000
[0000011 1011000 0010000 0100011 0000100 0000010 1000010]0000100
[1000100 0110110 0010000 0011010 0000100 0000010 0000101]0000100
[1000100 0100100 0010000 0001010 0000100 0000010 0000111]0000110
stabSize=64

anf=a+b+c+bc+cd+bcd+abe+bde+abf+g+abg+deg+afg
[1000000 0100000 0010000 0011000 0000100 0000010 0000001]0000000
[0000011 1011000 0010000 0100011 0000100 0000010 1000010]0000100
[1000100 0110110 0010000 0011010 0000100 0000010 0000101]0000100
[1000100 0100100 0010000 0001010 0000100 0000010 0000111]0000110
stabSize=64

anf=1+a+b+c+bc+cd+bcd+abe+bde+abf+g+abg+deg+afg
[1000000 0100000 0010000 0011000 0000100 0000010 0000001]0000000
[0000011 1011000 0010000 0100011 0000100 0000010 1000010]0000100
[1000100 0110110 0010000 0011010 0000100 0000010 0000101]0000100
[1000100 0100100 0010000 0001010 0000100 0000010 0000111]0000110
stabSize=64

anf=a+c+bc+cd+bcd+abe+bde+abf+g+abg+deg+afg
[1000000 0110000 0010000 0011000 0000100 0000010 0000001]0000000
[1000000 0100000 0010000 0011000 0000100 0000010 0000001]0000000
[1000100 0110110 0010000 0011010 0000100 0000010 0000101]0000100
[1000100 0100100 0010000 0001010 0000100 0000010 0000111]0000110
[1000110 0100110 0010000 0001010 0000100 0000010 0000101]0000110
stabSize=32

anf=1+a+c+bc+cd+bcd+abe+bde+abf+g+abg+deg+afg
[1000000 0110000 0010000 0011000 0000100 0000010 0000001]0000000
[1000000 0100000 0010000 0011000 0000100 0000010 0000001]0000000
[1000100 0110110 0010000 0011010 0000100 0000010 0000101]0000100
[1000100 0100100 0010000 0001010 0000100 0000010 0000111]0000110
[1000110 0100110 0010000 0001010 0000100 0000010 0000101]0000110
stabSize=32

anf=a+bc+cd+bcd+abe+bde+abf+g+abg+deg+afg
[1000100 0100110 0010000 0001010 0000100 0000010 0000101]0000100
[0000011 1011000 0010000 0110011 0000100 0000010 1000010]0000100
[1000100 0100100 0010000 0001010 0000100 0000010 0000111]0000110
stabSize=16

anf=1+a+bc+cd+bcd+abe+bde+abf+g+abg+deg+afg
[1000100 0100110 0010000 0001010 0000100 0000010 0000101]0000100
[0000011 1011000 0010000 0110011 0000100 0000010 1000010]0000100
[1000100 0100100 0010000 0001010 0000100 0000010 0000111]0000110
stabSize=16

anf=b+c+bc+cd+bcd+e+abe+bde+f+abf+abg+deg+afg
[1000000 0100000 0010000 0011000 0000100 0000010 0000001]0000000
[1000000 0110000 0010000 0011000 0000100 0000010 0000001]0000000
stabSize=4

anf=c+bc+cd+bcd+e+abe+bde+f+abf+abg+deg+afg
[1000000 0100000 0010000 0011000 0000100 0000010 0000001]0000000
[0000111 1001110 0010000 0110001 0000100 0000010 1000110]0000000
stabSize=8

anf=1+c+bc+cd+bcd+e+abe+bde+f+abf+abg+deg+afg
[1000000 0100000 0010000 0011000 0000100 0000010 0000001]0000000
[0000111 1001110 0010000 0110001 0000100 0000010 1000110]0000000
stabSize=8

anf=bc+cd+bcd+e+abe+bde+f+abf+abg+deg+afg
[0000111 1001110 0010000 0100001 0000100 0000010 1000110]0000000
stabSize=2

anf=b+c+bc+cd+bcd+abe+bde+f+abf+abg+deg+afg
[0000001 1011010 0010000 0100011 0000100 0000010 1000000]0000100
[1000000 0100000 0010000 0011000 0000100 0000010 0000001]0000000
stabSize=8

anf=1+b+c+bc+cd+bcd+abe+bde+f+abf+abg+deg+afg
[0000001 1011010 0010000 0100011 0000100 0000010 1000000]0000100
[1000000 0100000 0010000 0011000 0000100 0000010 0000001]0000000
stabSize=8

anf=c+bc+cd+bcd+abe+bde+f+abf+abg+deg+afg
[0000101 1001100 0010000 0110001 0000100 0000010 1000100]0000000
[1000000 0100000 0010000 0011000 0000100 0000010 0000001]0000000
stabSize=8

anf=1+c+bc+cd+bcd+abe+bde+f+abf+abg+deg+afg
[0000101 1001100 0010000 0110001 0000100 0000010 1000100]0000000
[1000000 0100000 0010000 0011000 0000100 0000010 0000001]0000000
stabSize=8

anf=bc+cd+bcd+abe+bde+f+abf+abg+deg+afg
[0000001 1011010 0010000 0110011 0000100 0000010 1000000]0000100
[1000100 0110110 0010000 0011010 0000100 0000010 0000101]0000100
stabSize=4

anf=1+bc+cd+bcd+abe+bde+f+abf+abg+deg+afg
[0000001 1011010 0010000 0110011 0000100 0000010 1000000]0000100
[1000100 0110110 0010000 0011010 0000100 0000010 0000101]0000100
stabSize=4

anf=a+b+c+bc+d+cd+bcd+e+abe+bde+abf+abg+deg+afg
[1000000 0100000 0010000 0011000 0000100 0000010 0000001]0000000
[0000101 1011110 0010000 0100001 0000100 0000010 1000110]0000010
[1000010 0110000 0010000 0011000 0000100 0000010 0000001]0000010
stabSize=32

anf=1+a+b+c+bc+d+cd+bcd+e+abe+bde+abf+abg+deg+afg
[1000000 0100000 0010000 0011000 0000100 0000010 0000001]0000000
[0000101 1011110 0010000 0100001 0000100 0000010 1000110]0000010
[1000010 0110000 0010000 0011000 0000100 0000010 0000001]0000010
stabSize=32

anf=b+c+bc+d+cd+bcd+e+abe+bde+abf+abg+deg+afg
[1000000 0100000 0010000 0011000 0000100 0000010 0000001]0000000
[1000010 0110000 0010000 0011000 0000100 0000010 0000001]0000010
[1000010 0100010 0010000 0001000 0000100 0000010 0000011]0000000
[1000000 0110000 0010000 0001000 0000100 0000010 0000001]0000000
stabSize=16

anf=a+b+c+bc+cd+bcd+e+abe+bde+abf+abg+deg+afg
[1000000 0110000 0010000 0011000 0000100 0000010 0000001]0000000
[1000000 0100000 0010000 0011000 0000100 0000010 0000001]0000000
[1000010 0110000 0010000 0011000 0000100 0000010 0000001]0000010
[1000010 0100010 0010000 0001000 0000100 0000010 0000011]0000000
stabSize=16

anf=1+a+b+c+bc+cd+bcd+e+abe+bde+abf+abg+deg+afg
[1000000 0110000 0010000 0011000 0000100 0000010 0000001]0000000
[1000000 0100000 0010000 0011000 0000100 0000010 0000001]0000000
[1000010 0110000 0010000 0011000 0000100 0000010 0000001]0000010
[1000010 0100010 0010000 0001000 0000100 0000010 0000011]0000000
stabSize=16

anf=b+c+bc+cd+bcd+e+abe+bde+abf+abg+deg+afg
[1000000 0110000 0010000 0011000 0000100 0000010 0000001]0000000
[1000000 0100000 0010000 0011000 0000100 0000010 0000001]0000000
[1000010 0110000 0010000 0011000 0000100 0000010 0000001]0000010
[1000010 0100010 0010000 0001000 0000100 0000010 0000011]0000000
stabSize=16

anf=1+b+c+bc+cd+bcd+e+abe+bde+abf+abg+deg+afg
[1000000 0110000 0010000 0011000 0000100 0000010 0000001]0000000
[1000000 0100000 0010000 0011000 0000100 0000010 0000001]0000000
[1000010 0110000 0010000 0011000 0000100 0000010 0000001]0000010
[1000010 0100010 0010000 0001000 0000100 0000010 0000011]0000000
stabSize=16

anf=a+c+bc+cd+bcd+e+abe+bde+abf+abg+deg+afg
[1000000 0100000 0010000 0011000 0000100 0000010 0000001]0000000
[0000101 1011110 0010000 0100001 0000100 0000010 1000110]0000010
[1000010 0110000 0010000 0011000 0000100 0000010 0000001]0000010
stabSize=32

anf=1+a+c+bc+cd+bcd+e+abe+bde+abf+abg+deg+afg
[1000000 0100000 0010000 0011000 0000100 0000010 0000001]0000000
[0000101 1011110 0010000 0100001 0000100 0000010 1000110]0000010
[1000010 0110000 0010000 0011000 0000100 0000010 0000001]0000010
stabSize=32

anf=c+bc+cd+bcd+e+abe+bde+abf+abg+deg+afg
[1000000 0100000 0010000 0011000 0000100 0000010 0000001]0000000
[1000010 0110000 0010000 0011000 0000100 0000010 0000001]0000010
[1000010 0100010 0010000 0001000 0000100 0000010 0000011]0000000
[1000000 0110000 0010000 0001000 0000100 0000010 0000001]0000000
stabSize=16

anf=a+bc+cd+bcd+e+abe+bde+abf+abg+deg+afg
[1000010 0100000 0010000 0001000 0000100 0000010 0000001]0000010
[0000111 1001110 0010000 0100001 0000100 0000010 1000110]0000000
stabSize=8

anf=1+a+bc+cd+bcd+e+abe+bde+abf+abg+deg+afg
[1000010 0100000 0010000 0001000 0000100 0000010 0000001]0000010
[0000111 1001110 0010000 0100001 0000100 0000010 1000110]0000000
stabSize=8

anf=bc+cd+bcd+e+abe+bde+abf+abg+deg+afg
[1000010 0100000 0010000 0001000 0000100 0000010 0000001]0000010
[1000010 0100010 0010000 0001000 0000100 0000010 0000011]0000000
stabSize=4

anf=a+b+c+bc+d+cd+bcd+abe+bde+abf+abg+deg+afg
[1000000 0110000 0010000 0011000 0000100 0000010 0000001]0000000
[1000000 0100000 0010000 0011000 0000100 0000010 0000001]0000000
[1000100 0110110 0010000 0011010 0000100 0000010 0000101]0000100
[1000100 0100100 0010000 0001010 0000100 0000010 0000111]0000110
[1000110 0100110 0010000 0001010 0000100 0000010 0000101]0000110
stabSize=32

anf=1+a+b+c+bc+d+cd+bcd+abe+bde+abf+abg+deg+afg
[1000000 0110000 0010000 0011000 0000100 0000010 0000001]0000000
[1000000 0100000 0010000 0011000 0000100 0000010 0000001]0000000
[1000100 0110110 0010000 0011010 0000100 0000010 0000101]0000100
[1000100 0100100 0010000 0001010 0000100 0000010 0000111]0000110
[1000110 0100110 0010000 0001010 0000100 0000010 0000101]0000110
stabSize=32

anf=b+c+bc+d+cd+bcd+abe+bde+abf+abg+deg+afg
[1000000 0100000 0010000 0011000 0000100 0000010 0000001]0000000
[0000011 1011000 0010000 0100011 0000100 0000010 1000010]0000100
[1000100 0110110 0010000 0011010 0000100 0000010 0000101]0000100
[1000100 0100100 0010000 0001010 0000100 0000010 0000111]0000110
stabSize=64

anf=1+b+c+bc+d+cd+bcd+abe+bde+abf+abg+deg+afg
[1000000 0100000 0010000 0011000 0000100 0000010 0000001]0000000
[0000011 1011000 0010000 0100011 0000100 0000010 1000010]0000100
[1000100 0110110 0010000 0011010 0000100 0000010 0000101]0000100
[1000100 0100100 0010000 0001010 0000100 0000010 0000111]0000110
stabSize=64

anf=a+c+bc+d+cd+bcd+abe+bde+abf+abg+deg+afg
[1000000 0110000 0010000 0011000 0000100 0000010 0000001]0000000
[1000000 0100000 0010000 0011000 0000100 0000010 0000001]0000000
[1000100 0110110 0010000 0011010 0000100 0000010 0000101]0000100
[1000100 0100100 0010000 0001010 0000100 0000010 0000111]0000110
[1000110 0100110 0010000 0001010 0000100 0000010 0000101]0000110
stabSize=32

anf=1+a+c+bc+d+cd+bcd+abe+bde+abf+abg+deg+afg
[1000000 0110000 0010000 0011000 0000100 0000010 0000001]0000000
[1000000 0100000 0010000 0011000 0000100 0000010 0000001]0000000
[1000100 0110110 0010000 0011010 0000100 0000010 0000101]0000100
[1000100 0100100 0010000 0001010 0000100 0000010 0000111]0000110
[1000110 0100110 0010000 0001010 0000100 0000010 0000101]0000110
stabSize=32

anf=a+b+c+bc+cd+bcd+abe+bde+abf+abg+deg+afg
[1000000 0110000 0010000 0011000 0000100 0000010 0000001]0000000
[1000000 0100000 0010000 0011000 0000100 0000010 0000001]0000000
[1000100 0110110 0010000 0011010 0000100 0000010 0000101]0000100
[1000100 0100100 0010000 0001010 0000100 0000010 0000111]0000110
[1000110 0100110 0010000 0001010 0000100 0000010 0000101]0000110
stabSize=32

anf=1+a+b+c+bc+cd+bcd+abe+bde+abf+abg+deg+afg
[1000000 0110000 0010000 0011000 0000100 0000010 0000001]0000000
[1000000 0100000 0010000 0011000 0000100 0000010 0000001]0000000
[1000100 0110110 0010000 0011010 0000100 0000010 0000101]0000100
[1000100 0100100 0010000 0001010 0000100 0000010 0000111]0000110
[1000110 0100110 0010000 0001010 0000100 0000010 0000101]0000110
stabSize=32

anf=b+c+bc+cd+bcd+abe+bde+abf+abg+deg+afg
[1000000 0110000 0010000 0011000 0000100 0000010 0000001]0000000
[1000000 0100000 0010000 0011000 0000100 0000010 0000001]0000000
[1000100 0110110 0010000 0011010 0000100 0000010 0000101]0000100
[1000100 0100100 0010000 0001010 0000100 0000010 0000111]0000110
[1000110 0100110 0010000 0001010 0000100 0000010 0000101]0000110
stabSize=32

anf=1+b+c+bc+cd+bcd+abe+bde+abf+abg+deg+afg
[1000000 0110000 0010000 0011000 0000100 0000010 0000001]0000000
[1000000 0100000 0010000 0011000 0000100 0000010 0000001]0000000
[1000100 0110110 0010000 0011010 0000100 0000010 0000101]0000100
[1000100 0100100 0010000 0001010 0000100 0000010 0000111]0000110
[1000110 0100110 0010000 0001010 0000100 0000010 0000101]0000110
stabSize=32

anf=a+c+bc+cd+bcd+abe+bde+abf+abg+deg+afg
[1000000 0110000 0010000 0011000 0000100 0000010 0000001]0000000
[1000000 0100000 0010000 0011000 0000100 0000010 0000001]0000000
[1000100 0110110 0010000 0011010 0000100 0000010 0000101]0000100
[1000100 0100100 0010000 0001010 0000100 0000010 0000111]0000110
[1000110 0100110 0010000 0001010 0000100 0000010 0000101]0000110
stabSize=32

anf=1+a+c+bc+cd+bcd+abe+bde+abf+abg+deg+afg
[1000000 0110000 0010000 0011000 0000100 0000010 0000001]0000000
[1000000 0100000 0010000 0011000 0000100 0000010 0000001]0000000
[1000100 0110110 0010000 0011010 0000100 0000010 0000101]0000100
[1000100 0100100 0010000 0001010 0000100 0000010 0000111]0000110
[1000110 0100110 0010000 0001010 0000100 0000010 0000101]0000110
stabSize=32

anf=c+bc+cd+bcd+abe+bde+abf+abg+deg+afg
[1000000 0100000 0010000 0011000 0000100 0000010 0000001]0000000
[0000011 1011000 0010000 0100011 0000100 0000010 1000010]0000100
[1000100 0110110 0010000 0011010 0000100 0000010 0000101]0000100
[1000100 0100100 0010000 0001010 0000100 0000010 0000111]0000110
stabSize=64

anf=1+c+bc+cd+bcd+abe+bde+abf+abg+deg+afg
[1000000 0100000 0010000 0011000 0000100 0000010 0000001]0000000
[0000011 1011000 0010000 0100011 0000100 0000010 1000010]0000100
[1000100 0110110 0010000 0011010 0000100 0000010 0000101]0000100
[1000100 0100100 0010000 0001010 0000100 0000010 0000111]0000110
stabSize=64

anf=a+bc+cd+bcd+abe+bde+abf+abg+deg+afg
[1000100 0100110 0010000 0001010 0000100 0000010 0000101]0000100
[1000100 0100100 0010000 0001010 0000100 0000010 0000111]0000110
[1000110 0100110 0010000 0001010 0000100 0000010 0000101]0000110
stabSize=8

anf=1+a+bc+cd+bcd+abe+bde+abf+abg+deg+afg
[1000100 0100110 0010000 0001010 0000100 0000010 0000101]0000100
[1000100 0100100 0010000 0001010 0000100 0000010 0000111]0000110
[1000110 0100110 0010000 0001010 0000100 0000010 0000101]0000110
stabSize=8

anf=bc+cd+bcd+abe+bde+abf+abg+deg+afg
[1000100 0100110 0010000 0001010 0000100 0000010 0000101]0000100
[0000111 1001110 0010000 0100001 0000100 0000010 1000110]0000000
[1000100 0100100 0010000 0001010 0000100 0000010 0000111]0000110
stabSize=16

anf=1+bc+cd+bcd+abe+bde+abf+abg+deg+afg
[1000100 0100110 0010000 0001010 0000100 0000010 0000101]0000100
[0000111 1001110 0010000 0100001 0000100 0000010 1000110]0000000
[1000100 0100100 0010000 0001010 0000100 0000010 0000111]0000110
stabSize=16

anf=a+b+bc+d+ad+bcd+abe+bde+abf+g+abg+deg+afg
[1000100 0100110 0010000 0011010 0000100 0000010 0000101]0000100
[0001010 1101010 0000010 1000110 0000100 0010000 0111011]0010100
[1000110 0100110 0010000 0011010 0000100 0000010 0000101]0000110
[1000000 0100000 0010000 0011000 0000100 0000010 0000001]0000000
stabSize=128

anf=1+a+b+bc+d+ad+bcd+abe+bde+abf+g+abg+deg+afg
[1000100 0100110 0010000 0011010 0000100 0000010 0000101]0000100
[0001010 1101010 0000010 1000110 0000100 0010000 0111011]0010100
[1000110 0100110 0010000 0011010 0000100 0000010 0000101]0000110
[1000000 0100000 0010000 0011000 0000100 0000010 0000001]0000000
stabSize=128

anf=a+bc+ad+bcd+abe+bde+abf+g+abg+deg+afg
[1000000 0100000 0010000 0011000 0000100 0000010 0000001]0000000
[1010010 0100000 0010000 0011100 0000100 0000010 0000001]0000110
[1000100 0100110 0010000 0011010 0000100 0000010 0000101]0000100
[1000110 0110100 0010000 0011010 0000100 0000010 0000111]0010100
[1000110 0100110 0010000 0001010 0000100 0000010 0000101]0000110
[1010110 0110110 0010000 0011110 0000100 0000010 0000101]0010010
stabSize=64

anf=1+a+bc+ad+bcd+abe+bde+abf+g+abg+deg+afg
[1000000 0100000 0010000 0011000 0000100 0000010 0000001]0000000
[1010010 0100000 0010000 0011100 0000100 0000010 0000001]0000110
[1000100 0100110 0010000 0011010 0000100 0000010 0000101]0000100
[1000110 0110100 0010000 0011010 0000100 0000010 0000111]0010100
[1000110 0100110 0010000 0001010 0000100 0000010 0000101]0000110
[1010110 0110110 0010000 0011110 0000100 0000010 0000101]0010010
stabSize=64

anf=bc+ad+bcd+abe+bde+abf+g+abg+deg+afg
[1000100 0100110 0010000 0011010 0000100 0000010 0000101]0000100
[0001010 1101010 0000010 1000110 0000100 0010000 0111011]0010100
[1000110 0100110 0010000 0011010 0000100 0000010 0000101]0000110
[1000000 0100000 0010000 0011000 0000100 0000010 0000001]0000000
stabSize=128

anf=1+bc+ad+bcd+abe+bde+abf+g+abg+deg+afg
[1000100 0100110 0010000 0011010 0000100 0000010 0000101]0000100
[0001010 1101010 0000010 1000110 0000100 0010000 0111011]0010100
[1000110 0100110 0010000 0011010 0000100 0000010 0000101]0000110
[1000000 0100000 0010000 0011000 0000100 0000010 0000001]0000000
stabSize=128

anf=c+bc+ad+bcd+e+abe+bde+f+abf+abg+deg+afg
[0001000 1101000 0000010 1000000 0000100 0010000 0111011]0010010
[1010010 0100000 0010000 0011100 0000100 0000010 0000001]0000110
stabSize=8

anf=1+c+bc+ad+bcd+e+abe+bde+f+abf+abg+deg+afg
[0001000 1101000 0000010 1000000 0000100 0010000 0111011]0010010
[1010010 0100000 0010000 0011100 0000100 0000010 0000001]0000110
stabSize=8

anf=c+bc+ad+bcd+abe+bde+f+abf+abg+deg+afg
[0011110 1111110 0000010 1010110 0000100 0010000 0111111]0000000
[1010110 0110110 0010000 0011110 0000100 0000010 0000101]0010010
stabSize=4

anf=bc+ad+bcd+abe+bde+f+abf+abg+deg+afg
[1000000 0110000 0010000 0011000 0000100 0000010 0000001]0010000
[1000000 0100000 0010000 0011000 0000100 0000010 0000001]0000000
[1010000 0110000 0010000 0011100 0000100 0000010 0000001]0010100
stabSize=8

anf=1+bc+ad+bcd+abe+bde+f+abf+abg+deg+afg
[1000000 0110000 0010000 0011000 0000100 0000010 0000001]0010000
[1000000 0100000 0010000 0011000 0000100 0000010 0000001]0000000
[1010000 0110000 0010000 0011100 0000100 0000010 0000001]0010100
stabSize=8

anf=c+bc+ad+bcd+e+abe+bde+abf+abg+deg+afg
[1000010 0100010 0010000 0001000 0000100 0000010 0000011]0000000
[1000010 0100000 0010000 0001000 0000100 0000010 0000001]0000010
stabSize=4

anf=1+c+bc+ad+bcd+e+abe+bde+abf+abg+deg+afg
[1000010 0100010 0010000 0001000 0000100 0000010 0000011]0000000
[1000010 0100000 0010000 0001000 0000100 0000010 0000001]0000010
stabSize=4

anf=a+b+bc+ad+bcd+e+abe+bde+abf+abg+deg+afg
[1000010 0100000 0010000 0011000 0000100 0000010 0000001]0000010
[0011110 1111110 0000010 1010110 0000100 0010000 0111111]0000000
[1000000 0100000 0010000 0011000 0000100 0000010 0000001]0000000
stabSize=32

anf=1+a+b+bc+ad+bcd+e+abe+bde+abf+abg+deg+afg
[1000010 0100000 0010000 0011000 0000100 0000010 0000001]0000010
[0011110 1111110 0000010 1010110 0000100 0010000 0111111]0000000
[1000000 0100000 0010000 0011000 0000100 0000010 0000001]0000000
stabSize=32

anf=a+bc+ad+bcd+e+abe+bde+abf+abg+deg+afg
[1000000 0100000 0010000 0011000 0000100 0000010 0000001]0000000
[1000010 0110000 0010000 0001000 0000100 0000010 0000001]0010010
[1000010 0100000 0010000 0011000 0000100 0000010 0000001]0000010
[1000000 0110010 0010000 0011000 0000100 0000010 0000011]0010010
stabSize=16

anf=1+a+bc+ad+bcd+e+abe+bde+abf+abg+deg+afg
[1000000 0100000 0010000 0011000 0000100 0000010 0000001]0000000
[1000010 0110000 0010000 0001000 0000100 0000010 0000001]0010010
[1000010 0100000 0010000 0011000 0000100 0000010 0000001]0000010
[1000000 0110010 0010000 0011000 0000100 0000010 0000011]0010010
stabSize=16

anf=bc+ad+bcd+e+abe+bde+abf+abg+deg+afg
[0001000 1101000 0000010 1000000 0000100 0010000 0111011]0010010
[1000010 0100000 0010000 0011000 0000100 0000010 0000001]0000010
[1000000 0100000 0010000 0011000 0000100 0000010 0000001]0000000
stabSize=32

anf=1+bc+ad+bcd+e+abe+bde+abf+abg+deg+afg
[0001000 1101000 0000010 1000000 0000100 0010000 0111011]0010010
[1000010 0100000 0010000 0011000 0000100 0000010 0000001]0000010
[1000000 0100000 0010000 0011000 0000100 0000010 0000001]0000000
stabSize=32

anf=a+b+bc+d+ad+bcd+abe+bde+abf+abg+deg+afg
[1000100 0100110 0010000 0011010 0000100 0000010 0000101]0000100
[0001010 1101010 0000010 1000110 0000100 0010000 0111011]0010100
[1000110 0100110 0010000 0011010 0000100 0000010 0000101]0000110
[1000000 0100000 0010000 0011000 0000100 0000010 0000001]0000000
stabSize=128

anf=1+a+b+bc+d+ad+bcd+abe+bde+abf+abg+deg+afg
[1000100 0100110 0010000 0011010 0000100 0000010 0000101]0000100
[0001010 1101010 0000010 1000110 0000100 0010000 0111011]0010100
[1000110 0100110 0010000 0011010 0000100 0000010 0000101]0000110
[1000000 0100000 0010000 0011000 0000100 0000010 0000001]0000000
stabSize=128

anf=a+bc+d+ad+bcd+abe+bde+abf+abg+deg+afg
[1000000 0100000 0010000 0011000 0000100 0000010 0000001]0000000
[1010010 0100000 0010000 0011100 0000100 0000010 0000001]0000110
[1000100 0100110 0010000 0011010 0000100 0000010 0000101]0000100
[1000110 0110100 0010000 0011010 0000100 0000010 0000111]0010100
[1000110 0100110 0010000 0001010 0000100 0000010 0000101]0000110
[1010110 0110110 0010000 0011110 0000100 0000010 0000101]0010010
stabSize=64

anf=1+a+bc+d+ad+bcd+abe+bde+abf+abg+deg+afg
[1000000 0100000 0010000 0011000 0000100 0000010 0000001]0000000
[1010010 0100000 0010000 0011100 0000100 0000010 0000001]0000110
[1000100 0100110 0010000 0011010 0000100 0000010 0000101]0000100
[1000110 0110100 0010000 0011010 0000100 0000010 0000111]0010100
[1000110 0100110 0010000 0001010 0000100 0000010 0000101]0000110
[1010110 0110110 0010000 0011110 0000100 0000010 0000101]0010010
stabSize=64

anf=bc+d+ad+bcd+abe+bde+abf+abg+deg+afg
[1000000 0100000 0010000 0011000 0000100 0000010 0000001]0000000
[1010010 0100000 0010000 0011100 0000100 0000010 0000001]0000110
[1000100 0100110 0010000 0011010 0000100 0000010 0000101]0000100
[1000110 0110100 0010000 0011010 0000100 0000010 0000111]0010100
[1000110 0100110 0010000 0001010 0000100 0000010 0000101]0000110
[1010110 0110110 0010000 0011110 0000100 0000010 0000101]0010010
stabSize=64

anf=1+bc+d+ad+bcd+abe+bde+abf+abg+deg+afg
[1000000 0100000 0010000 0011000 0000100 0000010 0000001]0000000
[1010010 0100000 0010000 0011100 0000100 0000010 0000001]0000110
[1000100 0100110 0010000 0011010 0000100 0000010 0000101]0000100
[1000110 0110100 0010000 0011010 0000100 0000010 0000111]0010100
[1000110 0100110 0010000 0001010 0000100 0000010 0000101]0000110
[1010110 0110110 0010000 0011110 0000100 0000010 0000101]0010010
stabSize=64

anf=c+bc+ad+bcd+abe+bde+abf+abg+deg+afg
[1000010 0100000 0010000 0001000 0000100 0000010 0000001]0000010
[1000100 0100100 0010000 0001010 0000100 0000010 0000111]0000110
[1000110 0100110 0010000 0001010 0000100 0000010 0000101]0000110
stabSize=8

anf=1+c+bc+ad+bcd+abe+bde+abf+abg+deg+afg
[1000010 0100000 0010000 0001000 0000100 0000010 0000001]0000010
[1000100 0100100 0010000 0001010 0000100 0000010 0000111]0000110
[1000110 0100110 0010000 0001010 0000100 0000010 0000101]0000110
stabSize=8

anf=a+b+bc+ad+bcd+abe+bde+abf+abg+deg+afg
[1000000 0100000 0010000 0011000 0000100 0000010 0000001]0000000
[1010010 0100000 0010000 0011100 0000100 0000010 0000001]0000110
[1000100 0100110 0010000 0011010 0000100 0000010 0000101]0000100
[1000110 0110100 0010000 0011010 0000100 0000010 0000111]0010100
[1000110 0100110 0010000 0001010 0000100 0000010 0000101]0000110
[1010110 0110110 0010000 0011110 0000100 0000010 0000101]0010010
stabSize=64

anf=1+a+b+bc+ad+bcd+abe+bde+abf+abg+deg+afg
[1000000 0100000 0010000 0011000 0000100 0000010 0000001]0000000
[1010010 0100000 0010000 0011100 0000100 0000010 0000001]0000110
[1000100 0100110 0010000 0011010 0000100 0000010 0000101]0000100
[1000110 0110100 0010000 0011010 0000100 0000010 0000111]0010100
[1000110 0100110 0010000 0001010 0000100 0000010 0000101]0000110
[1010110 0110110 0010000 0011110 0000100 0000010 0000101]0010010
stabSize=64

anf=b+bc+ad+bcd+abe+bde+abf+abg+deg+afg
[1000000 0100000 0010000 0011000 0000100 0000010 0000001]0000000
[1010010 0100000 0010000 0011100 0000100 0000010 0000001]0000110
[1000100 0100110 0010000 0011010 0000100 0000010 0000101]0000100
[1000110 0110100 0010000 0011010 0000100 0000010 0000111]0010100
[1000110 0100110 0010000 0001010 0000100 0000010 0000101]0000110
[1010110 0110110 0010000 0011110 0000100 0000010 0000101]0010010
stabSize=64

anf=1+b+bc+ad+bcd+abe+bde+abf+abg+deg+afg
[1000000 0100000 0010000 0011000 0000100 0000010 0000001]0000000
[1010010 0100000 0010000 0011100 0000100 0000010 0000001]0000110
[1000100 0100110 0010000 0011010 0000100 0000010 0000101]0000100
[1000110 0110100 0010000 0011010 0000100 0000010 0000111]0010100
[1000110 0100110 0010000 0001010 0000100 0000010 0000101]0000110
[1010110 0110110 0010000 0011110 0000100 0000010 0000101]0010010
stabSize=64

anf=a+bc+ad+bcd+abe+bde+abf+abg+deg+afg
[1000000 0100000 0010000 0011000 0000100 0000010 0000001]0000000
[1010010 0100000 0010000 0011100 0000100 0000010 0000001]0000110
[1000100 0100110 0010000 0011010 0000100 0000010 0000101]0000100
[1000110 0110100 0010000 0011010 0000100 0000010 0000111]0010100
[1000110 0100110 0010000 0001010 0000100 0000010 0000101]0000110
[1010110 0110110 0010000 0011110 0000100 0000010 0000101]0010010
stabSize=64

anf=1+a+bc+ad+bcd+abe+bde+abf+abg+deg+afg
[1000000 0100000 0010000 0011000 0000100 0000010 0000001]0000000
[1010010 0100000 0010000 0011100 0000100 0000010 0000001]0000110
[1000100 0100110 0010000 0011010 0000100 0000010 0000101]0000100
[1000110 0110100 0010000 0011010 0000100 0000010 0000111]0010100
[1000110 0100110 0010000 0001010 0000100 0000010 0000101]0000110
[1010110 0110110 0010000 0011110 0000100 0000010 0000101]0010010
stabSize=64

anf=bc+ad+bcd+abe+bde+abf+abg+deg+afg
[1000100 0100110 0010000 0011010 0000100 0000010 0000101]0000100
[0001010 1101010 0000010 1000110 0000100 0010000 0111011]0010100
[1000110 0100110 0010000 0011010 0000100 0000010 0000101]0000110
[1000000 0100000 0010000 0011000 0000100 0000010 0000001]0000000
stabSize=128

anf=1+bc+ad+bcd+abe+bde+abf+abg+deg+afg
[1000100 0100110 0010000 0011010 0000100 0000010 0000101]0000100
[0001010 1101010 0000010 1000110 0000100 0010000 0111011]0010100
[1000110 0100110 0010000 0011010 0000100 0000010 0000101]0000110
[1000000 0100000 0010000 0011000 0000100 0000010 0000001]0000000
stabSize=128

anf=c+ad+bcd+e+abe+bde+f+abf+abg+deg+afg
[1000000 0110101 0010000 1011000 0000100 0010110 0000001]0000000
[1011110 0000111 0010110 0011010 0000100 0000010 0110100]0000110
stabSize=24

anf=a+ad+bcd+e+abe+bde+abf+abg+deg+afg
[1000010 0100000 0010000 0001000 0000100 0000010 0000001]0000010
[0011110 0110000 0000010 1010100 0000100 0010000 0100011]0010010
[1000010 0110000 0010000 0011000 0000100 0000010 0000001]0000010
stabSize=32

anf=1+a+ad+bcd+e+abe+bde+abf+abg+deg+afg
[1000010 0100000 0010000 0001000 0000100 0000010 0000001]0000010
[0011110 0110000 0000010 1010100 0000100 0010000 0100011]0010010
[1000010 0110000 0010000 0011000 0000100 0000010 0000001]0000010
stabSize=32

anf=ad+bcd+e+abe+bde+abf+abg+deg+afg
[1000000 0110000 0010000 0011000 0000100 0000010 0000001]0000000
[1000000 0100010 0010000 0001000 0000100 0000010 0000011]0000010
[1000010 0100000 0010000 0001000 0000100 0000010 0000001]0000010
[1000010 0100000 0010000 0011000 0000100 0000010 0000001]0010010
stabSize=16

anf=a+b+d+ad+bcd+abe+bde+abf+abg+deg+afg
[1000010 0110000 0010000 0001000 0000100 0000010 0000001]0010010
[1000000 0100101 0010000 1001000 0000100 0010110 0000001]0000000
[1000110 0100110 0010000 0001010 0000100 0000010 0000101]0000110
[1010110 0100010 0010000 0011110 0000100 0000010 0010101]0000010
[1010110 0100010 0010000 0011110 0000100 0000010 0000011]0010100
stabSize=256

anf=1+a+b+d+ad+bcd+abe+bde+abf+abg+deg+afg
[1000010 0110000 0010000 0001000 0000100 0000010 0000001]0010010
[1000000 0100101 0010000 1001000 0000100 0010110 0000001]0000000
[1000110 0100110 0010000 0001010 0000100 0000010 0000101]0000110
[1010110 0100010 0010000 0011110 0000100 0000010 0010101]0000010
[1010110 0100010 0010000 0011110 0000100 0000010 0000011]0010100
stabSize=256

anf=a+d+ad+bcd+abe+bde+abf+abg+deg+afg
[1000000 0100101 0010000 1001000 0000100 0010110 0000001]0000000
[1001110 0100001 0010110 1010010 0000100 0010000 0110100]0010110
[1000110 0100110 0010000 0001010 0000100 0000010 0000101]0000110
stabSize=768

anf=1+a+d+ad+bcd+abe+bde+abf+abg+deg+afg
[1000000 0100101 0010000 1001000 0000100 0010110 0000001]0000000
[1001110 0100001 0010110 1010010 0000100 0010000 0110100]0010110
[1000110 0100110 0010000 0001010 0000100 0000010 0000101]0000110
stabSize=768

anf=c+ad+bcd+abe+bde+abf+abg+deg+afg
[1011010 0000011 0010110 0001110 0000100 0000010 0100010]0000110
[1000100 0100110 0010000 0001010 0000100 0000010 0000101]0000100
[1000110 0100110 0010000 0001010 0000100 0000010 0000101]0000110
stabSize=16

anf=1+c+ad+bcd+abe+bde+abf+abg+deg+afg
[1011010 0000011 0010110 0001110 0000100 0000010 0100010]0000110
[1000100 0100110 0010000 0001010 0000100 0000010 0000101]0000100
[1000110 0100110 0010000 0001010 0000100 0000010 0000101]0000110
stabSize=16

anf=a+b+ad+bcd+abe+bde+abf+abg+deg+afg
[1000010 0110000 0010000 0001000 0000100 0000010 0000001]0010010
[1000000 0100101 0010000 1001000 0000100 0010110 0000001]0000000
[1000110 0100110 0010000 0001010 0000100 0000010 0000101]0000110
[1010110 0100010 0010000 0011110 0000100 0000010 0010101]0000010
[1010110 0100010 0010000 0011110 0000100 0000010 0000011]0010100
stabSize=256

anf=1+a+b+ad+bcd+abe+bde+abf+abg+deg+afg
[1000010 0110000 0010000 0001000 0000100 0000010 0000001]0010010
[1000000 0100101 0010000 1001000 0000100 0010110 0000001]0000000
[1000110 0100110 0010000 0001010 0000100 0000010 0000101]0000110
[1010110 0100010 0010000 0011110 0000100 0000010 0010101]0000010
[1010110 0100010 0010000 0011110 0000100 0000010 0000011]0010100
stabSize=256

anf=b+ad+bcd+abe+bde+abf+abg+deg+afg
[1010110 0110000 0010000 0011110 0000100 0000010 0000001]0000110
[1010010 0110110 0010000 0001100 0000100 0000010 0000101]0010010
[1010100 0100000 0010000 0011110 0000100 0000010 0000001]0010100
[1000010 0100000 0010000 0001000 0000100 0000010 0000001]0000010
[1000110 0100110 0010000 0001010 0000100 0000010 0000101]0000110
[1010110 0100010 0010000 0011110 0000100 0000010 0010101]0000010
[1010110 0100010 0010000 0011110 0000100 0000010 0000011]0010100
stabSize=128

anf=1+b+ad+bcd+abe+bde+abf+abg+deg+afg
[1010110 0110000 0010000 0011110 0000100 0000010 0000001]0000110
[1010010 0110110 0010000 0001100 0000100 0000010 0000101]0010010
[1010100 0100000 0010000 0011110 0000100 0000010 0000001]0010100
[1000010 0100000 0010000 0001000 0000100 0000010 0000001]0000010
[1000110 0100110 0010000 0001010 0000100 0000010 0000101]0000110
[1010110 0100010 0010000 0011110 0000100 0000010 0010101]0000010
[1010110 0100010 0010000 0011110 0000100 0000010 0000011]0010100
stabSize=128

anf=ad+bcd+abe+bde+abf+abg+deg+afg
[0011010 0100100 0000010 1000110 0000100 0010000 0110001]0000010
[1010010 0110110 0010000 0001100 0000100 0000010 0000101]0010010
[1010100 0100000 0010000 0011110 0000100 0000010 0000001]0010100
[1000010 0100000 0010000 0001000 0000100 0000010 0000001]0000010
[1000110 0100110 0010000 0001010 0000100 0000010 0000101]0000110
stabSize=256

anf=1+ad+bcd+abe+bde+abf+abg+deg+afg
[0011010 0100100 0000010 1000110 0000100 0010000 0110001]0000010
[1010010 0110110 0010000 0001100 0000100 0000010 0000101]0010010
[1010100 0100000 0010000 0011110 0000100 0000010 0000001]0010100
[1000010 0100000 0010000 0001000 0000100 0000010 0000001]0000010
[1000110 0100110 0010000 0001010 0000100 0000010 0000101]0000110
stabSize=256

anf=a+c+ac+bc+d+bcd+abe+bde+abf+g+abg+deg+afg
[1000100 0100110 0010000 0001010 0000100 0000010 0000101]0000100
[1000000 0100010 0010000 0001000 0000100 0000010 0000011]0000010
[1010100 0100100 0010000 0001110 0000100 0000010 0000111]0000010
[1000110 0100110 0010000 0001010 0000100 0000010 0000101]0000110
stabSize=16

anf=1+a+c+ac+bc+d+bcd+abe+bde+abf+g+abg+deg+afg
[1000100 0100110 0010000 0001010 0000100 0000010 0000101]0000100
[1000000 0100010 0010000 0001000 0000100 0000010 0000011]0000010
[1010100 0100100 0010000 0001110 0000100 0000010 0000111]0000010
[1000110 0100110 0010000 0001010 0000100 0000010 0000101]0000110
stabSize=16

anf=c+ac+bc+d+bcd+abe+bde+abf+g+abg+deg+afg
[1000100 0100110 0010000 0001010 0000100 0000010 0000101]0000100
[1000000 0100010 0010000 0001000 0000100 0000010 0000011]0000010
[1010100 0100100 0010000 0001110 0000100 0000010 0000111]0000010
[1000110 0100110 0010000 0001010 0000100 0000010 0000101]0000110
stabSize=16

anf=1+c+ac+bc+d+bcd+abe+bde+abf+g+abg+deg+afg
[1000100 0100110 0010000 0001010 0000100 0000010 0000101]0000100
[1000000 0100010 0010000 0001000 0000100 0000010 0000011]0000010
[1010100 0100100 0010000 0001110 0000100 0000010 0000111]0000010
[1000110 0100110 0010000 0001010 0000100 0000010 0000101]0000110
stabSize=16

anf=b+ac+bc+d+bcd+abe+bde+abf+g+abg+deg+afg
[1000100 0100110 0010000 0001010 0000100 0000010 0000101]0000100
[1000000 0100010 0010000 0001000 0000100 0000010 0000011]0000010
[1010010 0110110 0010000 0001100 0000100 0000010 0000101]0010010
[1000110 0100110 0010000 0001010 0000100 0000010 0000101]0000110
stabSize=16

anf=1+b+ac+bc+d+bcd+abe+bde+abf+g+abg+deg+afg
[1000100 0100110 0010000 0001010 0000100 0000010 0000101]0000100
[1000000 0100010 0010000 0001000 0000100 0000010 0000011]0000010
[1010010 0110110 0010000 0001100 0000100 0000010 0000101]0010010
[1000110 0100110 0010000 0001010 0000100 0000010 0000101]0000110
stabSize=16

anf=ac+bc+d+bcd+abe+bde+abf+g+abg+deg+afg
[1000100 0100110 0010000 0001010 0000100 0000010 0000101]0000100
[1000000 0100010 0010000 0001000 0000100 0000010 0000011]0000010
[1010010 0110110 0010000 0001100 0000100 0000010 0000101]0010010
[1000110 0100110 0010000 0001010 0000100 0000010 0000101]0000110
stabSize=16

anf=1+ac+bc+d+bcd+abe+bde+abf+g+abg+deg+afg
[1000100 0100110 0010000 0001010 0000100 0000010 0000101]0000100
[1000000 0100010 0010000 0001000 0000100 0000010 0000011]0000010
[1010010 0110110 0010000 0001100 0000100 0000010 0000101]0010010
[1000110 0100110 0010000 0001010 0000100 0000010 0000101]0000110
stabSize=16

anf=a+c+ac+bc+bcd+abe+bde+abf+g+abg+deg+afg
[1000100 0100110 0010000 0001010 0000100 0000010 0000101]0000100
[1000000 0100010 0010000 0001000 0000100 0000010 0000011]0000010
[1010100 0100100 0010000 0001110 0000100 0000010 0000111]0000010
[1000110 0100110 0010000 0001010 0000100 0000010 0000101]0000110
stabSize=16

anf=1+a+c+ac+bc+bcd+abe+bde+abf+g+abg+deg+afg
[1000100 0100110 0010000 0001010 0000100 0000010 0000101]0000100
[1000000 0100010 0010000 0001000 0000100 0000010 0000011]0000010
[1010100 0100100 0010000 0001110 0000100 0000010 0000111]0000010
[1000110 0100110 0010000 0001010 0000100 0000010 0000101]0000110
stabSize=16

anf=c+ac+bc+bcd+abe+bde+abf+g+abg+deg+afg
[1000100 0100110 0010000 0001010 0000100 0000010 0000101]0000100
[1000000 0100010 0010000 0001000 0000100 0000010 0000011]0000010
[1010100 0100100 0010000 0001110 0000100 0000010 0000111]0000010
[1000110 0100110 0010000 0001010 0000100 0000010 0000101]0000110
stabSize=16

anf=1+c+ac+bc+bcd+abe+bde+abf+g+abg+deg+afg
[1000100 0100110 0010000 0001010 0000100 0000010 0000101]0000100
[1000000 0100010 0010000 0001000 0000100 0000010 0000011]0000010
[1010100 0100100 0010000 0001110 0000100 0000010 0000111]0000010
[1000110 0100110 0010000 0001010 0000100 0000010 0000101]0000110
stabSize=16

anf=b+ac+bc+bcd+abe+bde+abf+g+abg+deg+afg
[1000100 0100110 0010000 0001010 0000100 0000010 0000101]0000100
[1000000 0100010 0010000 0001000 0000100 0000010 0000011]0000010
[1010010 0110110 0010000 0001100 0000100 0000010 0000101]0010010
[1000110 0100110 0010000 0001010 0000100 0000010 0000101]0000110
stabSize=16

anf=1+b+ac+bc+bcd+abe+bde+abf+g+abg+deg+afg
[1000100 0100110 0010000 0001010 0000100 0000010 0000101]0000100
[1000000 0100010 0010000 0001000 0000100 0000010 0000011]0000010
[1010010 0110110 0010000 0001100 0000100 0000010 0000101]0010010
[1000110 0100110 0010000 0001010 0000100 0000010 0000101]0000110
stabSize=16

anf=ac+bc+bcd+abe+bde+abf+g+abg+deg+afg
[1000100 0100110 0010000 0001010 0000100 0000010 0000101]0000100
[1000000 0100010 0010000 0001000 0000100 0000010 0000011]0000010
[1010010 0110110 0010000 0001100 0000100 0000010 0000101]0010010
[1000110 0100110 0010000 0001010 0000100 0000010 0000101]0000110
stabSize=16

anf=1+ac+bc+bcd+abe+bde+abf+g+abg+deg+afg
[1000100 0100110 0010000 0001010 0000100 0000010 0000101]0000100
[1000000 0100010 0010000 0001000 0000100 0000010 0000011]0000010
[1010010 0110110 0010000 0001100 0000100 0000010 0000101]0010010
[1000110 0100110 0010000 0001010 0000100 0000010 0000101]0000110
stabSize=16

anf=c+ac+bc+bcd+e+abe+bde+f+abf+abg+deg+afg
[1000010 0110100 0010000 0001000 0000100 0000010 0000111]0010100
stabSize=2

anf=1+c+ac+bc+bcd+e+abe+bde+f+abf+abg+deg+afg
[1000010 0110100 0010000 0001000 0000100 0000010 0000111]0010100
stabSize=2

anf=ac+bc+bcd+e+abe+bde+f+abf+abg+deg+afg
[1010110 0110000 0010000 0001110 0000100 0000010 0000001]0010110
stabSize=2

anf=1+ac+bc+bcd+e+abe+bde+f+abf+abg+deg+afg
[1010110 0110000 0010000 0001110 0000100 0000010 0000001]0010110
stabSize=2

anf=b+c+ac+bc+bcd+abe+bde+f+abf+abg+deg+afg
[1010000 0100000 0010000 0001100 0000100 0000010 0000001]0000100
[1010010 0110110 0010000 0001100 0000100 0000010 0000101]0010010
stabSize=4

anf=1+b+c+ac+bc+bcd+abe+bde+f+abf+abg+deg+afg
[1010000 0100000 0010000 0001100 0000100 0000010 0000001]0000100
[1010010 0110110 0010000 0001100 0000100 0000010 0000101]0010010
stabSize=4

anf=c+ac+bc+bcd+abe+bde+f+abf+abg+deg+afg
[1010000 0100000 0010000 0001100 0000100 0000010 0000001]0000100
[1010010 0110110 0010000 0001100 0000100 0000010 0000101]0010010
stabSize=4

anf=1+c+ac+bc+bcd+abe+bde+f+abf+abg+deg+afg
[1010000 0100000 0010000 0001100 0000100 0000010 0000001]0000100
[1010010 0110110 0010000 0001100 0000100 0000010 0000101]0010010
stabSize=4

anf=ac+bc+bcd+abe+bde+f+abf+abg+deg+afg
stabSize=1

anf=a+c+ac+bc+bcd+e+abe+bde+abf+abg+deg+afg
[1000010 0100000 0010000 0001000 0000100 0000010 0000001]0000010
[1000000 0100010 0010000 0001000 0000100 0000010 0000011]0000010
stabSize=4

anf=1+a+c+ac+bc+bcd+e+abe+bde+abf+abg+deg+afg
[1000010 0100000 0010000 0001000 0000100 0000010 0000001]0000010
[1000000 0100010 0010000 0001000 0000100 0000010 0000011]0000010
stabSize=4

anf=c+ac+bc+bcd+e+abe+bde+abf+abg+deg+afg
[1000010 0100000 0010000 0001000 0000100 0000010 0000001]0000010
[1000000 0100010 0010000 0001000 0000100 0000010 0000011]0000010
stabSize=4

anf=1+c+ac+bc+bcd+e+abe+bde+abf+abg+deg+afg
[1000010 0100000 0010000 0001000 0000100 0000010 0000001]0000010
[1000000 0100010 0010000 0001000 0000100 0000010 0000011]0000010
stabSize=4

anf=a+b+ac+bc+bcd+e+abe+bde+abf+abg+deg+afg
[1000010 0100000 0010000 0001000 0000100 0000010 0000001]0000010
[1000000 0100010 0010000 0001000 0000100 0000010 0000011]0000010
[1000110 0110010 0010000 0001010 0000100 0000010 0000011]0010000
stabSize=8

anf=1+a+b+ac+bc+bcd+e+abe+bde+abf+abg+deg+afg
[1000010 0100000 0010000 0001000 0000100 0000010 0000001]0000010
[1000000 0100010 0010000 0001000 0000100 0000010 0000011]0000010
[1000110 0110010 0010000 0001010 0000100 0000010 0000011]0010000
stabSize=8

anf=b+ac+bc+bcd+e+abe+bde+abf+abg+deg+afg
[1000010 0100000 0010000 0001000 0000100 0000010 0000001]0000010
[1000000 0100010 0010000 0001000 0000100 0000010 0000011]0000010
[1000110 0110010 0010000 0001010 0000100 0000010 0000011]0010000
stabSize=8

anf=1+b+ac+bc+bcd+e+abe+bde+abf+abg+deg+afg
[1000010 0100000 0010000 0001000 0000100 0000010 0000001]0000010
[1000000 0100010 0010000 0001000 0000100 0000010 0000011]0000010
[1000110 0110010 0010000 0001010 0000100 0000010 0000011]0010000
stabSize=8

anf=a+ac+bc+bcd+e+abe+bde+abf+abg+deg+afg
[1000010 0100000 0010000 0001000 0000100 0000010 0000001]0000010
[1000000 0100010 0010000 0001000 0000100 0000010 0000011]0000010
[1000110 0110010 0010000 0001010 0000100 0000010 0000011]0010000
stabSize=8

anf=1+a+ac+bc+bcd+e+abe+bde+abf+abg+deg+afg
[1000010 0100000 0010000 0001000 0000100 0000010 0000001]0000010
[1000000 0100010 0010000 0001000 0000100 0000010 0000011]0000010
[1000110 0110010 0010000 0001010 0000100 0000010 0000011]0010000
stabSize=8

anf=ac+bc+bcd+e+abe+bde+abf+abg+deg+afg
[1000010 0100000 0010000 0001000 0000100 0000010 0000001]0000010
[1000000 0100010 0010000 0001000 0000100 0000010 0000011]0000010
[1000110 0110010 0010000 0001010 0000100 0000010 0000011]0010000
stabSize=8

anf=1+ac+bc+bcd+e+abe+bde+abf+abg+deg+afg
[1000010 0100000 0010000 0001000 0000100 0000010 0000001]0000010
[1000000 0100010 0010000 0001000 0000100 0000010 0000011]0000010
[1000110 0110010 0010000 0001010 0000100 0000010 0000011]0010000
stabSize=8

anf=a+c+ac+bc+d+bcd+abe+bde+abf+abg+deg+afg
[1000100 0100110 0010000 0001010 0000100 0000010 0000101]0000100
[1000000 0100010 0010000 0001000 0000100 0000010 0000011]0000010
[1010100 0100100 0010000 0001110 0000100 0000010 0000111]0000010
[1000110 0100110 0010000 0001010 0000100 0000010 0000101]0000110
stabSize=16

anf=1+a+c+ac+bc+d+bcd+abe+bde+abf+abg+deg+afg
[1000100 0100110 0010000 0001010 0000100 0000010 0000101]0000100
[1000000 0100010 0010000 0001000 0000100 0000010 0000011]0000010
[1010100 0100100 0010000 0001110 0000100 0000010 0000111]0000010
[1000110 0100110 0010000 0001010 0000100 0000010 0000101]0000110
stabSize=16

anf=c+ac+bc+d+bcd+abe+bde+abf+abg+deg+afg
[1000100 0100110 0010000 0001010 0000100 0000010 0000101]0000100
[1000000 0100010 0010000 0001000 0000100 0000010 0000011]0000010
[1010100 0100100 0010000 0001110 0000100 0000010 0000111]0000010
[1000110 0100110 0010000 0001010 0000100 0000010 0000101]0000110
stabSize=16

anf=1+c+ac+bc+d+bcd+abe+bde+abf+abg+deg+afg
[1000100 0100110 0010000 0001010 0000100 0000010 0000101]0000100
[1000000 0100010 0010000 0001000 0000100 0000010 0000011]0000010
[1010100 0100100 0010000 0001110 0000100 0000010 0000111]0000010
[1000110 0100110 0010000 0001010 0000100 0000010 0000101]0000110
stabSize=16

anf=b+ac+bc+d+bcd+abe+bde+abf+abg+deg+afg
[1000100 0100110 0010000 0001010 0000100 0000010 0000101]0000100
[1000000 0100010 0010000 0001000 0000100 0000010 0000011]0000010
[1010010 0110110 0010000 0001100 0000100 0000010 0000101]0010010
[1000110 0100110 0010000 0001010 0000100 0000010 0000101]0000110
stabSize=16

anf=1+b+ac+bc+d+bcd+abe+bde+abf+abg+deg+afg
[1000100 0100110 0010000 0001010 0000100 0000010 0000101]0000100
[1000000 0100010 0010000 0001000 0000100 0000010 0000011]0000010
[1010010 0110110 0010000 0001100 0000100 0000010 0000101]0010010
[1000110 0100110 0010000 0001010 0000100 0000010 0000101]0000110
stabSize=16

anf=ac+bc+d+bcd+abe+bde+abf+abg+deg+afg
[1000100 0100110 0010000 0001010 0000100 0000010 0000101]0000100
[1000000 0100010 0010000 0001000 0000100 0000010 0000011]0000010
[1010010 0110110 0010000 0001100 0000100 0000010 0000101]0010010
[1000110 0100110 0010000 0001010 0000100 0000010 0000101]0000110
stabSize=16

anf=1+ac+bc+d+bcd+abe+bde+abf+abg+deg+afg
[1000100 0100110 0010000 0001010 0000100 0000010 0000101]0000100
[1000000 0100010 0010000 0001000 0000100 0000010 0000011]0000010
[1010010 0110110 0010000 0001100 0000100 0000010 0000101]0010010
[1000110 0100110 0010000 0001010 0000100 0000010 0000101]0000110
stabSize=16

anf=a+c+ac+bc+bcd+abe+bde+abf+abg+deg+afg
[1000100 0100110 0010000 0001010 0000100 0000010 0000101]0000100
[1000000 0100010 0010000 0001000 0000100 0000010 0000011]0000010
[1010100 0100100 0010000 0001110 0000100 0000010 0000111]0000010
[1000110 0100110 0010000 0001010 0000100 0000010 0000101]0000110
stabSize=16

anf=1+a+c+ac+bc+bcd+abe+bde+abf+abg+deg+afg
[1000100 0100110 0010000 0001010 0000100 0000010 0000101]0000100
[1000000 0100010 0010000 0001000 0000100 0000010 0000011]0000010
[1010100 0100100 0010000 0001110 0000100 0000010 0000111]0000010
[1000110 0100110 0010000 0001010 0000100 0000010 0000101]0000110
stabSize=16

anf=c+ac+bc+bcd+abe+bde+abf+abg+deg+afg
[1000100 0100110 0010000 0001010 0000100 0000010 0000101]0000100
[1000000 0100010 0010000 0001000 0000100 0000010 0000011]0000010
[1010100 0100100 0010000 0001110 0000100 0000010 0000111]0000010
[1000110 0100110 0010000 0001010 0000100 0000010 0000101]0000110
stabSize=16

anf=1+c+ac+bc+bcd+abe+bde+abf+abg+deg+afg
[1000100 0100110 0010000 0001010 0000100 0000010 0000101]0000100
[1000000 0100010 0010000 0001000 0000100 0000010 0000011]0000010
[1010100 0100100 0010000 0001110 0000100 0000010 0000111]0000010
[1000110 0100110 0010000 0001010 0000100 0000010 0000101]0000110
stabSize=16

anf=b+ac+bc+bcd+abe+bde+abf+abg+deg+afg
[1000100 0100110 0010000 0001010 0000100 0000010 0000101]0000100
[1000000 0100010 0010000 0001000 0000100 0000010 0000011]0000010
[1010010 0110110 0010000 0001100 0000100 0000010 0000101]0010010
[1000110 0100110 0010000 0001010 0000100 0000010 0000101]0000110
stabSize=16

anf=1+b+ac+bc+bcd+abe+bde+abf+abg+deg+afg
[1000100 0100110 0010000 0001010 0000100 0000010 0000101]0000100
[1000000 0100010 0010000 0001000 0000100 0000010 0000011]0000010
[1010010 0110110 0010000 0001100 0000100 0000010 0000101]0010010
[1000110 0100110 0010000 0001010 0000100 0000010 0000101]0000110
stabSize=16

anf=ac+bc+bcd+abe+bde+abf+abg+deg+afg
[1000100 0100110 0010000 0001010 0000100 0000010 0000101]0000100
[1000000 0100010 0010000 0001000 0000100 0000010 0000011]0000010
[1010010 0110110 0010000 0001100 0000100 0000010 0000101]0010010
[1000110 0100110 0010000 0001010 0000100 0000010 0000101]0000110
stabSize=16

anf=1+ac+bc+bcd+abe+bde+abf+abg+deg+afg
[1000100 0100110 0010000 0001010 0000100 0000010 0000101]0000100
[1000000 0100010 0010000 0001000 0000100 0000010 0000011]0000010
[1010010 0110110 0010000 0001100 0000100 0000010 0000101]0010010
[1000110 0100110 0010000 0001010 0000100 0000010 0000101]0000110
stabSize=16

anf=a+b+bc+d+bcd+abe+bde+abf+g+abg+deg+afg
[1000100 0100110 0010000 0011010 0000100 0000010 0000101]0000100
[0001100 1111110 0000010 1010010 0000100 0010000 0101001]0000110
[1000110 0100110 0010000 0011010 0000100 0000010 0000101]0000110
[1000000 0100000 0010000 0011000 0000100 0000010 0000001]0000000
stabSize=128

anf=1+a+b+bc+d+bcd+abe+bde+abf+g+abg+deg+afg
[1000100 0100110 0010000 0011010 0000100 0000010 0000101]0000100
[0001100 1111110 0000010 1010010 0000100 0010000 0101001]0000110
[1000110 0100110 0010000 0011010 0000100 0000010 0000101]0000110
[1000000 0100000 0010000 0011000 0000100 0000010 0000001]0000000
stabSize=128

anf=a+bc+bcd+abe+bde+abf+g+abg+deg+afg
[1000000 0100000 0010000 0011000 0000100 0000010 0000001]0000000
[1010010 0100000 0010000 0011100 0000100 0000010 0000001]0000110
[1000100 0100110 0010000 0011010 0000100 0000010 0000101]0000100
[1000110 0110100 0010000 0011010 0000100 0000010 0000111]0010100
[1000110 0100110 0010000 0001010 0000100 0000010 0000101]0000110
[1010110 0110110 0010000 0011110 0000100 0000010 0000101]0010010
stabSize=64

anf=1+a+bc+bcd+abe+bde+abf+g+abg+deg+afg
[1000000 0100000 0010000 0011000 0000100 0000010 0000001]0000000
[1010010 0100000 0010000 0011100 0000100 0000010 0000001]0000110
[1000100 0100110 0010000 0011010 0000100 0000010 0000101]0000100
[1000110 0110100 0010000 0011010 0000100 0000010 0000111]0010100
[1000110 0100110 0010000 0001010 0000100 0000010 0000101]0000110
[1010110 0110110 0010000 0011110 0000100 0000010 0000101]0010010
stabSize=64

anf=bc+bcd+abe+bde+abf+g+abg+deg+afg
[1000100 0100110 0010000 0011010 0000100 0000010 0000101]0000100
[0001100 1111110 0000010 1010010 0000100 0010000 0101001]0000110
[1000110 0100110 0010000 0011010 0000100 0000010 0000101]0000110
[1000000 0100000 0010000 0011000 0000100 0000010 0000001]0000000
stabSize=128

anf=1+bc+bcd+abe+bde+abf+g+abg+deg+afg
[1000100 0100110 0010000 0011010 0000100 0000010 0000101]0000100
[0001100 1111110 0000010 1010010 0000100 0010000 0101001]0000110
[1000110 0100110 0010000 0011010 0000100 0000010 0000101]0000110
[1000000 0100000 0010000 0011000 0000100 0000010 0000001]0000000
stabSize=128

anf=c+bc+bcd+e+abe+bde+f+abf+abg+deg+afg
[0001110 1111100 0000010 1010100 0000100 0010000 0101001]0000000
[1010010 0100000 0010000 0011100 0000100 0000010 0000001]0000110
stabSize=8

anf=1+c+bc+bcd+e+abe+bde+f+abf+abg+deg+afg
[0001110 1111100 0000010 1010100 0000100 0010000 0101001]0000000
[1010010 0100000 0010000 0011100 0000100 0000010 0000001]0000110
stabSize=8

anf=c+bc+bcd+abe+bde+f+abf+abg+deg+afg
[0011110 1111110 0000010 1010110 0000100 0010000 0101001]0010010
[1010110 0110110 0010000 0011110 0000100 0000010 0000101]0010010
stabSize=4

anf=b+bc+bcd+abe+bde+f+abf+abg+deg+afg
[1000000 0110000 0010000 0011000 0000100 0000010 0000001]0010000
[1000000 0100000 0010000 0011000 0000100 0000010 0000001]0000000
[1010000 0110000 0010000 0011100 0000100 0000010 0000001]0010100
stabSize=8

anf=1+b+bc+bcd+abe+bde+f+abf+abg+deg+afg
[1000000 0110000 0010000 0011000 0000100 0000010 0000001]0010000
[1000000 0100000 0010000 0011000 0000100 0000010 0000001]0000000
[1010000 0110000 0010000 0011100 0000100 0000010 0000001]0010100
stabSize=8

anf=c+bc+bcd+e+abe+bde+abf+abg+deg+afg
[1000010 0100010 0010000 0001000 0000100 0000010 0000011]0000000
[1000010 0100000 0010000 0001000 0000100 0000010 0000001]0000010
stabSize=4

anf=1+c+bc+bcd+e+abe+bde+abf+abg+deg+afg
[1000010 0100010 0010000 0001000 0000100 0000010 0000011]0000000
[1000010 0100000 0010000 0001000 0000100 0000010 0000001]0000010
stabSize=4

anf=b+bc+bcd+e+abe+bde+abf+abg+deg+afg
[1000010 0100000 0010000 0011000 0000100 0000010 0000001]0000010
[0011000 1101010 0000010 1000010 0000100 0010000 0101101]0010010
[1000000 0100000 0010000 0011000 0000100 0000010 0000001]0000000
stabSize=32

anf=1+b+bc+bcd+e+abe+bde+abf+abg+deg+afg
[1000010 0100000 0010000 0011000 0000100 0000010 0000001]0000010
[0011000 1101010 0000010 1000010 0000100 0010000 0101101]0010010
[1000000 0100000 0010000 0011000 0000100 0000010 0000001]0000000
stabSize=32

anf=a+bc+bcd+e+abe+bde+abf+abg+deg+afg
[0001110 1111100 0000010 1010100 0000100 0010000 0101001]0000000
[1000010 0100000 0010000 0011000 0000100 0000010 0000001]0000010
[1000000 0100000 0010000 0011000 0000100 0000010 0000001]0000000
stabSize=32

anf=1+a+bc+bcd+e+abe+bde+abf+abg+deg+afg
[0001110 1111100 0000010 1010100 0000100 0010000 0101001]0000000
[1000010 0100000 0010000 0011000 0000100 0000010 0000001]0000010
[1000000 0100000 0010000 0011000 0000100 0000010 0000001]0000000
stabSize=32

anf=bc+bcd+e+abe+bde+abf+abg+deg+afg
[1000000 0100000 0010000 0011000 0000100 0000010 0000001]0000000
[1000010 0110000 0010000 0001000 0000100 0000010 0000001]0010010
[1000010 0100000 0010000 0011000 0000100 0000010 0000001]0000010
[1000000 0110010 0010000 0011000 0000100 0000010 0000011]0010010
stabSize=16

anf=1+bc+bcd+e+abe+bde+abf+abg+deg+afg
[1000000 0100000 0010000 0011000 0000100 0000010 0000001]0000000
[1000010 0110000 0010000 0001000 0000100 0000010 0000001]0010010
[1000010 0100000 0010000 0011000 0000100 0000010 0000001]0000010
[1000000 0110010 0010000 0011000 0000100 0000010 0000011]0010010
stabSize=16

anf=a+b+bc+d+bcd+abe+bde+abf+abg+deg+afg
[1000100 0100110 0010000 0011010 0000100 0000010 0000101]0000100
[0001100 1111110 0000010 1010010 0000100 0010000 0101001]0000110
[1000110 0100110 0010000 0011010 0000100 0000010 0000101]0000110
[1000000 0100000 0010000 0011000 0000100 0000010 0000001]0000000
stabSize=128

anf=1+a+b+bc+d+bcd+abe+bde+abf+abg+deg+afg
[1000100 0100110 0010000 0011010 0000100 0000010 0000101]0000100
[0001100 1111110 0000010 1010010 0000100 0010000 0101001]0000110
[1000110 0100110 0010000 0011010 0000100 0000010 0000101]0000110
[1000000 0100000 0010000 0011000 0000100 0000010 0000001]0000000
stabSize=128

anf=a+bc+d+bcd+abe+bde+abf+abg+deg+afg
[1000000 0100000 0010000 0011000 0000100 0000010 0000001]0000000
[1010010 0100000 0010000 0011100 0000100 0000010 0000001]0000110
[1000100 0100110 0010000 0011010 0000100 0000010 0000101]0000100
[1000110 0110100 0010000 0011010 0000100 0000010 0000111]0010100
[1000110 0100110 0010000 0001010 0000100 0000010 0000101]0000110
[1010110 0110110 0010000 0011110 0000100 0000010 0000101]0010010
stabSize=64

anf=1+a+bc+d+bcd+abe+bde+abf+abg+deg+afg
[1000000 0100000 0010000 0011000 0000100 0000010 0000001]0000000
[1010010 0100000 0010000 0011100 0000100 0000010 0000001]0000110
[1000100 0100110 0010000 0011010 0000100 0000010 0000101]0000100
[1000110 0110100 0010000 0011010 0000100 0000010 0000111]0010100
[1000110 0100110 0010000 0001010 0000100 0000010 0000101]0000110
[1010110 0110110 0010000 0011110 0000100 0000010 0000101]0010010
stabSize=64

anf=bc+d+bcd+abe+bde+abf+abg+deg+afg
[1000000 0100000 0010000 0011000 0000100 0000010 0000001]0000000
[1010010 0100000 0010000 0011100 0000100 0000010 0000001]0000110
[1000100 0100110 0010000 0011010 0000100 0000010 0000101]0000100
[1000110 0110100 0010000 0011010 0000100 0000010 0000111]0010100
[1000110 0100110 0010000 0001010 0000100 0000010 0000101]0000110
[1010110 0110110 0010000 0011110 0000100 0000010 0000101]0010010
stabSize=64

anf=1+bc+d+bcd+abe+bde+abf+abg+deg+afg
[1000000 0100000 0010000 0011000 0000100 0000010 0000001]0000000
[1010010 0100000 0010000 0011100 0000100 0000010 0000001]0000110
[1000100 0100110 0010000 0011010 0000100 0000010 0000101]0000100
[1000110 0110100 0010000 0011010 0000100 0000010 0000111]0010100
[1000110 0100110 0010000 0001010 0000100 0000010 0000101]0000110
[1010110 0110110 0010000 0011110 0000100 0000010 0000101]0010010
stabSize=64

anf=c+bc+bcd+abe+bde+abf+abg+deg+afg
[1000010 0100000 0010000 0001000 0000100 0000010 0000001]0000010
[1000100 0100100 0010000 0001010 0000100 0000010 0000111]0000110
[1000110 0100110 0010000 0001010 0000100 0000010 0000101]0000110
stabSize=8

anf=1+c+bc+bcd+abe+bde+abf+abg+deg+afg
[1000010 0100000 0010000 0001000 0000100 0000010 0000001]0000010
[1000100 0100100 0010000 0001010 0000100 0000010 0000111]0000110
[1000110 0100110 0010000 0001010 0000100 0000010 0000101]0000110
stabSize=8

anf=a+b+bc+bcd+abe+bde+abf+abg+deg+afg
[1000000 0100000 0010000 0011000 0000100 0000010 0000001]0000000
[1010010 0100000 0010000 0011100 0000100 0000010 0000001]0000110
[1000100 0100110 0010000 0011010 0000100 0000010 0000101]0000100
[1000110 0110100 0010000 0011010 0000100 0000010 0000111]0010100
[1000110 0100110 0010000 0001010 0000100 0000010 0000101]0000110
[1010110 0110110 0010000 0011110 0000100 0000010 0000101]0010010
stabSize=64

anf=1+a+b+bc+bcd+abe+bde+abf+abg+deg+afg
[1000000 0100000 0010000 0011000 0000100 0000010 0000001]0000000
[1010010 0100000 0010000 0011100 0000100 0000010 0000001]0000110
[1000100 0100110 0010000 0011010 0000100 0000010 0000101]0000100
[1000110 0110100 0010000 0011010 0000100 0000010 0000111]0010100
[1000110 0100110 0010000 0001010 0000100 0000010 0000101]0000110
[1010110 0110110 0010000 0011110 0000100 0000010 0000101]0010010
stabSize=64

anf=b+bc+bcd+abe+bde+abf+abg+deg+afg
[1000000 0100000 0010000 0011000 0000100 0000010 0000001]0000000
[1010010 0100000 0010000 0011100 0000100 0000010 0000001]0000110
[1000100 0100110 0010000 0011010 0000100 0000010 0000101]0000100
[1000110 0110100 0010000 0011010 0000100 0000010 0000111]0010100
[1000110 0100110 0010000 0001010 0000100 0000010 0000101]0000110
[1010110 0110110 0010000 0011110 0000100 0000010 0000101]0010010
stabSize=64

anf=1+b+bc+bcd+abe+bde+abf+abg+deg+afg
[1000000 0100000 0010000 0011000 0000100 0000010 0000001]0000000
[1010010 0100000 0010000 0011100 0000100 0000010 0000001]0000110
[1000100 0100110 0010000 0011010 0000100 0000010 0000101]0000100
[1000110 0110100 0010000 0011010 0000100 0000010 0000111]0010100
[1000110 0100110 0010000 0001010 0000100 0000010 0000101]0000110
[1010110 0110110 0010000 0011110 0000100 0000010 0000101]0010010
stabSize=64

anf=a+bc+bcd+abe+bde+abf+abg+deg+afg
[1000000 0100000 0010000 0011000 0000100 0000010 0000001]0000000
[1010010 0100000 0010000 0011100 0000100 0000010 0000001]0000110
[1000100 0100110 0010000 0011010 0000100 0000010 0000101]0000100
[1000110 0110100 0010000 0011010 0000100 0000010 0000111]0010100
[1000110 0100110 0010000 0001010 0000100 0000010 0000101]0000110
[1010110 0110110 0010000 0011110 0000100 0000010 0000101]0010010
stabSize=64

anf=1+a+bc+bcd+abe+bde+abf+abg+deg+afg
[1000000 0100000 0010000 0011000 0000100 0000010 0000001]0000000
[1010010 0100000 0010000 0011100 0000100 0000010 0000001]0000110
[1000100 0100110 0010000 0011010 0000100 0000010 0000101]0000100
[1000110 0110100 0010000 0011010 0000100 0000010 0000111]0010100
[1000110 0100110 0010000 0001010 0000100 0000010 0000101]0000110
[1010110 0110110 0010000 0011110 0000100 0000010 0000101]0010010
stabSize=64

anf=bc+bcd+abe+bde+abf+abg+deg+afg
[1000100 0100110 0010000 0011010 0000100 0000010 0000101]0000100
[0001100 1111110 0000010 1010010 0000100 0010000 0101001]0000110
[1000110 0100110 0010000 0011010 0000100 0000010 0000101]0000110
[1000000 0100000 0010000 0011000 0000100 0000010 0000001]0000000
stabSize=128

anf=1+bc+bcd+abe+bde+abf+abg+deg+afg
[1000100 0100110 0010000 0011010 0000100 0000010 0000101]0000100
[0001100 1111110 0000010 1010010 0000100 0010000 0101001]0000110
[1000110 0100110 0010000 0011010 0000100 0000010 0000101]0000110
[1000000 0100000 0010000 0011000 0000100 0000010 0000001]0000000
stabSize=128

anf=b+ac+d+bcd+abe+bde+abf+g+abg+deg+afg
[1010000 0100000 0010000 0001100 0000100 0000010 0010111]0010000
[1011010 0000011 0010110 0001110 0000100 0000010 0100010]0000110
[1010100 0100110 0010000 0001110 0000100 0000010 0010011]0010100
[1000110 0100110 0010000 0001010 0000100 0000010 0000101]0000110
stabSize=64

anf=1+b+ac+d+bcd+abe+bde+abf+g+abg+deg+afg
[1010000 0100000 0010000 0001100 0000100 0000010 0010111]0010000
[1011010 0000011 0010110 0001110 0000100 0000010 0100010]0000110
[1010100 0100110 0010000 0001110 0000100 0000010 0010011]0010100
[1000110 0100110 0010000 0001010 0000100 0000010 0000101]0000110
stabSize=64

anf=b+ac+bcd+abe+bde+abf+g+abg+deg+afg
[1010000 0100000 0010000 0001100 0000100 0000010 0010111]0010000
[1001100 0010001 0010110 0001010 0000100 0000010 0110100]0000000
[1010100 0100110 0010000 0001110 0000100 0000010 0010011]0010100
[1000110 0100110 0010000 0001010 0000100 0000010 0000101]0000110
stabSize=64

anf=1+b+ac+bcd+abe+bde+abf+g+abg+deg+afg
[1010000 0100000 0010000 0001100 0000100 0000010 0010111]0010000
[1001100 0010001 0010110 0001010 0000100 0000010 0110100]0000000
[1010100 0100110 0010000 0001110 0000100 0000010 0010011]0010100
[1000110 0100110 0010000 0001010 0000100 0000010 0000101]0000110
stabSize=64

anf=b+c+ac+bcd+e+abe+bde+f+abf+abg+deg+afg
[1010110 0110010 0010000 0001110 0000100 0000010 0010101]0000000
[1010100 0100110 0010000 0001110 0000100 0000010 0010011]0010100
[1000000 0110010 0010000 0001000 0000100 0000010 0010101]0000110
stabSize=8

anf=c+ac+bcd+e+abe+bde+f+abf+abg+deg+afg
[1001000 0000001 0010110 0001000 0000100 0000010 0100000]0000000
[1011000 0010101 0010110 0001110 0000100 0000010 0110010]0000000
[1010100 0100110 0010000 0001110 0000100 0000010 0010011]0010100
stabSize=16

anf=1+c+ac+bcd+e+abe+bde+f+abf+abg+deg+afg
[1001000 0000001 0010110 0001000 0000100 0000010 0100000]0000000
[1011000 0010101 0010110 0001110 0000100 0000010 0110010]0000000
[1010100 0100110 0010000 0001110 0000100 0000010 0010011]0010100
stabSize=16

anf=ac+bcd+e+abe+bde+f+abf+abg+deg+afg
[1011010 0010111 0010110 0001110 0000100 0000010 0110000]0000000
[1001000 0000001 0010110 0001000 0000100 0000010 0100000]0000000
stabSize=4

anf=ac+bcd+abe+bde+f+abf+abg+deg+afg
[1000010 0100100 0010000 0001000 0000100 0000010 0010001]0010000
[1010000 0110000 0010000 0001100 0000100 0000010 0000001]0010100
stabSize=4

anf=1+ac+bcd+abe+bde+f+abf+abg+deg+afg
[1000010 0100100 0010000 0001000 0000100 0000010 0010001]0010000
[1010000 0110000 0010000 0001100 0000100 0000010 0000001]0010100
stabSize=4

anf=a+ac+bcd+e+abe+bde+abf+abg+deg+afg
[1000100 0110000 0010000 0001010 0000100 0000010 0000001]0010000
[1000110 0110010 0010000 0001010 0000100 0000010 0000011]0010000
[1000010 0100000 0010000 0001000 0000100 0000010 0000001]0000010
stabSize=8

anf=1+a+ac+bcd+e+abe+bde+abf+abg+deg+afg
[1000100 0110000 0010000 0001010 0000100 0000010 0000001]0010000
[1000110 0110010 0010000 0001010 0000100 0000010 0000011]0010000
[1000010 0100000 0010000 0001000 0000100 0000010 0000001]0000010
stabSize=8

anf=ac+bcd+e+abe+bde+abf+abg+deg+afg
[1000100 0110000 0010000 0001010 0000100 0000010 0000001]0010000
[1000110 0110010 0010000 0001010 0000100 0000010 0000011]0010000
[1000010 0100000 0010000 0001000 0000100 0000010 0000001]0000010
stabSize=8

anf=1+ac+bcd+e+abe+bde+abf+abg+deg+afg
[1000100 0110000 0010000 0001010 0000100 0000010 0000001]0010000
[1000110 0110010 0010000 0001010 0000100 0000010 0000011]0010000
[1000010 0100000 0010000 0001000 0000100 0000010 0000001]0000010
stabSize=8

anf=c+ac+d+bcd+abe+bde+abf+abg+deg+afg
[1010010 0100100 0010000 0001100 0000100 0000010 0000111]0000000
[1000100 0100100 0010000 0001010 0000100 0000010 0000111]0000110
[1000100 0100110 0010000 0001010 0000100 0000010 0000101]0000100
[1000110 0100110 0010000 0001010 0000100 0000010 0000101]0000110
stabSize=16

anf=1+c+ac+d+bcd+abe+bde+abf+abg+deg+afg
[1010010 0100100 0010000 0001100 0000100 0000010 0000111]0000000
[1000100 0100100 0010000 0001010 0000100 0000010 0000111]0000110
[1000100 0100110 0010000 0001010 0000100 0000010 0000101]0000100
[1000110 0100110 0010000 0001010 0000100 0000010 0000101]0000110
stabSize=16

anf=b+ac+d+bcd+abe+bde+abf+abg+deg+afg
[1010100 0110100 0010000 0001110 0000100 0000010 0000111]0010010
[1000100 0100100 0010000 0001010 0000100 0000010 0000111]0000110
[1010000 0100000 0010000 0001100 0000100 0000010 0010111]0010000
[1010100 0100110 0010000 0001110 0000100 0000010 0010011]0010100
[1000110 0100110 0010000 0001010 0000100 0000010 0000101]0000110
stabSize=32

anf=1+b+ac+d+bcd+abe+bde+abf+abg+deg+afg
[1010100 0110100 0010000 0001110 0000100 0000010 0000111]0010010
[1000100 0100100 0010000 0001010 0000100 0000010 0000111]0000110
[1010000 0100000 0010000 0001100 0000100 0000010 0010111]0010000
[1010100 0100110 0010000 0001110 0000100 0000010 0010011]0010100
[1000110 0100110 0010000 0001010 0000100 0000010 0000101]0000110
stabSize=32

anf=ac+d+bcd+abe+bde+abf+abg+deg+afg
[1010000 0100000 0010000 0001100 0000100 0000010 0010111]0010000
[1011010 0000011 0010110 0001110 0000100 0000010 0100010]0000110
[1010100 0100110 0010000 0001110 0000100 0000010 0010011]0010100
[1000110 0100110 0010000 0001010 0000100 0000010 0000101]0000110
stabSize=64

anf=1+ac+d+bcd+abe+bde+abf+abg+deg+afg
[1010000 0100000 0010000 0001100 0000100 0000010 0010111]0010000
[1011010 0000011 0010110 0001110 0000100 0000010 0100010]0000110
[1010100 0100110 0010000 0001110 0000100 0000010 0010011]0010100
[1000110 0100110 0010000 0001010 0000100 0000010 0000101]0000110
stabSize=64

anf=a+c+ac+bcd+abe+bde+abf+abg+deg+afg
[1010010 0100100 0010000 0001100 0000100 0000010 0000111]0000000
[1000100 0100110 0010000 0001010 0000100 0000010 0000101]0000100
[1011010 0000011 0010110 0001110 0000100 0000010 0100010]0000110
[1000110 0100110 0010000 0001010 0000100 0000010 0000101]0000110
stabSize=32

anf=1+a+c+ac+bcd+abe+bde+abf+abg+deg+afg
[1010010 0100100 0010000 0001100 0000100 0000010 0000111]0000000
[1000100 0100110 0010000 0001010 0000100 0000010 0000101]0000100
[1011010 0000011 0010110 0001110 0000100 0000010 0100010]0000110
[1000110 0100110 0010000 0001010 0000100 0000010 0000101]0000110
stabSize=32

anf=c+ac+bcd+abe+bde+abf+abg+deg+afg
[1010010 0100100 0010000 0001100 0000100 0000010 0000111]0000000
[1000100 0100110 0010000 0001010 0000100 0000010 0000101]0000100
[1011010 0000011 0010110 0001110 0000100 0000010 0100010]0000110
[1000110 0100110 0010000 0001010 0000100 0000010 0000101]0000110
stabSize=32

anf=1+c+ac+bcd+abe+bde+abf+abg+deg+afg
[1010010 0100100 0010000 0001100 0000100 0000010 0000111]0000000
[1000100 0100110 0010000 0001010 0000100 0000010 0000101]0000100
[1011010 0000011 0010110 0001110 0000100 0000010 0100010]0000110
[1000110 0100110 0010000 0001010 0000100 0000010 0000101]0000110
stabSize=32

anf=b+ac+bcd+abe+bde+abf+abg+deg+afg
[1010100 0110100 0010000 0001110 0000100 0000010 0000111]0010010
[1000100 0100100 0010000 0001010 0000100 0000010 0000111]0000110
[1010000 0100000 0010000 0001100 0000100 0000010 0010111]0010000
[1010100 0100110 0010000 0001110 0000100 0000010 0010011]0010100
[1000110 0100110 0010000 0001010 0000100 0000010 0000101]0000110
stabSize=32

anf=1+b+ac+bcd+abe+bde+abf+abg+deg+afg
[1010100 0110100 0010000 0001110 0000100 0000010 0000111]0010010
[1000100 0100100 0010000 0001010 0000100 0000010 0000111]0000110
[1010000 0100000 0010000 0001100 0000100 0000010 0010111]0010000
[1010100 0100110 0010000 0001110 0000100 0000010 0010011]0010100
[1000110 0100110 0010000 0001010 0000100 0000010 0000101]0000110
stabSize=32

anf=ac+bcd+abe+bde+abf+abg+deg+afg
[1010000 0100000 0010000 0001100 0000100 0000010 0010111]0010000
[1001100 0010001 0010110 0001010 0000100 0000010 0110100]0000000
[1010100 0100110 0010000 0001110 0000100 0000010 0010011]0010100
[1000110 0100110 0010000 0001010 0000100 0000010 0000101]0000110
stabSize=64

anf=1+ac+bcd+abe+bde+abf+abg+deg+afg
[1010000 0100000 0010000 0001100 0000100 0000010 0010111]0010000
[1001100 0010001 0010110 0001010 0000100 0000010 0110100]0000000
[1010100 0100110 0010000 0001110 0000100 0000010 0010011]0010100
[1000110 0100110 0010000 0001010 0000100 0000010 0000101]0000110
stabSize=64

anf=c+bcd+e+abe+bde+f+abf+abg+deg+afg
[1010100 0110101 0010000 1011010 0000100 0010110 0000001]0010100
[0100000 1000000 0010110 0110101 0000100 0000010 1011010]0000000
[0100111 1001110 0000010 0010011 0000100 0010000 0011010]0010010
stabSize=48

anf=a+bcd+e+abe+bde+abf+abg+deg+afg
[0001110 0110000 0000010 1010100 0000100 0010000 0100011]0000010
[1000010 0100000 0010000 0001000 0000100 0000010 0000001]0000010
[1000000 0110000 0010000 0011000 0000100 0000010 0000001]0000000
[0100111 1001110 0000010 0010011 0000100 0010000 0011010]0010010
stabSize=64

anf=1+a+bcd+e+abe+bde+abf+abg+deg+afg
[0001110 0110000 0000010 1010100 0000100 0010000 0100011]0000010
[1000010 0100000 0010000 0001000 0000100 0000010 0000001]0000010
[1000000 0110000 0010000 0011000 0000100 0000010 0000001]0000000
[0100111 1001110 0000010 0010011 0000100 0010000 0011010]0010010
stabSize=64

anf=bcd+e+abe+bde+abf+abg+deg+afg
[0100011 1011000 0000010 0000011 0000100 0010000 0001000]0000010
[1000010 0110000 0010000 0011000 0000100 0000010 0000001]0000010
[1000000 0100000 0010000 0011000 0000100 0000010 0000001]0010000
[1000010 0100000 0010000 0001000 0000100 0000010 0000001]0000010
stabSize=32

anf=b+d+bcd+abe+bde+abf+abg+deg+afg
[1000010 0110000 0010000 0001000 0000100 0000010 0000001]0010010
[0010101 0001110 0010000 0100000 0000100 0010110 1000000]0010000
[1000000 0100101 0010000 1001000 0000100 0010110 0000001]0000000
[1000110 0100110 0010000 0001010 0000100 0000010 0000101]0000110
[1010000 0110111 0010000 1011100 0000100 0010110 0000101]0010000
stabSize=512

anf=1+b+d+bcd+abe+bde+abf+abg+deg+afg
[1000010 0110000 0010000 0001000 0000100 0000010 0000001]0010010
[0010101 0001110 0010000 0100000 0000100 0010110 1000000]0010000
[1000000 0100101 0010000 1001000 0000100 0010110 0000001]0000000
[1000110 0100110 0010000 0001010 0000100 0000010 0000101]0000110
[1010000 0110111 0010000 1011100 0000100 0010110 0000101]0010000
stabSize=512

anf=c+bcd+abe+bde+abf+abg+deg+afg
[0000111 1001100 0010000 0100001 0000100 0000010 1000100]0000010
[0100010 1000010 0010110 0100011 0000100 0000010 1001000]0000110
[1000100 0100110 0010000 0001010 0000100 0000010 0000101]0000100
[1000110 0100110 0010000 0001010 0000100 0000010 0000101]0000110
stabSize=32

anf=1+c+bcd+abe+bde+abf+abg+deg+afg
[0000111 1001100 0010000 0100001 0000100 0000010 1000100]0000010
[0100010 1000010 0010110 0100011 0000100 0000010 1001000]0000110
[1000100 0100110 0010000 0001010 0000100 0000010 0000101]0000100
[1000110 0100110 0010000 0001010 0000100 0000010 0000101]0000110
stabSize=32

anf=a+b+bcd+abe+bde+abf+abg+deg+afg
[1000010 0100000 0010000 0001000 0000100 0000010 0000001]0000010
[0100111 1001110 0000010 0010011 0000100 0010000 0011010]0010010
[1000110 0100110 0010000 0001010 0000100 0000010 0000101]0000110
[1000110 0110110 0010000 0011010 0000100 0000010 0000101]0000110
[1010100 0100000 0010000 0011110 0000100 0000010 0000001]0010100
stabSize=256

anf=1+a+b+bcd+abe+bde+abf+abg+deg+afg
[1000010 0100000 0010000 0001000 0000100 0000010 0000001]0000010
[0100111 1001110 0000010 0010011 0000100 0010000 0011010]0010010
[1000110 0100110 0010000 0001010 0000100 0000010 0000101]0000110
[1000110 0110110 0010000 0011010 0000100 0000010 0000101]0000110
[1010100 0100000 0010000 0011110 0000100 0000010 0000001]0010100
stabSize=256

anf=a+bcd+abe+bde+abf+abg+deg+afg
[1000010 0100000 0010000 0001000 0000100 0000010 0000001]0000010
[1011100 0010011 0010110 0011010 0000100 0000010 0110110]0010000
[1000110 0100110 0010000 0001010 0000100 0000010 0000101]0000110
[1010110 0100010 0010000 0011110 0000100 0000010 0010101]0000010
[1010110 0110000 0010000 0001110 0000100 0000010 0000001]0010110
stabSize=256

anf=1+a+bcd+abe+bde+abf+abg+deg+afg
[1000010 0100000 0010000 0001000 0000100 0000010 0000001]0000010
[1011100 0010011 0010110 0011010 0000100 0000010 0110110]0010000
[1000110 0100110 0010000 0001010 0000100 0000010 0000101]0000110
[1010110 0100010 0010000 0011110 0000100 0000010 0010101]0000010
[1010110 0110000 0010000 0001110 0000100 0000010 0000001]0010110
stabSize=256

anf=bcd+abe+bde+abf+abg+deg+afg
[0100111 1001110 0000010 0010011 0000100 0010000 0011010]0010010
[1000000 0100101 0010000 1001000 0000100 0010110 0000001]0000000
[1001110 0100001 0010110 1010010 0000100 0010000 0110100]0010110
[1000110 0100110 0010000 0001010 0000100 0000010 0000101]0000110
stabSize=1536

anf=1+bcd+abe+bde+abf+abg+deg+afg
[0100111 1001110 0000010 0010011 0000100 0010000 0011010]0010010
[1000000 0100101 0010000 1001000 0000100 0010110 0000001]0000000
[1001110 0100001 0010110 1010010 0000100 0010000 0110100]0010110
[1000110 0100110 0010000 0001010 0000100 0000010 0000101]0000110
stabSize=1536

anf=bc+abc+ad+bd+bcd+ae+ce+cde+f+bf+def+abg+afg+efg
[1010111 1110001 0010001 0010011 0101111 1100100 0010000]1011111
stabSize=12

anf=1+bc+abc+ad+bd+bcd+ae+ce+cde+f+bf+def+abg+afg+efg
[1010111 1110001 0010001 0010011 0101111 1100100 0010000]1011111
stabSize=12

anf=a+bc+abc+d+ad+bd+bcd+ae+ce+cde+bf+def+abg+afg+efg
[0011110 1000000 0000001 1110101 1001100 0001000 0010001]0110101
stabSize=6

anf=bc+abc+d+ad+bd+bcd+ae+ce+cde+bf+def+abg+afg+efg
[0100111 1000100 0010000 0001001 0010111 0010011 0000001]0010011
[1001001 1010111 0010000 0001000 1101011 0010011 0000001]0000000
stabSize=8

anf=1+bc+abc+d+ad+bd+bcd+ae+ce+cde+bf+def+abg+afg+efg
[0100111 1000100 0010000 0001001 0010111 0010011 0000001]0010011
[1001001 1010111 0010000 0001000 1101011 0010011 0000001]0000000
stabSize=8

anf=b+c+bc+abc+ad+bd+bcd+ae+ce+cde+bf+def+abg+afg+efg
[0101110 0100010 0010000 0001001 1101001 0000010 0000001]0000010
stabSize=2

anf=1+b+c+bc+abc+ad+bd+bcd+ae+ce+cde+bf+def+abg+afg+efg
[0101110 0100010 0010000 0001001 1101001 0000010 0000001]0000010
stabSize=2

anf=a+c+bc+abc+ad+bd+bcd+ae+ce+cde+bf+def+abg+afg+efg
[0101110 0100010 0010000 0001001 1101001 0000010 0000001]0000010
stabSize=2

anf=1+a+c+bc+abc+ad+bd+bcd+ae+ce+cde+bf+def+abg+afg+efg
[0101110 0100010 0010000 0001001 1101001 0000010 0000001]0000010
stabSize=2

anf=c+bc+abc+ad+bd+bcd+ae+ce+cde+bf+def+abg+afg+efg
stabSize=1

anf=1+c+bc+abc+ad+bd+bcd+ae+ce+cde+bf+def+abg+afg+efg
stabSize=1

anf=a+bc+abc+ad+bd+bcd+ae+ce+cde+bf+def+abg+afg+efg
[0101111 0110010 0010000 0001001 1111000 0000010 0000001]0010011
[1001010 1001110 0010000 0011000 1100000 0010010 0000001]0001010
stabSize=8

anf=1+a+bc+abc+ad+bd+bcd+ae+ce+cde+bf+def+abg+afg+efg
[0101111 0110010 0010000 0001001 1111000 0000010 0000001]0010011
[1001010 1001110 0010000 0011000 1100000 0010010 0000001]0001010
stabSize=8

anf=bc+abc+ad+bd+bcd+ae+ce+cde+bf+def+abg+afg+efg
[0100110 1010100 0010000 0001001 0000110 0010011 0000001]0000010
stabSize=4

anf=1+bc+abc+ad+bd+bcd+ae+ce+cde+bf+def+abg+afg+efg
[0100110 1010100 0010000 0001001 0000110 0010011 0000001]0000010
stabSize=4

anf=ab+ac+abc+bd+bcd+cde+f+bf+def+g+abg+afg+efg
[0000001 0000010 0000100 0001000 0010000 0100000 1000000]0110110
[1001001 0111101 0000100 0001000 1100011 0100100 1000000]0110010
stabSize=6

anf=1+ab+ac+abc+bd+bcd+cde+f+bf+def+g+abg+afg+efg
[0000001 0000010 0000100 0001000 0010000 0100000 1000000]0110110
[1001001 0111101 0000100 0001000 1100011 0100100 1000000]0110010
stabSize=6

anf=ab+c+ac+abc+bd+bcd+e+cde+bf+def+g+abg+afg+efg
[1001001 0111101 0000100 0001000 1100011 0100100 1000000]0110010
stabSize=3

anf=1+ab+c+ac+abc+bd+bcd+e+cde+bf+def+g+abg+afg+efg
[1001001 0111101 0000100 0001000 1100011 0100100 1000000]0110010
stabSize=3

anf=ab+ac+abc+bd+bcd+e+cde+bf+def+g+abg+afg+efg
[1001001 1011110 0010000 0001000 1100011 0010010 0000001]0010000
stabSize=2

anf=1+ab+ac+abc+bd+bcd+e+cde+bf+def+g+abg+afg+efg
[1001001 1011110 0010000 0001000 1100011 0010010 0000001]0010000
stabSize=2

anf=ab+c+ac+abc+bd+bcd+cde+bf+def+g+abg+afg+efg
[1000000 0100100 1100011 0001000 0000100 0111101 1001001]1001100
stabSize=2

anf=1+ab+c+ac+abc+bd+bcd+cde+bf+def+g+abg+afg+efg
[1000000 0100100 1100011 0001000 0000100 0111101 1001001]1001100
stabSize=2

anf=b+ab+ac+abc+bd+bcd+cde+bf+def+g+abg+afg+efg
[0000001 0000010 0000100 0001000 0010000 0100000 1000000]0110110
[1001001 0111101 0000100 0001000 1100011 0100100 1000000]0110010
stabSize=6

anf=1+b+ab+ac+abc+bd+bcd+cde+bf+def+g+abg+afg+efg
[0000001 0000010 0000100 0001000 0010000 0100000 1000000]0110110
[1001001 0111101 0000100 0001000 1100011 0100100 1000000]0110010
stabSize=6

anf=ab+ac+abc+bd+bcd+cde+bf+def+g+abg+afg+efg
stabSize=1

anf=1+ab+ac+abc+bd+bcd+cde+bf+def+g+abg+afg+efg
stabSize=1

anf=ab+ac+abc+d+bd+bcd+e+cde+f+bf+def+abg+afg+efg
[1001001 1011110 0010000 0001000 1100011 0010010 0000001]0010000
stabSize=2

anf=1+ab+ac+abc+d+bd+bcd+e+cde+f+bf+def+abg+afg+efg
[1001001 1011110 0010000 0001000 1100011 0010010 0000001]0010000
stabSize=2

anf=b+ab+ac+abc+d+bd+bcd+cde+f+bf+def+abg+afg+efg
[1001001 1011110 0010000 0001000 1100011 0010010 0000001]0010000
stabSize=2

anf=1+b+ab+ac+abc+d+bd+bcd+cde+f+bf+def+abg+afg+efg
[1001001 1011110 0010000 0001000 1100011 0010010 0000001]0010000
stabSize=2

anf=a+ab+ac+abc+d+bd+bcd+cde+f+bf+def+abg+afg+efg
[0000001 0000010 0000100 0001000 0010000 0100000 1000000]0110110
[1001001 0111101 0000100 0001000 1100011 0100100 1000000]0110010
stabSize=6

anf=1+a+ab+ac+abc+d+bd+bcd+cde+f+bf+def+abg+afg+efg
[0000001 0000010 0000100 0001000 0010000 0100000 1000000]0110110
[1001001 0111101 0000100 0001000 1100011 0100100 1000000]0110010
stabSize=6

anf=ab+ac+abc+d+bd+bcd+cde+f+bf+def+abg+afg+efg
stabSize=1

anf=1+ab+ac+abc+d+bd+bcd+cde+f+bf+def+abg+afg+efg
stabSize=1

anf=a+ab+ac+abc+bd+bcd+cde+f+bf+def+abg+afg+efg
[0000001 0000010 0000100 0001000 0010000 0100000 1000000]0110110
stabSize=2

anf=1+a+ab+ac+abc+bd+bcd+cde+f+bf+def+abg+afg+efg
[0000001 0000010 0000100 0001000 0010000 0100000 1000000]0110110
stabSize=2

anf=b+ab+c+ac+abc+d+bd+bcd+e+cde+bf+def+abg+afg+efg
stabSize=1

anf=1+b+ab+c+ac+abc+d+bd+bcd+e+cde+bf+def+abg+afg+efg
stabSize=1

anf=a+ab+c+ac+abc+d+bd+bcd+e+cde+bf+def+abg+afg+efg
[1001001 0111101 0000100 0001000 1100011 0100100 1000000]0110010
stabSize=3

anf=1+a+ab+c+ac+abc+d+bd+bcd+e+cde+bf+def+abg+afg+efg
[1001001 0111101 0000100 0001000 1100011 0100100 1000000]0110010
stabSize=3

anf=ab+c+ac+abc+d+bd+bcd+e+cde+bf+def+abg+afg+efg
stabSize=1

anf=1+ab+c+ac+abc+d+bd+bcd+e+cde+bf+def+abg+afg+efg
stabSize=1

anf=b+ab+ac+abc+d+bd+bcd+e+cde+bf+def+abg+afg+efg
[1001001 1011110 0010000 0001000 1100011 0010010 0000001]0010000
stabSize=2

anf=1+b+ab+ac+abc+d+bd+bcd+e+cde+bf+def+abg+afg+efg
[1001001 1011110 0010000 0001000 1100011 0010010 0000001]0010000
stabSize=2

anf=a+ab+ac+abc+d+bd+bcd+e+cde+bf+def+abg+afg+efg
[1001001 1011110 0010000 0001000 1100011 0010010 0000001]0010000
stabSize=2

anf=1+a+ab+ac+abc+d+bd+bcd+e+cde+bf+def+abg+afg+efg
[1001001 1011110 0010000 0001000 1100011 0010010 0000001]0010000
stabSize=2

anf=a+b+ab+c+ac+abc+bd+bcd+e+cde+bf+def+abg+afg+efg
[0000001 0000010 0000100 0001000 0010000 0100000 1000000]0110110
stabSize=2

anf=1+a+b+ab+c+ac+abc+bd+bcd+e+cde+bf+def+abg+afg+efg
[0000001 0000010 0000100 0001000 0010000 0100000 1000000]0110110
stabSize=2

anf=a+ab+c+ac+abc+bd+bcd+e+cde+bf+def+abg+afg+efg
stabSize=1

anf=1+a+ab+c+ac+abc+bd+bcd+e+cde+bf+def+abg+afg+efg
stabSize=1

anf=a+ab+ac+abc+bd+bcd+e+cde+bf+def+abg+afg+efg
stabSize=1

anf=1+a+ab+ac+abc+bd+bcd+e+cde+bf+def+abg+afg+efg
stabSize=1

anf=b+ab+c+ac+abc+d+bd+bcd+cde+bf+def+abg+afg+efg
stabSize=1

anf=1+b+ab+c+ac+abc+d+bd+bcd+cde+bf+def+abg+afg+efg
stabSize=1

anf=a+ab+c+ac+abc+d+bd+bcd+cde+bf+def+abg+afg+efg
[1000000 0100100 1100011 0001000 0000100 0111101 1001001]1001100
stabSize=2

anf=1+a+ab+c+ac+abc+d+bd+bcd+cde+bf+def+abg+afg+efg
[1000000 0100100 1100011 0001000 0000100 0111101 1001001]1001100
stabSize=2

anf=ab+c+ac+abc+d+bd+bcd+cde+bf+def+abg+afg+efg
stabSize=1

anf=1+ab+c+ac+abc+d+bd+bcd+cde+bf+def+abg+afg+efg
stabSize=1

anf=a+b+ab+ac+abc+d+bd+bcd+cde+bf+def+abg+afg+efg
[0000001 0000010 0000100 0001000 0010000 0100000 1000000]0110110
[1001001 0111101 0000100 0001000 1100011 0100100 1000000]0110010
stabSize=6

anf=1+a+b+ab+ac+abc+d+bd+bcd+cde+bf+def+abg+afg+efg
[0000001 0000010 0000100 0001000 0010000 0100000 1000000]0110110
[1001001 0111101 0000100 0001000 1100011 0100100 1000000]0110010
stabSize=6

anf=b+ab+ac+abc+d+bd+bcd+cde+bf+def+abg+afg+efg
stabSize=1

anf=1+b+ab+ac+abc+d+bd+bcd+cde+bf+def+abg+afg+efg
stabSize=1

anf=a+ab+ac+abc+d+bd+bcd+cde+bf+def+abg+afg+efg
stabSize=1

anf=1+a+ab+ac+abc+d+bd+bcd+cde+bf+def+abg+afg+efg
stabSize=1

anf=ab+ac+abc+d+bd+bcd+cde+bf+def+abg+afg+efg
[1001001 1011110 0010000 0001000 1100011 0010010 0000001]0010000
stabSize=2

anf=1+ab+ac+abc+d+bd+bcd+cde+bf+def+abg+afg+efg
[1001001 1011110 0010000 0001000 1100011 0010010 0000001]0010000
stabSize=2

anf=b+ab+c+ac+abc+bd+bcd+cde+bf+def+abg+afg+efg
[1000000 0100100 1100011 0001000 0000100 0111101 1001001]1001100
stabSize=2

anf=1+b+ab+c+ac+abc+bd+bcd+cde+bf+def+abg+afg+efg
[1000000 0100100 1100011 0001000 0000100 0111101 1001001]1001100
stabSize=2

anf=a+ab+c+ac+abc+bd+bcd+cde+bf+def+abg+afg+efg
stabSize=1

anf=1+a+ab+c+ac+abc+bd+bcd+cde+bf+def+abg+afg+efg
stabSize=1

anf=ab+c+ac+abc+bd+bcd+cde+bf+def+abg+afg+efg
stabSize=1

anf=1+ab+c+ac+abc+bd+bcd+cde+bf+def+abg+afg+efg
stabSize=1

anf=b+ab+ac+abc+bd+bcd+cde+bf+def+abg+afg+efg
stabSize=1

anf=1+b+ab+ac+abc+bd+bcd+cde+bf+def+abg+afg+efg
stabSize=1

anf=a+ab+ac+abc+bd+bcd+cde+bf+def+abg+afg+efg
stabSize=1

anf=1+a+ab+ac+abc+bd+bcd+cde+bf+def+abg+afg+efg
stabSize=1

anf=ab+ac+abc+bd+bcd+cde+bf+def+abg+afg+efg
[1000000 0100100 1100011 0001000 0000100 0111101 1001001]1001100
stabSize=2

anf=1+ab+ac+abc+bd+bcd+cde+bf+def+abg+afg+efg
[1000000 0100100 1100011 0001000 0000100 0111101 1001001]1001100
stabSize=2

anf=c+ac+abc+bd+bcd+e+cde+f+bf+def+g+abg+afg+efg
[0001000 0011000 0001111 1001000 0000001 1010011 1111010]1001000
[1000000 0100000 0001111 1001000 0000100 0100110 1111010]0000000
stabSize=6

anf=1+c+ac+abc+bd+bcd+e+cde+f+bf+def+g+abg+afg+efg
[0001000 0011000 0001111 1001000 0000001 1010011 1111010]1001000
[1000000 0100000 0001111 1001000 0000100 0100110 1111010]0000000
stabSize=6

anf=c+ac+abc+d+bd+bcd+e+cde+bf+def+g+abg+afg+efg
[1000000 0100000 0001111 1001000 0000100 0100110 1111010]0000000
stabSize=2

anf=1+c+ac+abc+d+bd+bcd+e+cde+bf+def+g+abg+afg+efg
[1000000 0100000 0001111 1001000 0000100 0100110 1111010]0000000
stabSize=2

anf=a+c+ac+abc+bd+bcd+e+cde+bf+def+g+abg+afg+efg
[1001000 1000111 0010000 0001000 1111010 0010011 0000001]0001000
stabSize=2

anf=1+a+c+ac+abc+bd+bcd+e+cde+bf+def+g+abg+afg+efg
[1001000 1000111 0010000 0001000 1111010 0010011 0000001]0001000
stabSize=2

anf=a+b+ac+abc+bd+bcd+e+cde+bf+def+g+abg+afg+efg
stabSize=1

anf=1+a+b+ac+abc+bd+bcd+e+cde+bf+def+g+abg+afg+efg
stabSize=1

anf=ac+abc+bd+bcd+e+cde+bf+def+g+abg+afg+efg
[1000000 0100000 0001111 1001000 0000100 0100110 1111010]0000000
stabSize=2

anf=1+ac+abc+bd+bcd+e+cde+bf+def+g+abg+afg+efg
[1000000 0100000 0001111 1001000 0000100 0100110 1111010]0000000
stabSize=2

anf=ac+abc+d+bd+bcd+e+cde+f+bf+def+abg+afg+efg
stabSize=1

anf=1+ac+abc+d+bd+bcd+e+cde+f+bf+def+abg+afg+efg
stabSize=1

anf=b+ac+abc+bd+bcd+e+cde+f+bf+def+abg+afg+efg
[1001000 1000111 0010000 0001000 1111010 0010011 0000001]0001000
stabSize=2

anf=1+b+ac+abc+bd+bcd+e+cde+f+bf+def+abg+afg+efg
[1001000 1000111 0010000 0001000 1111010 0010011 0000001]0001000
stabSize=2

anf=a+ac+abc+bd+bcd+e+cde+f+bf+def+abg+afg+efg
[1001000 1000111 0010000 0001000 1111010 0010011 0000001]0001000
stabSize=2

anf=1+a+ac+abc+bd+bcd+e+cde+f+bf+def+abg+afg+efg
[1001000 1000111 0010000 0001000 1111010 0010011 0000001]0001000
stabSize=2

anf=b+ac+abc+bd+bcd+cde+f+bf+def+abg+afg+efg
[0001000 0011000 1100000 1000000 0000001 1001010 0000100]1001000
stabSize=2

anf=1+b+ac+abc+bd+bcd+cde+f+bf+def+abg+afg+efg
[0001000 0011000 1100000 1000000 0000001 1001010 0000100]1001000
stabSize=2

anf=a+b+c+ac+abc+d+bd+bcd+e+cde+bf+def+abg+afg+efg
stabSize=1

anf=1+a+b+c+ac+abc+d+bd+bcd+e+cde+bf+def+abg+afg+efg
stabSize=1

anf=b+c+ac+abc+d+bd+bcd+e+cde+bf+def+abg+afg+efg
stabSize=1

anf=1+b+c+ac+abc+d+bd+bcd+e+cde+bf+def+abg+afg+efg
stabSize=1

anf=c+ac+abc+d+bd+bcd+e+cde+bf+def+abg+afg+efg
stabSize=1

anf=1+c+ac+abc+d+bd+bcd+e+cde+bf+def+abg+afg+efg
stabSize=1

anf=a+ac+abc+d+bd+bcd+e+cde+bf+def+abg+afg+efg
stabSize=1

anf=1+a+ac+abc+d+bd+bcd+e+cde+bf+def+abg+afg+efg
stabSize=1

anf=b+c+ac+abc+bd+bcd+e+cde+bf+def+abg+afg+efg
stabSize=1

anf=1+b+c+ac+abc+bd+bcd+e+cde+bf+def+abg+afg+efg
stabSize=1

anf=a+c+ac+abc+bd+bcd+e+cde+bf+def+abg+afg+efg
stabSize=1

anf=1+a+c+ac+abc+bd+bcd+e+cde+bf+def+abg+afg+efg
stabSize=1

anf=c+ac+abc+bd+bcd+e+cde+bf+def+abg+afg+efg
[1000000 0100000 0001111 1001000 0000100 0100110 1111010]0000000
stabSize=2

anf=1+c+ac+abc+bd+bcd+e+cde+bf+def+abg+afg+efg
[1000000 0100000 0001111 1001000 0000100 0100110 1111010]0000000
stabSize=2

anf=a+b+ac+abc+bd+bcd+e+cde+bf+def+abg+afg+efg
[1001000 1000111 0010000 0001000 1111010 0010011 0000001]0001000
stabSize=2

anf=1+a+b+ac+abc+bd+bcd+e+cde+bf+def+abg+afg+efg
[1001000 1000111 0010000 0001000 1111010 0010011 0000001]0001000
stabSize=2

anf=ac+abc+bd+bcd+e+cde+bf+def+abg+afg+efg
[1001000 1000111 0010000 0001000 1111010 0010011 0000001]0001000
stabSize=2

anf=1+ac+abc+bd+bcd+e+cde+bf+def+abg+afg+efg
[1001000 1000111 0010000 0001000 1111010 0010011 0000001]0001000
stabSize=2

anf=a+b+c+ac+abc+d+bd+bcd+cde+bf+def+abg+afg+efg
[0001000 0011000 1100000 1000000 0000001 1001010 0000100]1001000
stabSize=2

anf=1+a+b+c+ac+abc+d+bd+bcd+cde+bf+def+abg+afg+efg
[0001000 0011000 1100000 1000000 0000001 1001010 0000100]1001000
stabSize=2

anf=b+c+ac+abc+d+bd+bcd+cde+bf+def+abg+afg+efg
[1000000 0100000 0001111 1001000 0000100 0100110 1111010]0000000
stabSize=2

anf=1+b+c+ac+abc+d+bd+bcd+cde+bf+def+abg+afg+efg
[1000000 0100000 0001111 1001000 0000100 0100110 1111010]0000000
stabSize=2

anf=c+ac+abc+d+bd+bcd+cde+bf+def+abg+afg+efg
stabSize=1

anf=1+c+ac+abc+d+bd+bcd+cde+bf+def+abg+afg+efg
stabSize=1

anf=b+ac+abc+d+bd+bcd+cde+bf+def+abg+afg+efg
stabSize=1

anf=1+b+ac+abc+d+bd+bcd+cde+bf+def+abg+afg+efg
stabSize=1

anf=a+ac+abc+d+bd+bcd+cde+bf+def+abg+afg+efg
[0001000 0011000 1100000 1000000 0000001 1001010 0000100]1001000
stabSize=2

anf=1+a+ac+abc+d+bd+bcd+cde+bf+def+abg+afg+efg
[0001000 0011000 1100000 1000000 0000001 1001010 0000100]1001000
stabSize=2

anf=a+b+c+ac+abc+bd+bcd+cde+bf+def+abg+afg+efg
stabSize=1

anf=1+a+b+c+ac+abc+bd+bcd+cde+bf+def+abg+afg+efg
stabSize=1

anf=a+c+ac+abc+bd+bcd+cde+bf+def+abg+afg+efg
stabSize=1

anf=1+a+c+ac+abc+bd+bcd+cde+bf+def+abg+afg+efg
stabSize=1

anf=c+ac+abc+bd+bcd+cde+bf+def+abg+afg+efg
[0001000 0011000 1100000 1000000 0000001 1001010 0000100]1001000
stabSize=2

anf=1+c+ac+abc+bd+bcd+cde+bf+def+abg+afg+efg
[0001000 0011000 1100000 1000000 0000001 1001010 0000100]1001000
stabSize=2

anf=a+b+ac+abc+bd+bcd+cde+bf+def+abg+afg+efg
stabSize=1

anf=1+a+b+ac+abc+bd+bcd+cde+bf+def+abg+afg+efg
stabSize=1

anf=b+ac+abc+bd+bcd+cde+bf+def+abg+afg+efg
[0001000 0011000 0001111 1001000 0000001 1010011 1111010]1001000
[1000000 0100000 0001111 1001000 0000100 0100110 1111010]0000000
stabSize=6

anf=1+b+ac+abc+bd+bcd+cde+bf+def+abg+afg+efg
[0001000 0011000 0001111 1001000 0000001 1010011 1111010]1001000
[1000000 0100000 0001111 1001000 0000100 0100110 1111010]0000000
stabSize=6

anf=a+ac+abc+bd+bcd+cde+bf+def+abg+afg+efg
[1001000 1000111 0010000 0001000 1111010 0010011 0000001]0001000
stabSize=2

anf=1+a+ac+abc+bd+bcd+cde+bf+def+abg+afg+efg
[1001000 1000111 0010000 0001000 1111010 0010011 0000001]0001000
stabSize=2

anf=ac+abc+bd+bcd+cde+bf+def+abg+afg+efg
stabSize=1

anf=1+ac+abc+bd+bcd+cde+bf+def+abg+afg+efg
stabSize=1

anf=b+ab+abc+ad+bd+bcd+ae+cde+def+g+abg+afg+efg
[0111010 0100010 0010010 1110010 1001011 0000010 1001110]1111010
[1100011 0100010 0010000 1110100 1001001 0000010 0010001]0100011
[1001000 1001110 0010000 0001000 1110010 0010010 0000001]0011000
stabSize=24

anf=ab+abc+d+ad+bd+bcd+ae+cde+def+abg+afg+efg
[1000111 0100010 0010010 0111101 1101001 0000010 1011110]1101010
[0101010 0100010 0010010 1100000 1001001 0000010 1001110]1101010
[1100100 0110000 0010010 1100000 0010101 0000010 1001110]0110110
stabSize=64

anf=1+ab+abc+d+ad+bd+bcd+ae+cde+def+abg+afg+efg
[1000111 0100010 0010010 0111101 1101001 0000010 1011110]1101010
[0101010 0100010 0010010 1100000 1001001 0000010 1001110]1101010
[1100100 0110000 0010010 1100000 0010101 0000010 1001110]0110110
stabSize=64

anf=b+ab+c+abc+ad+bd+bcd+ae+cde+def+abg+afg+efg
[1000111 0100010 0010010 0111101 1101001 0000010 1011110]1101010
[1000100 0100000 0010010 1010011 0000100 0000010 1011100]0000100
stabSize=8

anf=1+b+ab+c+abc+ad+bd+bcd+ae+cde+def+abg+afg+efg
[1000111 0100010 0010010 0111101 1101001 0000010 1011110]1101010
[1000100 0100000 0010010 1010011 0000100 0000010 1011100]0000100
stabSize=8

anf=a+ab+c+abc+ad+bd+bcd+ae+cde+def+abg+afg+efg
[0101001 0100000 0010010 0001100 0100110 0000010 1001100]0000100
[0101010 0100010 0010010 1100000 1001001 0000010 1001110]1101010
stabSize=8

anf=1+a+ab+c+abc+ad+bd+bcd+ae+cde+def+abg+afg+efg
[0101001 0100000 0010010 0001100 0100110 0000010 1001100]0000100
[0101010 0100010 0010010 1100000 1001001 0000010 1001110]1101010
stabSize=8

anf=ab+c+abc+ad+bd+bcd+ae+cde+def+abg+afg+efg
[1100000 0100000 0010000 0101010 0000100 0000010 0000011]0100010
[1000100 0100000 0010010 1010011 0000100 0000010 1011100]0000100
stabSize=4

anf=1+ab+c+abc+ad+bd+bcd+ae+cde+def+abg+afg+efg
[1100000 0100000 0010000 0101010 0000100 0000010 0000011]0100010
[1000100 0100000 0010010 1010011 0000100 0000010 1011100]0000100
stabSize=4

anf=b+ab+abc+ad+bd+bcd+ae+cde+def+abg+afg+efg
[1010010 0100000 0010000 0011000 0000110 0000010 0000001]0010010
[1001001 1011110 0010000 0001000 1100011 0010010 0000001]0001001
[0100111 1001100 0010000 0001001 0011110 0010010 0000001]0011010
stabSize=16

anf=1+b+ab+abc+ad+bd+bcd+ae+cde+def+abg+afg+efg
[1010010 0100000 0010000 0011000 0000110 0000010 0000001]0010010
[1001001 1011110 0010000 0001000 1100011 0010010 0000001]0001001
[0100111 1001100 0010000 0001001 0011110 0010010 0000001]0011010
stabSize=16

anf=a+ab+abc+ad+bd+bcd+ae+cde+def+abg+afg+efg
[0100110 0000001 0010010 0001111 0001001 0010000 1011100]0001001
[0101010 0100010 0010010 1100000 1001001 0000010 1001110]1101010
stabSize=192

anf=1+a+ab+abc+ad+bd+bcd+ae+cde+def+abg+afg+efg
[0100110 0000001 0010010 0001111 0001001 0010000 1011100]0001001
[0101010 0100010 0010010 1100000 1001001 0000010 1001110]1101010
stabSize=192

anf=ab+abc+ad+bd+bcd+ae+cde+def+abg+afg+efg
[1100011 0000011 0000010 0010111 0101010 0010000 0110000]0100011
[1000001 0000001 0000010 0010101 0001000 0010000 0110000]0000011
stabSize=16

anf=1+ab+abc+ad+bd+bcd+ae+cde+def+abg+afg+efg
[1100011 0000011 0000010 0010111 0101010 0010000 0110000]0100011
[1000001 0000001 0000010 0010101 0001000 0010000 0110000]0000011
stabSize=16

anf=a+b+c+ac+bc+abc+d+bcd+ae+cde+f+def+abg+afg+efg
[0101110 0101010 0010000 0001001 1100000 0000011 0000001]0001011
stabSize=2

anf=1+a+b+c+ac+bc+abc+d+bcd+ae+cde+f+def+abg+afg+efg
[0101110 0101010 0010000 0001001 1100000 0000011 0000001]0001011
stabSize=2

anf=a+c+ac+bc+abc+d+bcd+ae+cde+f+def+abg+afg+efg
stabSize=1

anf=1+a+c+ac+bc+abc+d+bcd+ae+cde+f+def+abg+afg+efg
stabSize=1

anf=c+ac+bc+abc+d+bcd+ae+cde+f+def+abg+afg+efg
[0101110 0101010 0010000 0001001 1100000 0000011 0000001]0001011
stabSize=2

anf=1+c+ac+bc+abc+d+bcd+ae+cde+f+def+abg+afg+efg
[0101110 0101010 0010000 0001001 1100000 0000011 0000001]0001011
stabSize=2

anf=a+b+ac+bc+abc+d+bcd+ae+cde+f+def+abg+afg+efg
[0101110 0101010 0010000 0001001 1100000 0000011 0000001]0001011
stabSize=2

anf=1+a+b+ac+bc+abc+d+bcd+ae+cde+f+def+abg+afg+efg
[0101110 0101010 0010000 0001001 1100000 0000011 0000001]0001011
stabSize=2

anf=a+ac+bc+abc+d+bcd+ae+cde+f+def+abg+afg+efg
stabSize=1

anf=1+a+ac+bc+abc+d+bcd+ae+cde+f+def+abg+afg+efg
stabSize=1

anf=ac+bc+abc+d+bcd+ae+cde+f+def+abg+afg+efg
[0101110 0101010 0010000 0001001 1100000 0000011 0000001]0001011
stabSize=2

anf=1+ac+bc+abc+d+bcd+ae+cde+f+def+abg+afg+efg
[0101110 0101010 0010000 0001001 1100000 0000011 0000001]0001011
stabSize=2

anf=b+c+ac+bc+abc+bcd+e+ae+cde+def+abg+afg+efg
[0101110 0101010 0010000 0001001 1100000 0000011 0000001]0001011
[0101110 0100010 0010000 0001001 1101001 0000010 0000001]0000011
stabSize=4

anf=1+b+c+ac+bc+abc+bcd+e+ae+cde+def+abg+afg+efg
[0101110 0101010 0010000 0001001 1100000 0000011 0000001]0001011
[0101110 0100010 0010000 0001001 1101001 0000010 0000001]0000011
stabSize=4

anf=a+c+ac+bc+abc+bcd+e+ae+cde+def+abg+afg+efg
[0011001 0101001 1001001 0000001 0100101 0101010 0001000]0001001
[0100111 0000011 1001001 0001001 0111001 0101010 0001000]0101011
stabSize=12

anf=1+a+c+ac+bc+abc+bcd+e+ae+cde+def+abg+afg+efg
[0011001 0101001 1001001 0000001 0100101 0101010 0001000]0001001
[0100111 0000011 1001001 0001001 0111001 0101010 0001000]0101011
stabSize=12

anf=b+ac+bc+abc+bcd+e+ae+cde+def+abg+afg+efg
[0101110 0101010 0010000 0001001 1100000 0000011 0000001]0001011
[0101110 0100010 0010000 0001001 1101001 0000010 0000001]0000011
stabSize=4

anf=1+b+ac+bc+abc+bcd+e+ae+cde+def+abg+afg+efg
[0101110 0101010 0010000 0001001 1100000 0000011 0000001]0001011
[0101110 0100010 0010000 0001001 1101001 0000010 0000001]0000011
stabSize=4

anf=b+c+ac+bc+abc+d+bcd+ae+cde+def+abg+afg+efg
[0101110 0100010 0010000 0001001 1101001 0000010 0000001]0000011
stabSize=2

anf=1+b+c+ac+bc+abc+d+bcd+ae+cde+def+abg+afg+efg
[0101110 0100010 0010000 0001001 1101001 0000010 0000001]0000011
stabSize=2

anf=a+c+ac+bc+abc+d+bcd+ae+cde+def+abg+afg+efg
[0101110 0100010 0010000 0001001 1101001 0000010 0000001]0000011
stabSize=2

anf=1+a+c+ac+bc+abc+d+bcd+ae+cde+def+abg+afg+efg
[0101110 0100010 0010000 0001001 1101001 0000010 0000001]0000011
stabSize=2

anf=c+ac+bc+abc+d+bcd+ae+cde+def+abg+afg+efg
stabSize=1

anf=1+c+ac+bc+abc+d+bcd+ae+cde+def+abg+afg+efg
stabSize=1

anf=b+ac+bc+abc+d+bcd+ae+cde+def+abg+afg+efg
[0101110 0100010 0010000 0001001 1101001 0000010 0000001]0000011
stabSize=2

anf=1+b+ac+bc+abc+d+bcd+ae+cde+def+abg+afg+efg
[0101110 0100010 0010000 0001001 1101001 0000010 0000001]0000011
stabSize=2

anf=a+ac+bc+abc+d+bcd+ae+cde+def+abg+afg+efg
[0101110 0100010 0010000 0001001 1101001 0000010 0000001]0000011
stabSize=2

anf=1+a+ac+bc+abc+d+bcd+ae+cde+def+abg+afg+efg
[0101110 0100010 0010000 0001001 1101001 0000010 0000001]0000011
stabSize=2

anf=ac+bc+abc+d+bcd+ae+cde+def+abg+afg+efg
stabSize=1

anf=1+ac+bc+abc+d+bcd+ae+cde+def+abg+afg+efg
stabSize=1

anf=a+b+c+ac+bc+abc+bcd+ae+cde+def+abg+afg+efg
[0101110 0101010 0010000 0001001 1100000 0000011 0000001]0001011
[0101110 0100010 0010000 0001001 1101001 0000010 0000001]0000011
stabSize=4

anf=1+a+b+c+ac+bc+abc+bcd+ae+cde+def+abg+afg+efg
[0101110 0101010 0010000 0001001 1100000 0000011 0000001]0001011
[0101110 0100010 0010000 0001001 1101001 0000010 0000001]0000011
stabSize=4

anf=b+c+ac+bc+abc+bcd+ae+cde+def+abg+afg+efg
[1000000 0101001 0010000 0001000 0001100 0000011 0000001]0001001
stabSize=2

anf=1+b+c+ac+bc+abc+bcd+ae+cde+def+abg+afg+efg
[1000000 0101001 0010000 0001000 0001100 0000011 0000001]0001001
stabSize=2

anf=a+c+ac+bc+abc+bcd+ae+cde+def+abg+afg+efg
[0011001 0100000 1001001 0000001 0100100 0100010 0001000]0000000
[0011001 0101001 1001001 0000001 0100101 0101010 0001000]0001001
stabSize=4

anf=1+a+c+ac+bc+abc+bcd+ae+cde+def+abg+afg+efg
[0011001 0100000 1001001 0000001 0100100 0100010 0001000]0000000
[0011001 0101001 1001001 0000001 0100101 0101010 0001000]0001001
stabSize=4

anf=a+b+ac+bc+abc+bcd+ae+cde+def+abg+afg+efg
[0101110 0101010 0010000 0001001 1100000 0000011 0000001]0001011
[0101110 0100010 0010000 0001001 1101001 0000010 0000001]0000011
stabSize=4

anf=1+a+b+ac+bc+abc+bcd+ae+cde+def+abg+afg+efg
[0101110 0101010 0010000 0001001 1100000 0000011 0000001]0001011
[0101110 0100010 0010000 0001001 1101001 0000010 0000001]0000011
stabSize=4

anf=b+ac+bc+abc+bcd+ae+cde+def+abg+afg+efg
[1000000 0101001 0010000 0001000 0001100 0000011 0000001]0001001
stabSize=2

anf=1+b+ac+bc+abc+bcd+ae+cde+def+abg+afg+efg
[1000000 0101001 0010000 0001000 0001100 0000011 0000001]0001001
stabSize=2

anf=a+ac+bc+abc+bcd+ae+cde+def+abg+afg+efg
[1000000 0101001 0010000 0001000 0001100 0000011 0000001]0001001
[1001000 0000010 0100110 0001000 0110010 0100000 0001001]0101010
stabSize=4

anf=1+a+ac+bc+abc+bcd+ae+cde+def+abg+afg+efg
[1000000 0101001 0010000 0001000 0001100 0000011 0000001]0001001
[1001000 0000010 0100110 0001000 0110010 0100000 0001001]0101010
stabSize=4

anf=ac+bc+abc+bcd+ae+cde+def+abg+afg+efg
[0011001 0101001 1001001 0000001 0100101 0101010 0001000]0001001
[0100111 0000011 1001001 0001001 0111001 0101010 0001000]0101011
stabSize=12

anf=1+ac+bc+abc+bcd+ae+cde+def+abg+afg+efg
[0011001 0101001 1001001 0000001 0100101 0101010 0001000]0001001
[0100111 0000011 1001001 0001001 0111001 0101010 0001000]0101011
stabSize=12

anf=b+ab+c+ac+abc+ad+bd+cd+bcd+e+cde+def+g+abg+afg+efg
[1100100 0100000 0010010 1110001 0000100 0000010 1011110]0100100
[1000001 0010010 0100000 1010100 1011100 0000010 0000110]0010110
stabSize=16

anf=1+b+ab+c+ac+abc+ad+bd+cd+bcd+e+cde+def+g+abg+afg+efg
[1100100 0100000 0010010 1110001 0000100 0000010 1011110]0100100
[1000001 0010010 0100000 1010100 1011100 0000010 0000110]0010110
stabSize=16

anf=a+ab+ac+abc+ad+bd+cd+bcd+e+cde+def+g+abg+afg+efg
[1010010 0100000 0010000 0011000 0000110 0000010 0000001]0010010
[1100000 0100000 0010000 0101010 0000100 0000010 0000011]0100010
[1000111 0100010 0010010 0111101 1101001 0000010 1011110]1101000
stabSize=8

anf=a+ab+c+ac+abc+ad+bd+cd+bcd+cde+f+def+abg+afg+efg
[0111101 0010010 0100010 1000111 1011110 0000010 1101001]1101000
stabSize=2

anf=1+a+ab+c+ac+abc+ad+bd+cd+bcd+cde+f+def+abg+afg+efg
[0111101 0010010 0100010 1000111 1011110 0000010 1101001]1101000
stabSize=2

anf=a+ab+ac+abc+ad+bd+cd+bcd+cde+f+def+abg+afg+efg
stabSize=1

anf=1+a+ab+ac+abc+ad+bd+cd+bcd+cde+f+def+abg+afg+efg
stabSize=1

anf=ab+ac+abc+ad+bd+cd+bcd+cde+f+def+abg+afg+efg
[0001000 0010000 0100000 1000000 0000001 0000010 0000100]0000000
stabSize=2

anf=1+ab+ac+abc+ad+bd+cd+bcd+cde+f+def+abg+afg+efg
[0001000 0010000 0100000 1000000 0000001 0000010 0000100]0000000
stabSize=2

anf=a+b+ab+c+ac+abc+ad+bd+cd+bcd+e+cde+def+abg+afg+efg
[1010111 0100010 0010010 0101111 1101011 0000010 1011110]1111000
[1100100 0100000 0010010 1110001 0000100 0000010 1011110]0100100
stabSize=8

anf=1+a+b+ab+c+ac+abc+ad+bd+cd+bcd+e+cde+def+abg+afg+efg
[1010111 0100010 0010010 0101111 1101011 0000010 1011110]1111000
[1100100 0100000 0010010 1110001 0000100 0000010 1011110]0100100
stabSize=8

anf=ab+c+ac+abc+ad+bd+cd+bcd+e+cde+def+abg+afg+efg
[1100000 0100000 0010000 0101010 0000100 0000010 0000011]0100010
[0101110 0100010 0010000 0001001 1101001 0000010 0000001]0000011
stabSize=4

anf=1+ab+c+ac+abc+ad+bd+cd+bcd+e+cde+def+abg+afg+efg
[1100000 0100000 0010000 0101010 0000100 0000010 0000011]0100010
[0101110 0100010 0010000 0001001 1101001 0000010 0000001]0000011
stabSize=4

anf=a+b+ab+ac+abc+ad+bd+cd+bcd+e+cde+def+abg+afg+efg
[0111100 0100010 0010000 0011001 1101011 0000010 0000001]0010001
[1010010 0100000 0010000 0011000 0000110 0000010 0000001]0010010
stabSize=4

anf=1+a+b+ab+ac+abc+ad+bd+cd+bcd+e+cde+def+abg+afg+efg
[0111100 0100010 0010000 0011001 1101011 0000010 0000001]0010001
[1010010 0100000 0010000 0011000 0000110 0000010 0000001]0010010
stabSize=4

anf=ab+ac+abc+ad+bd+cd+bcd+e+cde+def+abg+afg+efg
[1100000 0100000 0010000 0101010 0000100 0000010 0000011]0100010
[0111100 0100010 0010000 0011001 1101011 0000010 0000001]0010001
[1010010 0100000 0010000 0011000 0000110 0000010 0000001]0010010
stabSize=8

anf=1+ab+ac+abc+ad+bd+cd+bcd+e+cde+def+abg+afg+efg
[1100000 0100000 0010000 0101010 0000100 0000010 0000011]0100010
[0111100 0100010 0010000 0011001 1101011 0000010 0000001]0010001
[1010010 0100000 0010000 0011000 0000110 0000010 0000001]0010010
stabSize=8

anf=a+ab+ac+abc+d+ad+bd+cd+bcd+cde+def+abg+afg+efg
[0111010 0010000 0100000 1110010 0000011 0000010 0000110]0110000
[1010010 0100000 0010000 0011000 0000110 0000010 0000001]0010010
stabSize=8

anf=1+a+ab+ac+abc+d+ad+bd+cd+bcd+cde+def+abg+afg+efg
[0111010 0010000 0100000 1110010 0000011 0000010 0000110]0110000
[1010010 0100000 0010000 0011000 0000110 0000010 0000001]0010010
stabSize=8

anf=a+b+ab+c+ac+abc+ad+bd+cd+bcd+cde+def+abg+afg+efg
[1110010 0100000 0010000 0111010 0000110 0000010 0000011]0110000
stabSize=2

anf=b+ab+c+ac+abc+ad+bd+cd+bcd+cde+def+abg+afg+efg
[1110100 0100000 0010010 1100011 0000110 0000010 1011110]0110100
[0111001 0010000 0100010 0011110 0000011 0000010 1101011]0110001
stabSize=16

anf=1+b+ab+c+ac+abc+ad+bd+cd+bcd+cde+def+abg+afg+efg
[1110100 0100000 0010010 1100011 0000110 0000010 1011110]0110100
[0111001 0010000 0100010 0011110 0000011 0000010 1101011]0110001
stabSize=16

anf=a+b+ab+ac+abc+ad+bd+cd+bcd+cde+def+abg+afg+efg
[1000100 0100000 0010010 1010011 0000100 0000010 1011100]0000110
[1010010 0100000 0010000 0011000 0000110 0000010 0000001]0010010
stabSize=4

anf=1+a+b+ab+ac+abc+ad+bd+cd+bcd+cde+def+abg+afg+efg
[1000100 0100000 0010010 1010011 0000100 0000010 1011100]0000110
[1010010 0100000 0010000 0011000 0000110 0000010 0000001]0010010
stabSize=4

anf=b+ab+ac+abc+ad+bd+cd+bcd+cde+def+abg+afg+efg
[0111100 0100010 0010000 0011001 1101011 0000010 0000001]0010001
[1010010 0100000 0010000 0011000 0000110 0000010 0000001]0010010
stabSize=4

anf=1+b+ab+ac+abc+ad+bd+cd+bcd+cde+def+abg+afg+efg
[0111100 0100010 0010000 0011001 1101011 0000010 0000001]0010001
[1010010 0100000 0010000 0011000 0000110 0000010 0000001]0010010
stabSize=4

anf=a+ab+ac+abc+ad+bd+cd+bcd+cde+def+abg+afg+efg
[1000111 0100010 0010010 0111101 1101001 0000010 1011110]1101000
[1100100 0100000 0010010 1110001 0000100 0000010 1011110]0100100
[1010010 0100000 0010000 0011000 0000110 0000010 0000001]0010010
stabSize=16

anf=1+a+ab+ac+abc+ad+bd+cd+bcd+cde+def+abg+afg+efg
[1000111 0100010 0010010 0111101 1101001 0000010 1011110]1101000
[1100100 0100000 0010010 1110001 0000100 0000010 1011110]0100100
[1010010 0100000 0010000 0011000 0000110 0000010 0000001]0010010
stabSize=16

anf=ab+ac+abc+ad+bd+cd+bcd+cde+def+abg+afg+efg
[0111010 0010000 0100000 1110010 0000011 0000010 0000110]0110000
[1010010 0100000 0010000 0011000 0000110 0000010 0000001]0010010
stabSize=8

anf=1+ab+ac+abc+ad+bd+cd+bcd+cde+def+abg+afg+efg
[0111010 0010000 0100000 1110010 0000011 0000010 0000110]0110000
[1010010 0100000 0010000 0011000 0000110 0000010 0000001]0010010
stabSize=8

anf=ab+c+ac+abc+d+bd+bcd+e+cde+def+g+abg+afg+efg
[1100000 0100000 0010000 0101010 0000100 0000010 0000011]0100010
[0000001 0000010 0000100 0001000 0010000 0100000 1000000]0110110
stabSize=4

anf=1+ab+c+ac+abc+d+bd+bcd+e+cde+def+g+abg+afg+efg
[1100000 0100000 0010000 0101010 0000100 0000010 0000011]0100010
[0000001 0000010 0000100 0001000 0010000 0100000 1000000]0110110
stabSize=4

anf=ab+c+ac+abc+bd+bcd+e+cde+def+g+abg+afg+efg
[1100000 0100000 0010000 0101010 0000100 0000010 0000011]0100010
[0000001 0000010 0000100 0001000 0010000 0100000 1000000]0110110
stabSize=4

anf=1+ab+c+ac+abc+bd+bcd+e+cde+def+g+abg+afg+efg
[1100000 0100000 0010000 0101010 0000100 0000010 0000011]0100010
[0000001 0000010 0000100 0001000 0010000 0100000 1000000]0110110
stabSize=4

anf=ab+c+ac+abc+d+bd+bcd+cde+def+g+abg+afg+efg
[1100000 0100000 0010000 0101010 0000100 0000010 0000011]0100010
stabSize=2

anf=1+ab+c+ac+abc+d+bd+bcd+cde+def+g+abg+afg+efg
[1100000 0100000 0010000 0101010 0000100 0000010 0000011]0100010
stabSize=2

anf=ab+ac+abc+d+bd+bcd+cde+def+g+abg+afg+efg
[1100000 0100000 0010000 0101010 0000100 0000010 0000011]0100010
[0000001 0000010 0000100 0001000 0010000 0100000 1000000]0110110
stabSize=4

anf=1+ab+ac+abc+d+bd+bcd+cde+def+g+abg+afg+efg
[1100000 0100000 0010000 0101010 0000100 0000010 0000011]0100010
[0000001 0000010 0000100 0001000 0010000 0100000 1000000]0110110
stabSize=4

anf=ab+c+ac+abc+bd+bcd+cde+def+g+abg+afg+efg
[1100000 0100000 0010000 0101010 0000100 0000010 0000011]0100010
stabSize=2

anf=1+ab+c+ac+abc+bd+bcd+cde+def+g+abg+afg+efg
[1100000 0100000 0010000 0101010 0000100 0000010 0000011]0100010
stabSize=2

anf=ab+ac+abc+bd+bcd+cde+def+g+abg+afg+efg
[1100000 0100000 0010000 0101010 0000100 0000010 0000011]0100010
[0000001 0000010 0000100 0001000 0010000 0100000 1000000]0110110
stabSize=4

anf=1+ab+ac+abc+bd+bcd+cde+def+g+abg+afg+efg
[1100000 0100000 0010000 0101010 0000100 0000010 0000011]0100010
[0000001 0000010 0000100 0001000 0010000 0100000 1000000]0110110
stabSize=4

anf=a+b+ab+c+ac+abc+d+bd+bcd+e+cde+f+def+abg+afg+efg
[0000001 0000010 0000100 0001000 0010000 0100000 1000000]0110110
stabSize=2

anf=1+a+b+ab+c+ac+abc+d+bd+bcd+e+cde+f+def+abg+afg+efg
[0000001 0000010 0000100 0001000 0010000 0100000 1000000]0110110
stabSize=2

anf=b+ab+c+ac+abc+d+bd+bcd+e+cde+f+def+abg+afg+efg
[0000011 0000010 0000100 0101010 0010000 0100000 1100000]0010100
stabSize=2

anf=1+b+ab+c+ac+abc+d+bd+bcd+e+cde+f+def+abg+afg+efg
[0000011 0000010 0000100 0101010 0010000 0100000 1100000]0010100
stabSize=2

anf=ab+c+ac+abc+d+bd+bcd+e+cde+f+def+abg+afg+efg
stabSize=1

anf=1+ab+c+ac+abc+d+bd+bcd+e+cde+f+def+abg+afg+efg
stabSize=1

anf=ab+ac+abc+d+bd+bcd+e+cde+f+def+abg+afg+efg
stabSize=1

anf=1+ab+ac+abc+d+bd+bcd+e+cde+f+def+abg+afg+efg
stabSize=1

anf=a+b+ab+c+ac+abc+bd+bcd+e+cde+f+def+abg+afg+efg
[0000001 0000010 0000100 0001000 0010000 0100000 1000000]0110110
stabSize=2

anf=1+a+b+ab+c+ac+abc+bd+bcd+e+cde+f+def+abg+afg+efg
[0000001 0000010 0000100 0001000 0010000 0100000 1000000]0110110
stabSize=2

anf=b+ab+c+ac+abc+bd+bcd+e+cde+f+def+abg+afg+efg
[0000011 0000010 0000100 0101010 0010000 0100000 1100000]0010100
stabSize=2

anf=1+b+ab+c+ac+abc+bd+bcd+e+cde+f+def+abg+afg+efg
[0000011 0000010 0000100 0101010 0010000 0100000 1100000]0010100
stabSize=2

anf=ab+c+ac+abc+bd+bcd+e+cde+f+def+abg+afg+efg
stabSize=1

anf=1+ab+c+ac+abc+bd+bcd+e+cde+f+def+abg+afg+efg
stabSize=1

anf=ab+ac+abc+bd+bcd+e+cde+f+def+abg+afg+efg
stabSize=1

anf=1+ab+ac+abc+bd+bcd+e+cde+f+def+abg+afg+efg
stabSize=1

anf=a+b+ab+c+ac+abc+d+bd+bcd+cde+f+def+abg+afg+efg
stabSize=1

anf=1+a+b+ab+c+ac+abc+d+bd+bcd+cde+f+def+abg+afg+efg
stabSize=1

anf=b+ab+c+ac+abc+d+bd+bcd+cde+f+def+abg+afg+efg
stabSize=1

anf=1+b+ab+c+ac+abc+d+bd+bcd+cde+f+def+abg+afg+efg
stabSize=1

anf=ab+c+ac+abc+d+bd+bcd+cde+f+def+abg+afg+efg
stabSize=1

anf=1+ab+c+ac+abc+d+bd+bcd+cde+f+def+abg+afg+efg
stabSize=1

anf=a+b+ab+ac+abc+d+bd+bcd+cde+f+def+abg+afg+efg
[0000001 0000010 0000100 0001000 0010000 0100000 1000000]0110110
stabSize=2

anf=1+a+b+ab+ac+abc+d+bd+bcd+cde+f+def+abg+afg+efg
[0000001 0000010 0000100 0001000 0010000 0100000 1000000]0110110
stabSize=2

anf=b+ab+ac+abc+d+bd+bcd+cde+f+def+abg+afg+efg
[0000011 0000010 0000100 0101010 0010000 0100000 1100000]0010100
stabSize=2

anf=1+b+ab+ac+abc+d+bd+bcd+cde+f+def+abg+afg+efg
[0000011 0000010 0000100 0101010 0010000 0100000 1100000]0010100
stabSize=2

anf=ab+ac+abc+d+bd+bcd+cde+f+def+abg+afg+efg
stabSize=1

anf=1+ab+ac+abc+d+bd+bcd+cde+f+def+abg+afg+efg
stabSize=1

anf=a+b+ab+c+ac+abc+bd+bcd+cde+f+def+abg+afg+efg
stabSize=1

anf=1+a+b+ab+c+ac+abc+bd+bcd+cde+f+def+abg+afg+efg
stabSize=1

anf=b+ab+c+ac+abc+bd+bcd+cde+f+def+abg+afg+efg
stabSize=1

anf=1+b+ab+c+ac+abc+bd+bcd+cde+f+def+abg+afg+efg
stabSize=1

anf=ab+c+ac+abc+bd+bcd+cde+f+def+abg+afg+efg
stabSize=1

anf=1+ab+c+ac+abc+bd+bcd+cde+f+def+abg+afg+efg
stabSize=1

anf=a+b+ab+ac+abc+bd+bcd+cde+f+def+abg+afg+efg
[0000001 0000010 0000100 0001000 0010000 0100000 1000000]0110110
stabSize=2

anf=1+a+b+ab+ac+abc+bd+bcd+cde+f+def+abg+afg+efg
[0000001 0000010 0000100 0001000 0010000 0100000 1000000]0110110
stabSize=2

anf=b+ab+ac+abc+bd+bcd+cde+f+def+abg+afg+efg
[0000011 0000010 0000100 0101010 0010000 0100000 1100000]0010100
stabSize=2

anf=1+b+ab+ac+abc+bd+bcd+cde+f+def+abg+afg+efg
[0000011 0000010 0000100 0101010 0010000 0100000 1100000]0010100
stabSize=2

anf=ab+ac+abc+bd+bcd+cde+f+def+abg+afg+efg
stabSize=1

anf=1+ab+ac+abc+bd+bcd+cde+f+def+abg+afg+efg
stabSize=1

anf=a+ab+c+ac+abc+d+bd+bcd+e+cde+def+abg+afg+efg
[1100000 0100000 0010000 0101010 0000100 0000010 0000011]0100010
[0000001 0000010 0000100 0001000 0010000 0100000 1000000]0110110
stabSize=4

anf=1+a+ab+c+ac+abc+d+bd+bcd+e+cde+def+abg+afg+efg
[1100000 0100000 0010000 0101010 0000100 0000010 0000011]0100010
[0000001 0000010 0000100 0001000 0010000 0100000 1000000]0110110
stabSize=4

anf=ab+c+ac+abc+d+bd+bcd+e+cde+def+abg+afg+efg
[1100000 0100000 0010000 0101010 0000100 0000010 0000011]0100010
stabSize=2

anf=1+ab+c+ac+abc+d+bd+bcd+e+cde+def+abg+afg+efg
[1100000 0100000 0010000 0101010 0000100 0000010 0000011]0100010
stabSize=2

anf=ab+ac+abc+d+bd+bcd+e+cde+def+abg+afg+efg
[1100000 0100000 0010000 0101010 0000100 0000010 0000011]0100010
stabSize=2

anf=1+ab+ac+abc+d+bd+bcd+e+cde+def+abg+afg+efg
[1100000 0100000 0010000 0101010 0000100 0000010 0000011]0100010
stabSize=2

anf=a+b+ab+c+ac+abc+bd+bcd+e+cde+def+abg+afg+efg
stabSize=1

anf=1+a+b+ab+c+ac+abc+bd+bcd+e+cde+def+abg+afg+efg
stabSize=1

anf=b+ab+c+ac+abc+bd+bcd+e+cde+def+abg+afg+efg
stabSize=1

anf=1+b+ab+c+ac+abc+bd+bcd+e+cde+def+abg+afg+efg
stabSize=1

anf=a+ab+c+ac+abc+bd+bcd+e+cde+def+abg+afg+efg
[1100000 0100000 0010000 0101010 0000100 0000010 0000011]0100010
[0000001 0000010 0000100 0001000 0010000 0100000 1000000]0110110
stabSize=4

anf=1+a+ab+c+ac+abc+bd+bcd+e+cde+def+abg+afg+efg
[1100000 0100000 0010000 0101010 0000100 0000010 0000011]0100010
[0000001 0000010 0000100 0001000 0010000 0100000 1000000]0110110
stabSize=4

anf=ab+c+ac+abc+bd+bcd+e+cde+def+abg+afg+efg
[1100000 0100000 0010000 0101010 0000100 0000010 0000011]0100010
stabSize=2

anf=1+ab+c+ac+abc+bd+bcd+e+cde+def+abg+afg+efg
[1100000 0100000 0010000 0101010 0000100 0000010 0000011]0100010
stabSize=2

anf=a+b+ab+ac+abc+bd+bcd+e+cde+def+abg+afg+efg
stabSize=1

anf=1+a+b+ab+ac+abc+bd+bcd+e+cde+def+abg+afg+efg
stabSize=1

anf=b+ab+ac+abc+bd+bcd+e+cde+def+abg+afg+efg
stabSize=1

anf=1+b+ab+ac+abc+bd+bcd+e+cde+def+abg+afg+efg
stabSize=1

anf=ab+ac+abc+bd+bcd+e+cde+def+abg+afg+efg
[1100000 0100000 0010000 0101010 0000100 0000010 0000011]0100010
stabSize=2

anf=1+ab+ac+abc+bd+bcd+e+cde+def+abg+afg+efg
[1100000 0100000 0010000 0101010 0000100 0000010 0000011]0100010
stabSize=2

anf=a+ab+c+ac+abc+d+bd+bcd+cde+def+abg+afg+efg
[1100000 0100000 0010000 0101010 0000100 0000010 0000011]0100010
stabSize=2

anf=1+a+ab+c+ac+abc+d+bd+bcd+cde+def+abg+afg+efg
[1100000 0100000 0010000 0101010 0000100 0000010 0000011]0100010
stabSize=2

anf=ab+c+ac+abc+d+bd+bcd+cde+def+abg+afg+efg
[1100000 0100000 0010000 0101010 0000100 0000010 0000011]0100010
stabSize=2

anf=1+ab+c+ac+abc+d+bd+bcd+cde+def+abg+afg+efg
[1100000 0100000 0010000 0101010 0000100 0000010 0000011]0100010
stabSize=2

anf=a+ab+ac+abc+d+bd+bcd+cde+def+abg+afg+efg
[1100000 0100000 0010000 0101010 0000100 0000010 0000011]0100010
[0000001 0000010 0000100 0001000 0010000 0100000 1000000]0110110
stabSize=4

anf=1+a+ab+ac+abc+d+bd+bcd+cde+def+abg+afg+efg
[1100000 0100000 0010000 0101010 0000100 0000010 0000011]0100010
[0000001 0000010 0000100 0001000 0010000 0100000 1000000]0110110
stabSize=4

anf=ab+ac+abc+d+bd+bcd+cde+def+abg+afg+efg
[1100000 0100000 0010000 0101010 0000100 0000010 0000011]0100010
stabSize=2

anf=1+ab+ac+abc+d+bd+bcd+cde+def+abg+afg+efg
[1100000 0100000 0010000 0101010 0000100 0000010 0000011]0100010
stabSize=2

anf=a+b+ab+c+ac+abc+bd+bcd+cde+def+abg+afg+efg
stabSize=1

anf=1+a+b+ab+c+ac+abc+bd+bcd+cde+def+abg+afg+efg
stabSize=1

anf=b+ab+c+ac+abc+bd+bcd+cde+def+abg+afg+efg
stabSize=1

anf=1+b+ab+c+ac+abc+bd+bcd+cde+def+abg+afg+efg
stabSize=1

anf=a+ab+c+ac+abc+bd+bcd+cde+def+abg+afg+efg
[1100000 0100000 0010000 0101010 0000100 0000010 0000011]0100010
stabSize=2

anf=1+a+ab+c+ac+abc+bd+bcd+cde+def+abg+afg+efg
[1100000 0100000 0010000 0101010 0000100 0000010 0000011]0100010
stabSize=2

anf=ab+c+ac+abc+bd+bcd+cde+def+abg+afg+efg
[1100000 0100000 0010000 0101010 0000100 0000010 0000011]0100010
stabSize=2

anf=1+ab+c+ac+abc+bd+bcd+cde+def+abg+afg+efg
[1100000 0100000 0010000 0101010 0000100 0000010 0000011]0100010
stabSize=2

anf=a+b+ab+ac+abc+bd+bcd+cde+def+abg+afg+efg
stabSize=1

anf=1+a+b+ab+ac+abc+bd+bcd+cde+def+abg+afg+efg
stabSize=1

anf=b+ab+ac+abc+bd+bcd+cde+def+abg+afg+efg
stabSize=1

anf=1+b+ab+ac+abc+bd+bcd+cde+def+abg+afg+efg
stabSize=1

anf=a+ab+ac+abc+bd+bcd+cde+def+abg+afg+efg
[1100000 0100000 0010000 0101010 0000100 0000010 0000011]0100010
[0000001 0000010 0000100 0001000 0010000 0100000 1000000]0110110
stabSize=4

anf=1+a+ab+ac+abc+bd+bcd+cde+def+abg+afg+efg
[1100000 0100000 0010000 0101010 0000100 0000010 0000011]0100010
[0000001 0000010 0000100 0001000 0010000 0100000 1000000]0110110
stabSize=4

anf=ab+ac+abc+bd+bcd+cde+def+abg+afg+efg
[1100000 0100000 0010000 0101010 0000100 0000010 0000011]0100010
stabSize=2

anf=1+ab+ac+abc+bd+bcd+cde+def+abg+afg+efg
[1100000 0100000 0010000 0101010 0000100 0000010 0000011]0100010
stabSize=2

anf=a+b+c+ac+abc+d+bd+bcd+e+cde+def+g+abg+afg+efg
[0111010 0010000 0100000 1110010 0000011 0000010 0000110]0110000
[1110010 0100000 0010000 0111010 0000110 0000010 0000011]0110000
stabSize=4

anf=1+a+b+c+ac+abc+d+bd+bcd+e+cde+def+g+abg+afg+efg
[0111010 0010000 0100000 1110010 0000011 0000010 0000110]0110000
[1110010 0100000 0010000 0111010 0000110 0000010 0000011]0110000
stabSize=4

anf=a+ac+abc+d+bd+bcd+e+cde+def+g+abg+afg+efg
[0111010 0010000 0100000 1110010 0000011 0000010 0000110]0110000
[1110010 0100000 0010000 0111010 0000110 0000010 0000011]0110000
stabSize=4

anf=1+a+ac+abc+d+bd+bcd+e+cde+def+g+abg+afg+efg
[0111010 0010000 0100000 1110010 0000011 0000010 0000110]0110000
[1110010 0100000 0010000 0111010 0000110 0000010 0000011]0110000
stabSize=4

anf=a+b+c+ac+abc+bd+bcd+e+cde+def+g+abg+afg+efg
[1110010 0100000 0010000 0111010 0000110 0000010 0000011]0110000
stabSize=2

anf=1+a+b+c+ac+abc+bd+bcd+e+cde+def+g+abg+afg+efg
[1110010 0100000 0010000 0111010 0000110 0000010 0000011]0110000
stabSize=2

anf=b+c+ac+abc+bd+bcd+e+cde+def+g+abg+afg+efg
[0111010 0010000 0100000 1110010 0000011 0000010 0000110]0110000
[1110010 0100000 0010000 0111010 0000110 0000010 0000011]0110000
stabSize=4

anf=1+b+c+ac+abc+bd+bcd+e+cde+def+g+abg+afg+efg
[0111010 0010000 0100000 1110010 0000011 0000010 0000110]0110000
[1110010 0100000 0010000 0111010 0000110 0000010 0000011]0110000
stabSize=4

anf=a+b+ac+abc+bd+bcd+e+cde+def+g+abg+afg+efg
stabSize=1

anf=1+a+b+ac+abc+bd+bcd+e+cde+def+g+abg+afg+efg
stabSize=1

anf=b+ac+abc+bd+bcd+e+cde+def+g+abg+afg+efg
stabSize=1

anf=1+b+ac+abc+bd+bcd+e+cde+def+g+abg+afg+efg
stabSize=1

anf=a+ac+abc+bd+bcd+e+cde+def+g+abg+afg+efg
[1110010 0100000 0010000 0111010 0000110 0000010 0000011]0110000
stabSize=2

anf=1+a+ac+abc+bd+bcd+e+cde+def+g+abg+afg+efg
[1110010 0100000 0010000 0111010 0000110 0000010 0000011]0110000
stabSize=2

anf=ac+abc+bd+bcd+e+cde+def+g+abg+afg+efg
[0111010 0010000 0100000 1110010 0000011 0000010 0000110]0110000
[1110010 0100000 0010000 0111010 0000110 0000010 0000011]0110000
stabSize=4

anf=1+ac+abc+bd+bcd+e+cde+def+g+abg+afg+efg
[0111010 0010000 0100000 1110010 0000011 0000010 0000110]0110000
[1110010 0100000 0010000 0111010 0000110 0000010 0000011]0110000
stabSize=4

anf=b+c+ac+abc+d+bd+bcd+e+cde+f+def+abg+afg+efg
[0111010 0010000 0100000 1110010 0000011 0000010 0000110]0110000
stabSize=2

anf=1+b+c+ac+abc+d+bd+bcd+e+cde+f+def+abg+afg+efg
[0111010 0010000 0100000 1110010 0000011 0000010 0000110]0110000
stabSize=2

anf=a+b+ac+abc+d+bd+bcd+e+cde+f+def+abg+afg+efg
stabSize=1

anf=1+a+b+ac+abc+d+bd+bcd+e+cde+f+def+abg+afg+efg
stabSize=1

anf=ac+abc+d+bd+bcd+e+cde+f+def+abg+afg+efg
[0111010 0010000 0100000 1110010 0000011 0000010 0000110]0110000
stabSize=2

anf=1+ac+abc+d+bd+bcd+e+cde+f+def+abg+afg+efg
[0111010 0010000 0100000 1110010 0000011 0000010 0000110]0110000
stabSize=2

anf=a+b+c+ac+abc+bd+bcd+e+cde+f+def+abg+afg+efg
[0111010 0010000 0100000 1110010 0000011 0000010 0000110]0110000
stabSize=2

anf=1+a+b+c+ac+abc+bd+bcd+e+cde+f+def+abg+afg+efg
[0111010 0010000 0100000 1110010 0000011 0000010 0000110]0110000
stabSize=2

anf=b+c+ac+abc+bd+bcd+e+cde+f+def+abg+afg+efg
stabSize=1

anf=1+b+c+ac+abc+bd+bcd+e+cde+f+def+abg+afg+efg
stabSize=1

anf=a+c+ac+abc+bd+bcd+e+cde+f+def+abg+afg+efg
stabSize=1

anf=1+a+c+ac+abc+bd+bcd+e+cde+f+def+abg+afg+efg
stabSize=1

anf=a+b+ac+abc+bd+bcd+e+cde+f+def+abg+afg+efg
stabSize=1

anf=1+a+b+ac+abc+bd+bcd+e+cde+f+def+abg+afg+efg
stabSize=1

anf=b+ac+abc+bd+bcd+e+cde+f+def+abg+afg+efg
stabSize=1

anf=1+b+ac+abc+bd+bcd+e+cde+f+def+abg+afg+efg
stabSize=1

anf=a+ac+abc+bd+bcd+e+cde+f+def+abg+afg+efg
[0111010 0010000 0100000 1110010 0000011 0000010 0000110]0110000
stabSize=2

anf=1+a+ac+abc+bd+bcd+e+cde+f+def+abg+afg+efg
[0111010 0010000 0100000 1110010 0000011 0000010 0000110]0110000
stabSize=2

anf=ac+abc+bd+bcd+e+cde+f+def+abg+afg+efg
stabSize=1

anf=1+ac+abc+bd+bcd+e+cde+f+def+abg+afg+efg
stabSize=1

anf=a+b+c+ac+abc+d+bd+bcd+cde+f+def+abg+afg+efg
[0001000 0010000 0100000 1000000 0000001 0000010 0000100]0000000
stabSize=2

anf=1+a+b+c+ac+abc+d+bd+bcd+cde+f+def+abg+afg+efg
[0001000 0010000 0100000 1000000 0000001 0000010 0000100]0000000
stabSize=2

anf=a+b+ac+abc+d+bd+bcd+cde+f+def+abg+afg+efg
stabSize=1

anf=1+a+b+ac+abc+d+bd+bcd+cde+f+def+abg+afg+efg
stabSize=1

anf=a+ac+abc+d+bd+bcd+cde+f+def+abg+afg+efg
[0001000 0010000 0100000 1000000 0000001 0000010 0000100]0000000
stabSize=2

anf=1+a+ac+abc+d+bd+bcd+cde+f+def+abg+afg+efg
[0001000 0010000 0100000 1000000 0000001 0000010 0000100]0000000
stabSize=2

anf=a+b+c+ac+abc+bd+bcd+cde+f+def+abg+afg+efg
stabSize=1

anf=1+a+b+c+ac+abc+bd+bcd+cde+f+def+abg+afg+efg
stabSize=1

anf=b+c+ac+abc+bd+bcd+cde+f+def+abg+afg+efg
[0001000 0010000 0100000 1000000 0000001 0000010 0000100]0000000
stabSize=2

anf=1+b+c+ac+abc+bd+bcd+cde+f+def+abg+afg+efg
[0001000 0010000 0100000 1000000 0000001 0000010 0000100]0000000
stabSize=2

anf=a+c+ac+abc+bd+bcd+cde+f+def+abg+afg+efg
stabSize=1

anf=1+a+c+ac+abc+bd+bcd+cde+f+def+abg+afg+efg
stabSize=1

anf=a+b+ac+abc+bd+bcd+cde+f+def+abg+afg+efg
stabSize=1

anf=1+a+b+ac+abc+bd+bcd+cde+f+def+abg+afg+efg
stabSize=1

anf=b+ac+abc+bd+bcd+cde+f+def+abg+afg+efg
stabSize=1

anf=1+b+ac+abc+bd+bcd+cde+f+def+abg+afg+efg
stabSize=1

anf=a+ac+abc+bd+bcd+cde+f+def+abg+afg+efg
stabSize=1

anf=1+a+ac+abc+bd+bcd+cde+f+def+abg+afg+efg
stabSize=1

anf=ac+abc+bd+bcd+cde+f+def+abg+afg+efg
[0001000 0010000 0100000 1000000 0000001 0000010 0000100]0000000
stabSize=2

anf=1+ac+abc+bd+bcd+cde+f+def+abg+afg+efg
[0001000 0010000 0100000 1000000 0000001 0000010 0000100]0000000
stabSize=2

anf=a+b+c+ac+abc+d+bd+bcd+e+cde+def+abg+afg+efg
[1110010 0100000 0010000 0111010 0000110 0000010 0000011]0110000
stabSize=2

anf=1+a+b+c+ac+abc+d+bd+bcd+e+cde+def+abg+afg+efg
[1110010 0100000 0010000 0111010 0000110 0000010 0000011]0110000
stabSize=2

anf=b+c+ac+abc+d+bd+bcd+e+cde+def+abg+afg+efg
[1110010 0100000 0010000 0111010 0000110 0000010 0000011]0110000
stabSize=2

anf=1+b+c+ac+abc+d+bd+bcd+e+cde+def+abg+afg+efg
[1110010 0100000 0010000 0111010 0000110 0000010 0000011]0110000
stabSize=2

anf=a+ac+abc+d+bd+bcd+e+cde+def+abg+afg+efg
[1110010 0100000 0010000 0111010 0000110 0000010 0000011]0110000
stabSize=2

anf=1+a+ac+abc+d+bd+bcd+e+cde+def+abg+afg+efg
[1110010 0100000 0010000 0111010 0000110 0000010 0000011]0110000
stabSize=2

anf=ac+abc+d+bd+bcd+e+cde+def+abg+afg+efg
[1110010 0100000 0010000 0111010 0000110 0000010 0000011]0110000
stabSize=2

anf=1+ac+abc+d+bd+bcd+e+cde+def+abg+afg+efg
[1110010 0100000 0010000 0111010 0000110 0000010 0000011]0110000
stabSize=2

anf=a+b+c+ac+abc+bd+bcd+e+cde+def+abg+afg+efg
[1110010 0100000 0010000 0111010 0000110 0000010 0000011]0110000
stabSize=2

anf=1+a+b+c+ac+abc+bd+bcd+e+cde+def+abg+afg+efg
[1110010 0100000 0010000 0111010 0000110 0000010 0000011]0110000
stabSize=2

anf=b+c+ac+abc+bd+bcd+e+cde+def+abg+afg+efg
[1110010 0100000 0010000 0111010 0000110 0000010 0000011]0110000
stabSize=2

anf=1+b+c+ac+abc+bd+bcd+e+cde+def+abg+afg+efg
[1110010 0100000 0010000 0111010 0000110 0000010 0000011]0110000
stabSize=2

anf=a+c+ac+abc+bd+bcd+e+cde+def+abg+afg+efg
stabSize=1

anf=1+a+c+ac+abc+bd+bcd+e+cde+def+abg+afg+efg
stabSize=1

anf=c+ac+abc+bd+bcd+e+cde+def+abg+afg+efg
stabSize=1

anf=1+c+ac+abc+bd+bcd+e+cde+def+abg+afg+efg
stabSize=1

anf=a+b+ac+abc+bd+bcd+e+cde+def+abg+afg+efg
stabSize=1

anf=1+a+b+ac+abc+bd+bcd+e+cde+def+abg+afg+efg
stabSize=1

anf=b+ac+abc+bd+bcd+e+cde+def+abg+afg+efg
stabSize=1

anf=1+b+ac+abc+bd+bcd+e+cde+def+abg+afg+efg
stabSize=1

anf=a+ac+abc+bd+bcd+e+cde+def+abg+afg+efg
[1110010 0100000 0010000 0111010 0000110 0000010 0000011]0110000
stabSize=2

anf=1+a+ac+abc+bd+bcd+e+cde+def+abg+afg+efg
[1110010 0100000 0010000 0111010 0000110 0000010 0000011]0110000
stabSize=2

anf=ac+abc+bd+bcd+e+cde+def+abg+afg+efg
[1110010 0100000 0010000 0111010 0000110 0000010 0000011]0110000
stabSize=2

anf=1+ac+abc+bd+bcd+e+cde+def+abg+afg+efg
[1110010 0100000 0010000 0111010 0000110 0000010 0000011]0110000
stabSize=2

anf=a+b+c+ac+abc+d+bd+bcd+cde+def+abg+afg+efg
[0111010 0010000 0100000 1110010 0000011 0000010 0000110]0110000
[1110010 0100000 0010000 0111010 0000110 0000010 0000011]0110000
stabSize=4

anf=1+a+b+c+ac+abc+d+bd+bcd+cde+def+abg+afg+efg
[0111010 0010000 0100000 1110010 0000011 0000010 0000110]0110000
[1110010 0100000 0010000 0111010 0000110 0000010 0000011]0110000
stabSize=4

anf=a+ac+abc+d+bd+bcd+cde+def+abg+afg+efg
[0111010 0010000 0100000 1110010 0000011 0000010 0000110]0110000
[1110010 0100000 0010000 0111010 0000110 0000010 0000011]0110000
stabSize=4

anf=1+a+ac+abc+d+bd+bcd+cde+def+abg+afg+efg
[0111010 0010000 0100000 1110010 0000011 0000010 0000110]0110000
[1110010 0100000 0010000 0111010 0000110 0000010 0000011]0110000
stabSize=4

anf=a+b+c+ac+abc+bd+bcd+cde+def+abg+afg+efg
[1110010 0100000 0010000 0111010 0000110 0000010 0000011]0110000
stabSize=2

anf=1+a+b+c+ac+abc+bd+bcd+cde+def+abg+afg+efg
[1110010 0100000 0010000 0111010 0000110 0000010 0000011]0110000
stabSize=2

anf=b+c+ac+abc+bd+bcd+cde+def+abg+afg+efg
[0111010 0010000 0100000 1110010 0000011 0000010 0000110]0110000
[1110010 0100000 0010000 0111010 0000110 0000010 0000011]0110000
stabSize=4

anf=1+b+c+ac+abc+bd+bcd+cde+def+abg+afg+efg
[0111010 0010000 0100000 1110010 0000011 0000010 0000110]0110000
[1110010 0100000 0010000 0111010 0000110 0000010 0000011]0110000
stabSize=4

anf=a+b+ac+abc+bd+bcd+cde+def+abg+afg+efg
stabSize=1

anf=1+a+b+ac+abc+bd+bcd+cde+def+abg+afg+efg
stabSize=1

anf=b+ac+abc+bd+bcd+cde+def+abg+afg+efg
stabSize=1

anf=1+b+ac+abc+bd+bcd+cde+def+abg+afg+efg
stabSize=1

anf=a+ac+abc+bd+bcd+cde+def+abg+afg+efg
[1110010 0100000 0010000 0111010 0000110 0000010 0000011]0110000
stabSize=2

anf=1+a+ac+abc+bd+bcd+cde+def+abg+afg+efg
[1110010 0100000 0010000 0111010 0000110 0000010 0000011]0110000
stabSize=2

anf=ac+abc+bd+bcd+cde+def+abg+afg+efg
[0111010 0010000 0100000 1110010 0000011 0000010 0000110]0110000
[1110010 0100000 0010000 0111010 0000110 0000010 0000011]0110000
stabSize=4

anf=1+ac+abc+bd+bcd+cde+def+abg+afg+efg
[0111010 0010000 0100000 1110010 0000011 0000010 0000110]0110000
[1110010 0100000 0010000 0111010 0000110 0000010 0000011]0110000
stabSize=4

anf=a+b+ab+bc+abc+d+ad+bcd+cde+f+def+g+abg+afg+efg
[0001000 0101110 0010011 1000000 0001001 1000111 1000100]1000110
[0001000 0100110 0000011 1001000 0001001 0101001 0111010]0101000
stabSize=6

anf=1+a+b+ab+bc+abc+d+ad+bcd+cde+f+def+g+abg+afg+efg
[0001000 0101110 0010011 1000000 0001001 1000111 1000100]1000110
[0001000 0100110 0000011 1001000 0001001 0101001 0111010]0101000
stabSize=6

anf=a+ab+bc+abc+ad+bcd+cde+f+def+g+abg+afg+efg
[1000000 1100000 0000011 1001000 0000100 0101010 0111010]0101000
stabSize=2

anf=1+a+ab+bc+abc+ad+bcd+cde+f+def+g+abg+afg+efg
[1000000 1100000 0000011 1001000 0000100 0101010 0111010]0101000
stabSize=2

anf=a+ab+bc+abc+d+ad+bcd+cde+def+g+abg+afg+efg
[1001000 1001110 0010000 0001000 1110010 0010010 0000001]0000000
stabSize=2

anf=1+a+ab+bc+abc+d+ad+bcd+cde+def+g+abg+afg+efg
[1001000 1001110 0010000 0001000 1110010 0010010 0000001]0000000
stabSize=2

anf=a+ab+c+bc+abc+ad+bcd+cde+def+g+abg+afg+efg
[1000000 1100000 0000011 1001000 0000100 0101010 0111010]0101000
stabSize=2

anf=1+a+ab+c+bc+abc+ad+bcd+cde+def+g+abg+afg+efg
[1000000 1100000 0000011 1001000 0000100 0101010 0111010]0101000
stabSize=2

anf=a+b+ab+bc+abc+ad+bcd+cde+def+g+abg+afg+efg
stabSize=1

anf=1+a+b+ab+bc+abc+ad+bcd+cde+def+g+abg+afg+efg
stabSize=1

anf=b+ab+bc+abc+d+ad+bcd+e+cde+f+def+abg+afg+efg
[1001000 1001110 0010000 0001000 1110010 0010010 0000001]0000000
stabSize=2

anf=1+b+ab+bc+abc+d+ad+bcd+e+cde+f+def+abg+afg+efg
[1001000 1001110 0010000 0001000 1110010 0010010 0000001]0000000
stabSize=2

anf=a+b+ab+bc+abc+d+ad+bcd+cde+f+def+abg+afg+efg
[1001000 1001110 0010000 0001000 1110010 0010010 0000001]0000000
stabSize=2

anf=1+a+b+ab+bc+abc+d+ad+bcd+cde+f+def+abg+afg+efg
[1001000 1001110 0010000 0001000 1110010 0010010 0000001]0000000
stabSize=2

anf=a+ab+bc+abc+ad+bcd+cde+f+def+abg+afg+efg
stabSize=1

anf=1+a+ab+bc+abc+ad+bcd+cde+f+def+abg+afg+efg
stabSize=1

anf=a+b+ab+c+bc+abc+d+ad+bcd+e+cde+def+abg+afg+efg
[0001000 0101110 0010011 1000000 0001001 1000111 1000100]1000110
stabSize=2

anf=1+a+b+ab+c+bc+abc+d+ad+bcd+e+cde+def+abg+afg+efg
[0001000 0101110 0010011 1000000 0001001 1000111 1000100]1000110
stabSize=2

anf=b+ab+c+bc+abc+d+ad+bcd+e+cde+def+abg+afg+efg
stabSize=1

anf=1+b+ab+c+bc+abc+d+ad+bcd+e+cde+def+abg+afg+efg
stabSize=1

anf=a+ab+c+bc+abc+d+ad+bcd+e+cde+def+abg+afg+efg
[0001000 0101110 0010011 1000000 0001001 1000111 1000100]1000110
stabSize=2

anf=1+a+ab+c+bc+abc+d+ad+bcd+e+cde+def+abg+afg+efg
[0001000 0101110 0010011 1000000 0001001 1000111 1000100]1000110
stabSize=2

anf=ab+c+bc+abc+d+ad+bcd+e+cde+def+abg+afg+efg
stabSize=1

anf=1+ab+c+bc+abc+d+ad+bcd+e+cde+def+abg+afg+efg
stabSize=1

anf=a+b+ab+bc+abc+d+ad+bcd+e+cde+def+abg+afg+efg
[0001000 0101110 0010011 1000000 0001001 1000111 1000100]1000110
[0001000 0100110 0000011 1001000 0001001 0101001 0111010]0101000
stabSize=6

anf=1+a+b+ab+bc+abc+d+ad+bcd+e+cde+def+abg+afg+efg
[0001000 0101110 0010011 1000000 0001001 1000111 1000100]1000110
[0001000 0100110 0000011 1001000 0001001 0101001 0111010]0101000
stabSize=6

anf=ab+bc+abc+d+ad+bcd+e+cde+def+abg+afg+efg
[1001000 1001110 0010000 0001000 1110010 0010010 0000001]0000000
stabSize=2

anf=1+ab+bc+abc+d+ad+bcd+e+cde+def+abg+afg+efg
[1001000 1001110 0010000 0001000 1110010 0010010 0000001]0000000
stabSize=2

anf=b+ab+c+bc+abc+ad+bcd+e+cde+def+abg+afg+efg
stabSize=1

anf=1+b+ab+c+bc+abc+ad+bcd+e+cde+def+abg+afg+efg
stabSize=1

anf=ab+c+bc+abc+ad+bcd+e+cde+def+abg+afg+efg
stabSize=1

anf=1+ab+c+bc+abc+ad+bcd+e+cde+def+abg+afg+efg
stabSize=1

anf=a+b+ab+c+bc+abc+d+ad+bcd+cde+def+abg+afg+efg
stabSize=1

anf=1+a+b+ab+c+bc+abc+d+ad+bcd+cde+def+abg+afg+efg
stabSize=1

anf=b+ab+c+bc+abc+d+ad+bcd+cde+def+abg+afg+efg
stabSize=1

anf=1+b+ab+c+bc+abc+d+ad+bcd+cde+def+abg+afg+efg
stabSize=1

anf=a+ab+c+bc+abc+d+ad+bcd+cde+def+abg+afg+efg
stabSize=1

anf=1+a+ab+c+bc+abc+d+ad+bcd+cde+def+abg+afg+efg
stabSize=1

anf=ab+c+bc+abc+d+ad+bcd+cde+def+abg+afg+efg
stabSize=1

anf=1+ab+c+bc+abc+d+ad+bcd+cde+def+abg+afg+efg
stabSize=1

anf=a+b+ab+bc+abc+d+ad+bcd+cde+def+abg+afg+efg
[1000000 1100000 0000011 1001000 0000100 0101010 0111010]0101000
stabSize=2

anf=1+a+b+ab+bc+abc+d+ad+bcd+cde+def+abg+afg+efg
[1000000 1100000 0000011 1001000 0000100 0101010 0111010]0101000
stabSize=2

anf=a+ab+bc+abc+d+ad+bcd+cde+def+abg+afg+efg
[1001000 1001110 0010000 0001000 1110010 0010010 0000001]0000000
stabSize=2

anf=1+a+ab+bc+abc+d+ad+bcd+cde+def+abg+afg+efg
[1001000 1001110 0010000 0001000 1110010 0010010 0000001]0000000
stabSize=2

anf=ab+bc+abc+d+ad+bcd+cde+def+abg+afg+efg
stabSize=1

anf=1+ab+bc+abc+d+ad+bcd+cde+def+abg+afg+efg
stabSize=1

anf=a+b+ab+c+bc+abc+ad+bcd+cde+def+abg+afg+efg
stabSize=1

anf=1+a+b+ab+c+bc+abc+ad+bcd+cde+def+abg+afg+efg
stabSize=1

anf=b+ab+c+bc+abc+ad+bcd+cde+def+abg+afg+efg
[0001000 0101110 0010011 1000000 0001001 1000111 1000100]1000110
stabSize=2

anf=1+b+ab+c+bc+abc+ad+bcd+cde+def+abg+afg+efg
[0001000 0101110 0010011 1000000 0001001 1000111 1000100]1000110
stabSize=2

anf=a+ab+c+bc+abc+ad+bcd+cde+def+abg+afg+efg
stabSize=1

anf=1+a+ab+c+bc+abc+ad+bcd+cde+def+abg+afg+efg
stabSize=1

anf=ab+c+bc+abc+ad+bcd+cde+def+abg+afg+efg
[0001000 0101110 0010011 1000000 0001001 1000111 1000100]1000110
stabSize=2

anf=1+ab+c+bc+abc+ad+bcd+cde+def+abg+afg+efg
[0001000 0101110 0010011 1000000 0001001 1000111 1000100]1000110
stabSize=2

anf=a+b+ab+bc+abc+ad+bcd+cde+def+abg+afg+efg
stabSize=1

anf=1+a+b+ab+bc+abc+ad+bcd+cde+def+abg+afg+efg
stabSize=1

anf=a+ab+bc+abc+ad+bcd+cde+def+abg+afg+efg
[1000000 1100000 0000011 1001000 0000100 0101010 0111010]0101000
stabSize=2

anf=1+a+ab+bc+abc+ad+bcd+cde+def+abg+afg+efg
[1000000 1100000 0000011 1001000 0000100 0101010 0111010]0101000
stabSize=2

anf=ab+bc+abc+ad+bcd+cde+def+abg+afg+efg
[0001000 0101110 0010011 1000000 0001001 1000111 1000100]1000110
stabSize=2

anf=1+ab+bc+abc+ad+bcd+cde+def+abg+afg+efg
[0001000 0101110 0010011 1000000 0001001 1000111 1000100]1000110
stabSize=2

anf=a+b+c+bc+abc+d+ad+bcd+e+cde+f+def+g+abg+afg+efg
[1001010 0000010 0010011 1010010 0110010 0010000 1010100]1000010
[1001010 0000010 0100110 0101010 0110010 0100000 0101001]0001010
stabSize=14

anf=1+a+b+c+bc+abc+d+ad+bcd+e+cde+f+def+g+abg+afg+efg
[1001010 0000010 0010011 1010010 0110010 0010000 1010100]1000010
[1001010 0000010 0100110 0101010 0110010 0100000 0101001]0001010
stabSize=14

anf=a+bc+abc+d+ad+bcd+cde+f+def+abg+afg+efg
[0001000 0010000 0100000 1000000 0000001 0000010 0000100]0000000
stabSize=2

anf=1+a+bc+abc+d+ad+bcd+cde+f+def+abg+afg+efg
[0001000 0010000 0100000 1000000 0000001 0000010 0000100]0000000
stabSize=2

anf=a+b+c+bc+abc+d+ad+bcd+e+cde+def+abg+afg+efg
[1000000 0100000 0101111 1001100 0000100 0100110 1011110]1100000
stabSize=2

anf=1+a+b+c+bc+abc+d+ad+bcd+e+cde+def+abg+afg+efg
[1000000 0100000 0101111 1001100 0000100 0100110 1011110]1100000
stabSize=2

anf=b+c+bc+abc+d+ad+bcd+e+cde+def+abg+afg+efg
[1001100 0101111 0010011 1010010 1011110 1010111 1010100]0000011
stabSize=2

anf=1+b+c+bc+abc+d+ad+bcd+e+cde+def+abg+afg+efg
[1001100 0101111 0010011 1010010 1011110 1010111 1010100]0000011
stabSize=2

anf=c+bc+abc+d+ad+bcd+e+cde+def+abg+afg+efg
[1001100 0101111 0010011 1010010 1011110 1010111 1010100]0000011
stabSize=2

anf=1+c+bc+abc+d+ad+bcd+e+cde+def+abg+afg+efg
[1001100 0101111 0010011 1010010 1011110 1010111 1010100]0000011
stabSize=2

anf=bc+abc+d+ad+bcd+e+cde+def+abg+afg+efg
[1010010 0010011 0000010 1001010 1010100 0010000 0110010]1000010
stabSize=2

anf=1+bc+abc+d+ad+bcd+e+cde+def+abg+afg+efg
[1010010 0010011 0000010 1001010 1010100 0010000 0110010]1000010
stabSize=2

anf=a+b+c+bc+abc+ad+bcd+e+cde+def+abg+afg+efg
stabSize=1

anf=1+a+b+c+bc+abc+ad+bcd+e+cde+def+abg+afg+efg
stabSize=1

anf=a+c+bc+abc+ad+bcd+e+cde+def+abg+afg+efg
[1001010 0000010 0100110 0101010 0110010 0100000 0101001]0001010
stabSize=2

anf=1+a+c+bc+abc+ad+bcd+e+cde+def+abg+afg+efg
[1001010 0000010 0100110 0101010 0110010 0100000 0101001]0001010
stabSize=2

anf=b+bc+abc+ad+bcd+e+cde+def+abg+afg+efg
[1001001 1010111 0010000 0001000 1101011 0010011 0000001]0011000
stabSize=2

anf=1+b+bc+abc+ad+bcd+e+cde+def+abg+afg+efg
[1001001 1010111 0010000 0001000 1101011 0010011 0000001]0011000
stabSize=2

anf=a+b+c+bc+abc+d+ad+bcd+cde+def+abg+afg+efg
[0001000 0010000 0100000 1000000 0000001 0000010 0000100]0000000
stabSize=2

anf=1+a+b+c+bc+abc+d+ad+bcd+cde+def+abg+afg+efg
[0001000 0010000 0100000 1000000 0000001 0000010 0000100]0000000
stabSize=2

anf=a+b+bc+abc+d+ad+bcd+cde+def+abg+afg+efg
stabSize=1

anf=1+a+b+bc+abc+d+ad+bcd+cde+def+abg+afg+efg
stabSize=1

anf=a+b+c+bc+abc+ad+bcd+cde+def+abg+afg+efg
[1001100 0101111 0010011 1010010 1011110 1010111 1010100]0000011
stabSize=2

anf=1+a+b+c+bc+abc+ad+bcd+cde+def+abg+afg+efg
[1001100 0101111 0010011 1010010 1011110 1010111 1010100]0000011
stabSize=2

anf=b+c+bc+abc+ad+bcd+cde+def+abg+afg+efg
[0001000 0010000 0100000 1000000 0000001 0000010 0000100]0000000
stabSize=2

anf=1+b+c+bc+abc+ad+bcd+cde+def+abg+afg+efg
[0001000 0010000 0100000 1000000 0000001 0000010 0000100]0000000
stabSize=2

anf=a+c+bc+abc+ad+bcd+cde+def+abg+afg+efg
[1001100 0101111 0010011 1010010 1011110 1010111 1010100]0000011
stabSize=2

anf=1+a+c+bc+abc+ad+bcd+cde+def+abg+afg+efg
[1001100 0101111 0010011 1010010 1011110 1010111 1010100]0000011
stabSize=2

anf=a+b+bc+abc+ad+bcd+cde+def+abg+afg+efg
[1001001 1010111 0010000 0001000 1101011 0010011 0000001]0011000
stabSize=2

anf=1+a+b+bc+abc+ad+bcd+cde+def+abg+afg+efg
[1001001 1010111 0010000 0001000 1101011 0010011 0000001]0011000
stabSize=2

anf=b+bc+abc+ad+bcd+cde+def+abg+afg+efg
[1001100 0101111 0010011 1010010 1011110 1010111 1010100]0000011
stabSize=2

anf=1+b+bc+abc+ad+bcd+cde+def+abg+afg+efg
[1001100 0101111 0010011 1010010 1011110 1010111 1010100]0000011
stabSize=2

anf=a+bc+abc+ad+bcd+cde+def+abg+afg+efg
[1001010 0000010 0100110 0101010 0110010 0100000 0101001]0001010
stabSize=2

anf=1+a+bc+abc+ad+bcd+cde+def+abg+afg+efg
[1001010 0000010 0100110 0101010 0110010 0100000 0101001]0001010
stabSize=2

anf=bc+abc+ad+bcd+cde+def+abg+afg+efg
[1001010 0000010 0010011 1010010 0110010 0010000 1010100]1000010
[1001010 0000010 0100110 0101010 0110010 0100000 0101001]0001010
stabSize=14

anf=1+bc+abc+ad+bcd+cde+def+abg+afg+efg
[1001010 0000010 0010011 1010010 0110010 0010000 1010100]1000010
[1001010 0000010 0100110 0101010 0110010 0100000 0101001]0001010
stabSize=14

anf=a+ab+c+ac+bc+abc+bcd+e+cde+f+def+abg+afg+efg
[0110010 0010000 0101001 1111010 0000010 0000011 0001111]0110000
[0101001 1100101 0110010 0001111 0001100 1111000 1111010]1000101
stabSize=36

anf=1+a+ab+c+ac+bc+abc+bcd+e+cde+f+def+abg+afg+efg
[0110010 0010000 0101001 1111010 0000010 0000011 0001111]0110000
[0101001 1100101 0110010 0001111 0001100 1111000 1111010]1000101
stabSize=36

anf=ab+ac+bc+abc+bcd+e+cde+f+def+abg+afg+efg
[1100101 0101001 0111010 1110100 0001100 0000011 1110010]0001001
[1100101 0101111 0111010 1110100 1111000 1110001 1110010]0001111
stabSize=12

anf=1+ab+ac+bc+abc+bcd+e+cde+f+def+abg+afg+efg
[1100101 0101001 0111010 1110100 0001100 0000011 1110010]0001001
[1100101 0101111 0111010 1110100 1111000 1110001 1110010]0001111
stabSize=12

anf=b+ab+c+ac+bc+abc+d+bcd+cde+f+def+abg+afg+efg
[0101111 0110010 0010000 0001001 1111000 0000010 0000001]0010010
[1100101 0101111 0111010 1110100 1111000 1110001 1110010]0001111
stabSize=6

anf=1+b+ab+c+ac+bc+abc+d+bcd+cde+f+def+abg+afg+efg
[0101111 0110010 0010000 0001001 1111000 0000010 0000001]0010010
[1100101 0101111 0111010 1110100 1111000 1110001 1110010]0001111
stabSize=6

anf=ab+ac+bc+abc+d+bcd+cde+f+def+abg+afg+efg
[0110010 1100101 0101001 1111010 1111000 0001100 0001111]1000101
stabSize=2

anf=1+ab+ac+bc+abc+d+bcd+cde+f+def+abg+afg+efg
[0110010 1100101 0101001 1111010 1111000 0001100 0001111]1000101
stabSize=2

anf=a+ab+c+ac+bc+abc+bcd+e+cde+def+abg+afg+efg
[1000000 0101001 0010000 0001000 0001100 0000011 0000001]0001001
stabSize=2

anf=1+a+ab+c+ac+bc+abc+bcd+e+cde+def+abg+afg+efg
[1000000 0101001 0010000 0001000 0001100 0000011 0000001]0001001
stabSize=2

anf=a+b+ab+ac+bc+abc+bcd+e+cde+def+abg+afg+efg
[1000000 0101001 0010000 0001000 0001100 0000011 0000001]0001001
[0101111 0110010 0010000 0001001 1111000 0000010 0000001]0010010
stabSize=4

anf=1+a+b+ab+ac+bc+abc+bcd+e+cde+def+abg+afg+efg
[1000000 0101001 0010000 0001000 0001100 0000011 0000001]0001001
[0101111 0110010 0010000 0001001 1111000 0000010 0000001]0010010
stabSize=4

anf=ab+ac+bc+abc+bcd+e+cde+def+abg+afg+efg
[1000000 0101001 0010000 0001000 0001100 0000011 0000001]0001001
[0101111 0110010 0010000 0001001 1111000 0000010 0000001]0010010
stabSize=4

anf=1+ab+ac+bc+abc+bcd+e+cde+def+abg+afg+efg
[1000000 0101001 0010000 0001000 0001100 0000011 0000001]0001001
[0101111 0110010 0010000 0001001 1111000 0000010 0000001]0010010
stabSize=4

anf=a+b+ab+ac+bc+abc+d+bcd+cde+def+abg+afg+efg
[0111010 0010000 0100000 1110010 0000011 0000010 0000110]0110000
[1100100 0100000 0110010 1110101 0000100 0000010 1111010]0000000
stabSize=6

anf=1+a+b+ab+ac+bc+abc+d+bcd+cde+def+abg+afg+efg
[0111010 0010000 0100000 1110010 0000011 0000010 0000110]0110000
[1100100 0100000 0110010 1110101 0000100 0000010 1111010]0000000
stabSize=6

anf=ab+ac+bc+abc+d+bcd+cde+def+abg+afg+efg
[0101111 0110010 0010000 0001001 1111000 0000010 0000001]0010010
stabSize=2

anf=1+ab+ac+bc+abc+d+bcd+cde+def+abg+afg+efg
[0101111 0110010 0010000 0001001 1111000 0000010 0000001]0010010
stabSize=2

anf=a+ab+c+ac+bc+abc+bcd+cde+def+abg+afg+efg
[1000000 0101001 0010000 0001000 0001100 0000011 0000001]0001001
[0010000 0101001 1000000 0000001 0000011 0001100 0001000]0001001
stabSize=4

anf=1+a+ab+c+ac+bc+abc+bcd+cde+def+abg+afg+efg
[1000000 0101001 0010000 0001000 0001100 0000011 0000001]0001001
[0010000 0101001 1000000 0000001 0000011 0001100 0001000]0001001
stabSize=4

anf=a+b+ab+ac+bc+abc+bcd+cde+def+abg+afg+efg
[1000000 0101001 0010000 0001000 0001100 0000011 0000001]0001001
stabSize=2

anf=1+a+b+ab+ac+bc+abc+bcd+cde+def+abg+afg+efg
[1000000 0101001 0010000 0001000 0001100 0000011 0000001]0001001
stabSize=2

anf=b+ab+ac+bc+abc+bcd+cde+def+abg+afg+efg
[0110010 0010000 0101001 1111010 0000010 0000011 0001111]0110000
[0101001 1100101 0110010 0001111 0001100 1111000 1111010]1000101
stabSize=36

anf=1+b+ab+ac+bc+abc+bcd+cde+def+abg+afg+efg
[0110010 0010000 0101001 1111010 0000010 0000011 0001111]0110000
[0101001 1100101 0110010 0001111 0001100 1111000 1111010]1000101
stabSize=36

anf=a+ab+ac+bc+abc+bcd+cde+def+abg+afg+efg
[0110010 0100000 1100100 1111010 0000010 0000100 1110101]0000000
[0101111 0110010 0010000 0001001 1111000 0000010 0000001]0010010
stabSize=12

anf=1+a+ab+ac+bc+abc+bcd+cde+def+abg+afg+efg
[0110010 0100000 1100100 1111010 0000010 0000100 1110101]0000000
[0101111 0110010 0010000 0001001 1111000 0000010 0000001]0010010
stabSize=12

anf=ab+ac+bc+abc+bcd+cde+def+abg+afg+efg
[1000000 0101001 0010000 0001000 0001100 0000011 0000001]0001001
[0010000 0101001 1000000 0000001 0000011 0001100 0001000]0001001
stabSize=4

anf=1+ab+ac+bc+abc+bcd+cde+def+abg+afg+efg
[1000000 0101001 0010000 0001000 0001100 0000011 0000001]0001001
[0010000 0101001 1000000 0000001 0000011 0001100 0001000]0001001
stabSize=4

anf=a+b+ab+ac+abc+bcd+e+cde+f+def+abg+afg+efg
[1000000 0101001 0010000 0001000 0001100 0000011 0000001]0001001
stabSize=2

anf=1+a+b+ab+ac+abc+bcd+e+cde+f+def+abg+afg+efg
[1000000 0101001 0010000 0001000 0001100 0000011 0000001]0001001
stabSize=2

anf=b+ab+ac+abc+bcd+e+cde+f+def+abg+afg+efg
[1000000 0101001 0010000 0001000 0001100 0000011 0000001]0001001
stabSize=2

anf=1+b+ab+ac+abc+bcd+e+cde+f+def+abg+afg+efg
[1000000 0101001 0010000 0001000 0001100 0000011 0000001]0001001
stabSize=2

anf=a+ab+c+ac+abc+d+bcd+cde+f+def+abg+afg+efg
[1110010 0100101 0100111 0111010 0111100 0110000 0111001]0001111
stabSize=2

anf=1+a+ab+c+ac+abc+d+bcd+cde+f+def+abg+afg+efg
[1110010 0100101 0100111 0111010 0111100 0110000 0111001]0001111
stabSize=2

anf=ab+c+ac+abc+d+bcd+cde+f+def+abg+afg+efg
[1110010 0100101 0100111 0111010 0111100 0110000 0111001]0001111
stabSize=2

anf=1+ab+c+ac+abc+d+bcd+cde+f+def+abg+afg+efg
[1110010 0100101 0100111 0111010 0111100 0110000 0111001]0001111
stabSize=2

anf=a+b+ab+ac+abc+d+bcd+cde+f+def+abg+afg+efg
[1110010 0100101 0100111 0111010 0111100 0110000 0111001]0001111
stabSize=2

anf=1+a+b+ab+ac+abc+d+bcd+cde+f+def+abg+afg+efg
[1110010 0100101 0100111 0111010 0111100 0110000 0111001]0001111
stabSize=2

anf=b+ab+ac+abc+d+bcd+cde+f+def+abg+afg+efg
[1110010 0100101 0100111 0111010 0111100 0110000 0111001]0001111
stabSize=2

anf=1+b+ab+ac+abc+d+bcd+cde+f+def+abg+afg+efg
[1110010 0100101 0100111 0111010 0111100 0110000 0111001]0001111
stabSize=2

anf=a+ab+ac+abc+d+bcd+cde+f+def+abg+afg+efg
stabSize=1

anf=1+a+ab+ac+abc+d+bcd+cde+f+def+abg+afg+efg
stabSize=1

anf=ab+ac+abc+d+bcd+cde+f+def+abg+afg+efg
stabSize=1

anf=1+ab+ac+abc+d+bcd+cde+f+def+abg+afg+efg
stabSize=1

anf=a+ab+c+ac+abc+bcd+cde+f+def+abg+afg+efg
[1000000 0101001 0010000 0001000 0001100 0000011 0000001]0001001
[1000000 0100100 0100111 0001000 0000100 0111001 0001001]0001100
stabSize=4

anf=1+a+ab+c+ac+abc+bcd+cde+f+def+abg+afg+efg
[1000000 0101001 0010000 0001000 0001100 0000011 0000001]0001001
[1000000 0100100 0100111 0001000 0000100 0111001 0001001]0001100
stabSize=4

anf=ab+c+ac+abc+bcd+cde+f+def+abg+afg+efg
[1000000 0101001 0010000 0001000 0001100 0000011 0000001]0001001
[1000000 0100100 0100111 0001000 0000100 0111001 0001001]0001100
stabSize=4

anf=1+ab+c+ac+abc+bcd+cde+f+def+abg+afg+efg
[1000000 0101001 0010000 0001000 0001100 0000011 0000001]0001001
[1000000 0100100 0100111 0001000 0000100 0111001 0001001]0001100
stabSize=4

anf=a+b+ab+ac+abc+bcd+cde+f+def+abg+afg+efg
[1000000 0101001 0010000 0001000 0001100 0000011 0000001]0001001
[1000000 0100100 0100111 0001000 0000100 0111001 0001001]0001100
stabSize=4

anf=1+a+b+ab+ac+abc+bcd+cde+f+def+abg+afg+efg
[1000000 0101001 0010000 0001000 0001100 0000011 0000001]0001001
[1000000 0100100 0100111 0001000 0000100 0111001 0001001]0001100
stabSize=4

anf=b+ab+ac+abc+bcd+cde+f+def+abg+afg+efg
[1000000 0101001 0010000 0001000 0001100 0000011 0000001]0001001
[1000000 0100100 0100111 0001000 0000100 0111001 0001001]0001100
stabSize=4

anf=1+b+ab+ac+abc+bcd+cde+f+def+abg+afg+efg
[1000000 0101001 0010000 0001000 0001100 0000011 0000001]0001001
[1000000 0100100 0100111 0001000 0000100 0111001 0001001]0001100
stabSize=4

anf=a+ab+ac+abc+bcd+e+cde+def+abg+afg+efg
[1110010 0100000 0010000 0111010 0000110 0000010 0000011]0110000
[1111010 0101001 0010000 0110010 0001111 0000011 0000010]0110000
stabSize=6

anf=1+a+ab+ac+abc+bcd+e+cde+def+abg+afg+efg
[1110010 0100000 0010000 0111010 0000110 0000010 0000011]0110000
[1111010 0101001 0010000 0110010 0001111 0000011 0000010]0110000
stabSize=6

anf=ab+ac+abc+bcd+e+cde+def+abg+afg+efg
[1110010 0100000 0010000 0111010 0000110 0000010 0000011]0110000
[1111010 0101001 0010000 0110010 0001111 0000011 0000010]0110000
stabSize=6

anf=1+ab+ac+abc+bcd+e+cde+def+abg+afg+efg
[1110010 0100000 0010000 0111010 0000110 0000010 0000011]0110000
[1111010 0101001 0010000 0110010 0001111 0000011 0000010]0110000
stabSize=6

anf=a+b+ab+c+ac+abc+d+bcd+cde+def+abg+afg+efg
[1110010 0100000 0010000 0111010 0000110 0000010 0000011]0110000
stabSize=2

anf=1+a+b+ab+c+ac+abc+d+bcd+cde+def+abg+afg+efg
[1110010 0100000 0010000 0111010 0000110 0000010 0000011]0110000
stabSize=2

anf=b+ab+c+ac+abc+d+bcd+cde+def+abg+afg+efg
[1110010 0100000 0010000 0111010 0000110 0000010 0000011]0110000
stabSize=2

anf=1+b+ab+c+ac+abc+d+bcd+cde+def+abg+afg+efg
[1110010 0100000 0010000 0111010 0000110 0000010 0000011]0110000
stabSize=2

anf=a+ab+ac+abc+d+bcd+cde+def+abg+afg+efg
[1110010 0100000 0010000 0111010 0000110 0000010 0000011]0110000
stabSize=2

anf=1+a+ab+ac+abc+d+bcd+cde+def+abg+afg+efg
[1110010 0100000 0010000 0111010 0000110 0000010 0000011]0110000
stabSize=2

anf=ab+ac+abc+d+bcd+cde+def+abg+afg+efg
[1110010 0100000 0010000 0111010 0000110 0000010 0000011]0110000
stabSize=2

anf=1+ab+ac+abc+d+bcd+cde+def+abg+afg+efg
[1110010 0100000 0010000 0111010 0000110 0000010 0000011]0110000
stabSize=2

anf=a+b+ab+c+ac+abc+bcd+cde+def+abg+afg+efg
[1110010 0100110 0100111 0111010 0000110 0001001 0111001]0001100
[1000000 0100100 0100111 0001000 0000100 0111001 0001001]0001100
stabSize=12

anf=1+a+b+ab+c+ac+abc+bcd+cde+def+abg+afg+efg
[1110010 0100110 0100111 0111010 0000110 0001001 0111001]0001100
[1000000 0100100 0100111 0001000 0000100 0111001 0001001]0001100
stabSize=12

anf=b+ab+c+ac+abc+bcd+cde+def+abg+afg+efg
[1110010 0100110 0100111 0111010 0000110 0001001 0111001]0001100
[1000000 0100100 0100111 0001000 0000100 0111001 0001001]0001100
stabSize=12

anf=1+b+ab+c+ac+abc+bcd+cde+def+abg+afg+efg
[1110010 0100110 0100111 0111010 0000110 0001001 0111001]0001100
[1000000 0100100 0100111 0001000 0000100 0111001 0001001]0001100
stabSize=12

anf=a+ab+c+ac+abc+bcd+cde+def+abg+afg+efg
[1000000 0101001 0010000 0001000 0001100 0000011 0000001]0001001
stabSize=2

anf=1+a+ab+c+ac+abc+bcd+cde+def+abg+afg+efg
[1000000 0101001 0010000 0001000 0001100 0000011 0000001]0001001
stabSize=2

anf=ab+c+ac+abc+bcd+cde+def+abg+afg+efg
[1000000 0101001 0010000 0001000 0001100 0000011 0000001]0001001
stabSize=2

anf=1+ab+c+ac+abc+bcd+cde+def+abg+afg+efg
[1000000 0101001 0010000 0001000 0001100 0000011 0000001]0001001
stabSize=2

anf=a+b+ab+ac+abc+bcd+cde+def+abg+afg+efg
[1000000 0101001 0010000 0001000 0001100 0000011 0000001]0001001
stabSize=2

anf=1+a+b+ab+ac+abc+bcd+cde+def+abg+afg+efg
[1000000 0101001 0010000 0001000 0001100 0000011 0000001]0001001
stabSize=2

anf=b+ab+ac+abc+bcd+cde+def+abg+afg+efg
[1000000 0101001 0010000 0001000 0001100 0000011 0000001]0001001
stabSize=2

anf=1+b+ab+ac+abc+bcd+cde+def+abg+afg+efg
[1000000 0101001 0010000 0001000 0001100 0000011 0000001]0001001
stabSize=2

anf=a+ab+ac+abc+bcd+cde+def+abg+afg+efg
[1110010 0100110 0100111 0111010 0000110 0001001 0111001]0001100
[1000000 0100100 0100111 0001000 0000100 0111001 0001001]0001100
stabSize=12

anf=1+a+ab+ac+abc+bcd+cde+def+abg+afg+efg
[1110010 0100110 0100111 0111010 0000110 0001001 0111001]0001100
[1000000 0100100 0100111 0001000 0000100 0111001 0001001]0001100
stabSize=12

anf=ab+ac+abc+bcd+cde+def+abg+afg+efg
[1110010 0100110 0100111 0111010 0000110 0001001 0111001]0001100
[1000000 0100100 0100111 0001000 0000100 0111001 0001001]0001100
stabSize=12

anf=1+ab+ac+abc+bcd+cde+def+abg+afg+efg
[1110010 0100110 0100111 0111010 0000110 0001001 0111001]0001100
[1000000 0100100 0100111 0001000 0000100 0111001 0001001]0001100
stabSize=12

anf=a+c+ac+abc+bcd+e+cde+f+def+abg+afg+efg
[1000000 0101001 0010000 0001000 0001100 0000011 0000001]0001001
[0110000 0100000 1100000 0100111 0000010 0000100 0101110]0000110
[1100000 0101001 0110000 0101110 0101010 0100101 0100111]0001111
stabSize=16

anf=1+a+c+ac+abc+bcd+e+cde+f+def+abg+afg+efg
[1000000 0101001 0010000 0001000 0001100 0000011 0000001]0001001
[0110000 0100000 1100000 0100111 0000010 0000100 0101110]0000110
[1100000 0101001 0110000 0101110 0101010 0100101 0100111]0001111
stabSize=16

anf=a+ac+abc+bcd+e+cde+f+def+abg+afg+efg
[1001001 0101001 0011001 0001000 0101010 0100101 0000001]0000000
[1100000 0101001 0110000 0101110 0101010 0100101 0100111]0001111
stabSize=8

anf=1+a+ac+abc+bcd+e+cde+f+def+abg+afg+efg
[1001001 0101001 0011001 0001000 0101010 0100101 0000001]0000000
[1100000 0101001 0110000 0101110 0101010 0100101 0100111]0001111
stabSize=8

anf=ac+abc+bcd+e+cde+f+def+abg+afg+efg
[1000000 0101001 0010000 0001000 0001100 0000011 0000001]0001001
[0110000 0100000 1100000 0100111 0000010 0000100 0101110]0000110
[1100000 0101001 0110000 0101110 0101010 0100101 0100111]0001111
stabSize=16

anf=1+ac+abc+bcd+e+cde+f+def+abg+afg+efg
[1000000 0101001 0010000 0001000 0001100 0000011 0000001]0001001
[0110000 0100000 1100000 0100111 0000010 0000100 0101110]0000110
[1100000 0101001 0110000 0101110 0101010 0100101 0100111]0001111
stabSize=16

anf=a+b+ac+abc+d+bcd+cde+f+def+abg+afg+efg
[0011001 0001001 1100000 0100100 0000001 0101110 0000100]0101100
[0110000 0001001 1001001 0000010 0100111 0001000 0100010]0100011
stabSize=4

anf=1+a+b+ac+abc+d+bcd+cde+f+def+abg+afg+efg
[0011001 0001001 1100000 0100100 0000001 0101110 0000100]0101100
[0110000 0001001 1001001 0000010 0100111 0001000 0100010]0100011
stabSize=4

anf=b+ac+abc+d+bcd+cde+f+def+abg+afg+efg
[1101001 0100000 0111001 0101110 0100010 0100100 0100111]0001111
stabSize=2

anf=a+c+ac+abc+bcd+e+cde+def+abg+afg+efg
[1000000 0101001 0010000 0001000 0001100 0000011 0000001]0001001
[0110000 0001001 1001001 0000010 0100111 0001000 0100010]0100011
stabSize=12

anf=1+a+c+ac+abc+bcd+e+cde+def+abg+afg+efg
[1000000 0101001 0010000 0001000 0001100 0000011 0000001]0001001
[0110000 0001001 1001001 0000010 0100111 0001000 0100010]0100011
stabSize=12

anf=a+ac+abc+bcd+e+cde+def+abg+afg+efg
[1100000 0100000 0010000 0101010 0000100 0000010 0000011]0100010
[1100000 0001001 0010000 0101010 0101110 0000001 0000011]0001011
stabSize=6

anf=1+a+ac+abc+bcd+e+cde+def+abg+afg+efg
[1100000 0100000 0010000 0101010 0000100 0000010 0000011]0100010
[1100000 0001001 0010000 0101010 0101110 0000001 0000011]0001011
stabSize=6

anf=ac+abc+bcd+e+cde+def+abg+afg+efg
[1000000 0101001 0010000 0001000 0001100 0000011 0000001]0001001
[0110000 0001001 1001001 0000010 0100111 0001000 0100010]0100011
stabSize=12

anf=1+ac+abc+bcd+e+cde+def+abg+afg+efg
[1000000 0101001 0010000 0001000 0001100 0000011 0000001]0001001
[0110000 0001001 1001001 0000010 0100111 0001000 0100010]0100011
stabSize=12

anf=a+ac+abc+d+bcd+cde+def+abg+afg+efg
[1100000 0100000 0110000 0101110 0000100 0000010 0100111]0000110
[1100000 0100000 0010000 0101010 0000100 0000010 0000011]0100010
stabSize=4

anf=1+a+ac+abc+d+bcd+cde+def+abg+afg+efg
[1100000 0100000 0110000 0101110 0000100 0000010 0100111]0000110
[1100000 0100000 0010000 0101010 0000100 0000010 0000011]0100010
stabSize=4

anf=ac+abc+d+bcd+cde+def+abg+afg+efg
[1100000 0100000 0110000 0101110 0000100 0000010 0100111]0000110
[1100000 0100000 0010000 0101010 0000100 0000010 0000011]0100010
stabSize=4

anf=1+ac+abc+d+bcd+cde+def+abg+afg+efg
[1100000 0100000 0110000 0101110 0000100 0000010 0100111]0000110
[1100000 0100000 0010000 0101010 0000100 0000010 0000011]0100010
stabSize=4

anf=a+b+c+ac+abc+bcd+cde+def+abg+afg+efg
[0010000 0100000 1000000 0000001 0000010 0000100 0001000]0000000
[0010000 0101001 1000000 0000001 0000011 0001100 0001000]0001001
stabSize=4

anf=1+a+b+c+ac+abc+bcd+cde+def+abg+afg+efg
[0010000 0100000 1000000 0000001 0000010 0000100 0001000]0000000
[0010000 0101001 1000000 0000001 0000011 0001100 0001000]0001001
stabSize=4

anf=a+c+ac+abc+bcd+cde+def+abg+afg+efg
[0110000 0100000 1100000 0100111 0000010 0000100 0101110]0000110
[1100000 0001001 0010000 0101010 0101110 0000001 0000011]0001011
[1000000 0001001 0111001 0000100 0001000 0100111 0100100]0001100
stabSize=48

anf=1+a+c+ac+abc+bcd+cde+def+abg+afg+efg
[0110000 0100000 1100000 0100111 0000010 0000100 0101110]0000110
[1100000 0001001 0010000 0101010 0101110 0000001 0000011]0001011
[1000000 0001001 0111001 0000100 0001000 0100111 0100100]0001100
stabSize=48

anf=a+b+ac+abc+bcd+cde+def+abg+afg+efg
[1000000 0101001 0010000 0001000 0001100 0000011 0000001]0001001
stabSize=2

anf=1+a+b+ac+abc+bcd+cde+def+abg+afg+efg
[1000000 0101001 0010000 0001000 0001100 0000011 0000001]0001001
stabSize=2

anf=b+ac+abc+bcd+cde+def+abg+afg+efg
[0010000 0100000 1000000 0000001 0000010 0000100 0001000]0000000
[0010000 0101001 1000000 0000001 0000011 0001100 0001000]0001001
stabSize=4

anf=1+b+ac+abc+bcd+cde+def+abg+afg+efg
[0010000 0100000 1000000 0000001 0000010 0000100 0001000]0000000
[0010000 0101001 1000000 0000001 0000011 0001100 0001000]0001001
stabSize=4

anf=a+ac+abc+bcd+cde+def+abg+afg+efg
[1100000 0001001 0010000 0101010 0101110 0000001 0000011]0001011
[1000000 0001001 0111001 0000100 0001000 0100111 0100100]0001100
stabSize=24

anf=1+a+ac+abc+bcd+cde+def+abg+afg+efg
[1100000 0001001 0010000 0101010 0101110 0000001 0000011]0001011
[1000000 0001001 0111001 0000100 0001000 0100111 0100100]0001100
stabSize=24

anf=ac+abc+bcd+cde+def+abg+afg+efg
[0110000 0100000 1100000 0100111 0000010 0000100 0101110]0000110
[1100000 0001001 0010000 0101010 0101110 0000001 0000011]0001011
[1000000 0001001 0111001 0000100 0001000 0100111 0100100]0001100
stabSize=48

anf=1+ac+abc+bcd+cde+def+abg+afg+efg
[0110000 0100000 1100000 0100111 0000010 0000100 0101110]0000110
[1100000 0001001 0010000 0101010 0101110 0000001 0000011]0001011
[1000000 0001001 0111001 0000100 0001000 0100111 0100100]0001100
stabSize=48

anf=a+ab+abc+d+bcd+cde+f+def+abg+afg+efg
[0010111 1011100 0010000 1110100 1010011 0010010 0010001]1010111
[1000100 0001111 0010001 0010011 1010011 1110101 0010000]1010110
stabSize=24

anf=1+a+ab+abc+d+bcd+cde+f+def+abg+afg+efg
[0010111 1011100 0010000 1110100 1010011 0010010 0010001]1010111
[1000100 0001111 0010001 0010011 1010011 1110101 0010000]1010110
stabSize=24

anf=a+b+ab+abc+d+bcd+cde+def+abg+afg+efg
[1010010 0100000 0010000 0011000 0000110 0000010 0000001]0010010
[1010011 0011101 0010001 0011000 1011100 1100101 0000001]1001001
stabSize=16

anf=1+a+b+ab+abc+d+bcd+cde+def+abg+afg+efg
[1010010 0100000 0010000 0011000 0000110 0000010 0000001]0010010
[1010011 0011101 0010001 0011000 1011100 1100101 0000001]1001001
stabSize=16

anf=a+ab+abc+d+bcd+cde+def+abg+afg+efg
[0011101 0100000 0010000 1100101 0100100 0000010 0010001]0100000
[1010010 0100000 0010000 0011000 0000110 0000010 0000001]0010010
[0001100 0110000 0010000 1100101 0100101 0000010 0010001]0100001
stabSize=8

anf=1+a+ab+abc+d+bcd+cde+def+abg+afg+efg
[0011101 0100000 0010000 1100101 0100100 0000010 0010001]0100000
[1010010 0100000 0010000 0011000 0000110 0000010 0000001]0010010
[0001100 0110000 0010000 1100101 0100101 0000010 0010001]0100001
stabSize=8

anf=a+b+ab+c+abc+bcd+cde+def+abg+afg+efg
[0100111 0010101 0010001 0001001 0110000 1100100 0000001]0110101
[1000000 0101001 0010000 0001000 0001100 0000011 0000001]0001001
stabSize=4

anf=1+a+b+ab+c+abc+bcd+cde+def+abg+afg+efg
[0100111 0010101 0010001 0001001 0110000 1100100 0000001]0110101
[1000000 0101001 0010000 0001000 0001100 0000011 0000001]0001001
stabSize=4

anf=b+ab+c+abc+bcd+cde+def+abg+afg+efg
[1000000 0010111 0010001 0001000 1000100 1110100 0000001]1000000
[1000000 0101001 0010000 0001000 0001100 0000011 0000001]0001001
stabSize=4

anf=1+b+ab+c+abc+bcd+cde+def+abg+afg+efg
[1000000 0010111 0010001 0001000 1000100 1110100 0000001]1000000
[1000000 0101001 0010000 0001000 0001100 0000011 0000001]0001001
stabSize=4

anf=a+ab+c+abc+bcd+cde+def+abg+afg+efg
[1000001 0000110 0010001 0001000 1010100 1110100 0000001]1010000
[1000000 0101001 0010000 0001000 0001100 0000011 0000001]0001001
stabSize=4

anf=1+a+ab+c+abc+bcd+cde+def+abg+afg+efg
[1000001 0000110 0010001 0001000 1010100 1110100 0000001]1010000
[1000000 0101001 0010000 0001000 0001100 0000011 0000001]0001001
stabSize=4

anf=ab+c+abc+bcd+cde+def+abg+afg+efg
[0100110 0000100 0010001 0001001 0100000 1100100 0000001]0100101
[1000000 0101001 0010000 0001000 0001100 0000011 0000001]0001001
stabSize=4

anf=1+ab+c+abc+bcd+cde+def+abg+afg+efg
[0100110 0000100 0010001 0001001 0100000 1100100 0000001]0100101
[1000000 0101001 0010000 0001000 0001100 0000011 0000001]0001001
stabSize=4

anf=a+b+ab+abc+bcd+cde+def+abg+afg+efg
[1010010 0100000 0010000 0011000 0000110 0000010 0000001]0010010
[0100110 1011100 0010000 0001001 0001111 0010010 0000001]0001011
[1011100 0100100 0000001 0010010 0011101 0011001 0010000]0001001
stabSize=32

anf=1+a+b+ab+abc+bcd+cde+def+abg+afg+efg
[1010010 0100000 0010000 0011000 0000110 0000010 0000001]0010010
[0100110 1011100 0010000 0001001 0001111 0010010 0000001]0001011
[1011100 0100100 0000001 0010010 0011101 0011001 0010000]0001001
stabSize=32

anf=a+ab+abc+bcd+cde+def+abg+afg+efg
[1010010 0100000 0010000 0011000 0000110 0000010 0000001]0010010
[1011100 0100100 0000001 0010010 0011101 0011001 0010000]0001001
stabSize=16

anf=1+a+ab+abc+bcd+cde+def+abg+afg+efg
[1010010 0100000 0010000 0011000 0000110 0000010 0000001]0010010
[1011100 0100100 0000001 0010010 0011101 0011001 0010000]0001001
stabSize=16

anf=ab+abc+bcd+cde+def+abg+afg+efg
[0010101 1011100 0010000 1100100 1000001 0010010 0010001]1010101
[0010111 1000000 0000001 1110100 1000100 0001000 0010001]1000000
stabSize=96

anf=1+ab+abc+bcd+cde+def+abg+afg+efg
[0010101 1011100 0010000 1100100 1000001 0010010 0010001]1010101
[0010111 1000000 0000001 1110100 1000100 0001000 0010001]1000000
stabSize=96

anf=a+b+c+abc+bcd+cde+def+abg+afg+efg
[1001100 0101111 0010011 1010010 1011110 1010111 1010100]0000000
[0010000 0101010 0010111 0000010 0000011 1100011 0110000]0110001
stabSize=216

anf=a+b+abc+bcd+cde+def+abg+afg+efg
[1010010 1001011 1100101 0000110 0011000 1101001 1110100]0010010
[1010100 0100101 0000001 0010011 0010101 0011001 0010000]0000000
[0100000 1000000 1100101 0000110 0000100 0001100 1110100]1100000
stabSize=192

anf=1+a+b+abc+bcd+cde+def+abg+afg+efg
[1010010 1001011 1100101 0000110 0011000 1101001 1110100]0010010
[1010100 0100101 0000001 0010011 0010101 0011001 0010000]0000000
[0100000 1000000 1100101 0000110 0000100 0001100 1110100]1100000
stabSize=192

anf=a+abc+bcd+cde+def+abg+afg+efg
[1100011 0100111 0100110 0101010 0010111 0001001 0101001]0001100
[1001011 0100000 0001001 0011000 0100010 0100110 0000001]0001011
stabSize=336

anf=1+a+abc+bcd+cde+def+abg+afg+efg
[1100011 0100111 0100110 0101010 0010111 0001001 0101001]0001100
[1001011 0100000 0001001 0011000 0100010 0100110 0000001]0001011
stabSize=336

anf=abc+bcd+cde+def+abg+afg+efg
[0100000 1000000 1100101 0000110 0000100 0001100 1110100]1100000
[1100000 0011000 0010111 0101110 1001010 1010011 0100111]1001000
stabSize=12096

anf=1+abc+bcd+cde+def+abg+afg+efg
[0100000 1000000 1100101 0000110 0000100 0001100 1110100]1100000
[1100000 0011000 0010111 0101110 1001010 1010011 0100111]1001000
stabSize=12096

anf=a+bc+abc+d+bde+ef+abg+dg+adg+afg
[0101111 1010110 0010000 0011101 0010001 0011110 0010100]1111111
[0101111 1000110 0010000 0011101 0010001 0011110 0010100]1101111
[0111111 1010010 0010000 0011000 0010001 0001010 0010100]1111011
stabSize=32

anf=1+a+bc+abc+d+bde+ef+abg+dg+adg+afg
[0101111 1010110 0010000 0011101 0010001 0011110 0010100]1111111
[0101111 1000110 0010000 0011101 0010001 0011110 0010100]1101111
[0111111 1010010 0010000 0011000 0010001 0001010 0010100]1111011
stabSize=32

anf=bc+abc+d+bde+ef+abg+dg+adg+afg
[1000101 0100101 0010000 0001000 0000100 0010010 0000001]0000000
[1000000 0100001 0010000 0001101 0000100 0000011 0000001]0000001
[1010000 0110000 0010000 0001000 0000100 0000010 0000001]0010000
[1010101 0100101 0010000 0001000 0000100 0010010 0000001]0000000
stabSize=16

anf=c+bc+abc+bde+ef+abg+dg+adg+afg
[0101111 1011001 0010000 0000101 0010010 0010100 0011010]1111001
[0100010 1001010 0010000 0001000 0000001 0001010 0000100]1101010
[1001000 0101000 0010000 0001000 0011110 0000010 0010011]0001000
stabSize=12

anf=1+c+bc+abc+bde+ef+abg+dg+adg+afg
[0101111 1011001 0010000 0000101 0010010 0010100 0011010]1111001
[0100010 1001010 0010000 0001000 0000001 0001010 0000100]1101010
[1001000 0101000 0010000 0001000 0011110 0000010 0010011]0001000
stabSize=12

anf=a+b+bc+abc+bde+ef+abg+dg+adg+afg
[1001101 0110101 0010000 0001000 0001110 0010010 0010011]0000010
[0101010 1000010 0010000 0001000 0010001 0001010 0010100]1101010
[0101010 1010001 0010000 0010101 0000010 0000100 0011010]1101010
stabSize=192

anf=1+a+b+bc+abc+bde+ef+abg+dg+adg+afg
[1001101 0110101 0010000 0001000 0001110 0010010 0010011]0000010
[0101010 1000010 0010000 0001000 0010001 0001010 0010100]1101010
[0101010 1010001 0010000 0010101 0000010 0000100 0011010]1101010
stabSize=192

anf=a+bc+abc+bde+ef+abg+dg+adg+afg
[1011101 0101100 0010000 0001101 0010100 0000011 0010001]0000001
[1011000 0100110 0010000 0010101 0001010 0000001 0010010]0010000
[1010000 0110000 0010000 0001000 0000100 0000010 0000001]0010000
stabSize=96

anf=1+a+bc+abc+bde+ef+abg+dg+adg+afg
[1011101 0101100 0010000 0001101 0010100 0000011 0010001]0000001
[1011000 0100110 0010000 0010101 0001010 0000001 0010010]0010000
[1010000 0110000 0010000 0001000 0000100 0000010 0000001]0010000
stabSize=96

anf=bc+abc+bde+ef+abg+dg+adg+afg
[1001101 0110101 0010000 0001000 0001110 0010010 0010011]0000010
[0101010 1000010 0010000 0001000 0010001 0001010 0010100]1101010
[0101010 1010001 0010000 0010101 0000010 0000100 0011010]1101010
stabSize=192

anf=1+bc+abc+bde+ef+abg+dg+adg+afg
[1001101 0110101 0010000 0001000 0001110 0010010 0010011]0000010
[0101010 1000010 0010000 0001000 0010001 0001010 0010100]1101010
[0101010 1010001 0010000 0010101 0000010 0000100 0011010]1101010
stabSize=192

anf=c+ac+abc+bde+f+ef+abg+dg+adg+afg
[1000000 0110010 0010000 0001101 0000100 0000011 0010001]0001100
[0100000 1011010 0010000 0001000 0010001 0001010 0000100]1100000
[0100000 1000000 0010000 0001000 0010011 0001010 0011110]1100000
stabSize=192

anf=1+c+ac+abc+bde+f+ef+abg+dg+adg+afg
[1000000 0110010 0010000 0001101 0000100 0000011 0010001]0001100
[0100000 1011010 0010000 0001000 0010001 0001010 0000100]1100000
[0100000 1000000 0010000 0001000 0010011 0001010 0011110]1100000
stabSize=192

anf=c+ac+abc+e+bde+ef+abg+dg+adg+afg
[0100000 1000000 0010000 0001000 0010011 0001010 0011110]1100000
[1011110 0110011 0010000 0001000 0010100 0010010 0010001]0001110
[0110011 1000100 0010000 0001000 0010011 0011010 0001110]1101011
stabSize=16

anf=c+ac+abc+d+bde+ef+abg+dg+adg+afg
[1011010 0100010 0010000 0011101 0010100 0000011 0010001]0001110
[1011010 0100010 0010000 0001000 0010100 0000010 0010001]0011010
[1011110 0100010 0010000 0001101 0010100 0000011 0010001]0011111
stabSize=16

anf=c+ac+abc+bde+ef+abg+dg+adg+afg
[1010100 0100010 0010000 0011000 0000100 0000010 0010001]0011001
[1000000 0100010 0010000 0001101 0000100 0000011 0010001]0001100
[0100010 1000000 0010000 0001000 0000001 0001010 0010100]1100010
stabSize=64

anf=1+c+ac+abc+bde+ef+abg+dg+adg+afg
[1010100 0100010 0010000 0011000 0000100 0000010 0010001]0011001
[1000000 0100010 0010000 0001101 0000100 0000011 0010001]0001100
[0100010 1000000 0010000 0001000 0000001 0001010 0010100]1100010
stabSize=64

anf=a+b+ac+abc+bde+ef+abg+dg+adg+afg
[0100001 1000000 0010000 0001101 0010010 0001110 0011010]1100000
[0110000 1000000 0010000 0001000 0010011 0001010 0011110]1110000
[0110000 1010000 0010000 0001000 0010011 0001010 0011110]1110000
stabSize=48

anf=1+a+b+ac+abc+bde+ef+abg+dg+adg+afg
[0100001 1000000 0010000 0001101 0010010 0001110 0011010]1100000
[0110000 1000000 0010000 0001000 0010011 0001010 0011110]1110000
[0110000 1010000 0010000 0001000 0010011 0001010 0011110]1110000
stabSize=48

anf=a+ac+abc+bde+ef+abg+dg+adg+afg
[1011010 0100010 0010000 0001000 0011110 0000010 0010011]0010010
[1011010 0110001 0010000 0000101 0011110 0010001 0010011]0000001
[1010000 0110000 0010000 0001000 0000100 0000010 0000001]0010000
stabSize=24

anf=1+a+ac+abc+bde+ef+abg+dg+adg+afg
[1011010 0100010 0010000 0001000 0011110 0000010 0010011]0010010
[1011010 0110001 0010000 0000101 0011110 0010001 0010011]0000001
[1010000 0110000 0010000 0001000 0000100 0000010 0000001]0010000
stabSize=24

anf=ac+abc+bde+ef+abg+dg+adg+afg
[0100001 1000000 0010000 0001101 0010010 0001110 0011010]1100000
[0110000 1000000 0010000 0001000 0010011 0001010 0011110]1110000
[0110000 1010000 0010000 0001000 0010011 0001010 0011110]1110000
stabSize=48

anf=1+ac+abc+bde+ef+abg+dg+adg+afg
[0100001 1000000 0010000 0001101 0010010 0001110 0011010]1100000
[0110000 1000000 0010000 0001000 0010011 0001010 0011110]1110000
[0110000 1010000 0010000 0001000 0010011 0001010 0011110]1110000
stabSize=48

anf=c+abc+bde+f+ef+abg+dg+adg+afg
[1001000 0100011 0010000 0001101 0010100 0010011 0010001]0001011
[1001101 0110010 0010000 0001101 0011010 0000011 0010010]0010010
stabSize=24

anf=1+c+abc+bde+f+ef+abg+dg+adg+afg
[1001000 0100011 0010000 0001101 0010100 0010011 0010001]0001011
[1001101 0110010 0010000 0001101 0011010 0000011 0010010]0010010
stabSize=24

anf=b+abc+d+bde+ef+abg+dg+adg+afg
[1010000 0100000 0010000 0001000 0000100 0000010 0000001]0010000
[1010101 0100001 0010000 0011101 0000100 0000011 0000001]0000001
[1010101 0100000 0010000 0011000 0000100 0000010 0000001]0000000
[1010000 0110000 0010000 0001000 0000100 0000010 0000001]0000000
stabSize=16

anf=1+b+abc+d+bde+ef+abg+dg+adg+afg
[1010000 0100000 0010000 0001000 0000100 0000010 0000001]0010000
[1010101 0100001 0010000 0011101 0000100 0000011 0000001]0000001
[1010101 0100000 0010000 0011000 0000100 0000010 0000001]0000000
[1010000 0110000 0010000 0001000 0000100 0000010 0000001]0000000
stabSize=16

anf=abc+d+bde+ef+abg+dg+adg+afg
[1010000 0100000 0010000 0001000 0000100 0000010 0000001]0010000
[1010101 0100001 0010000 0011101 0000100 0000011 0000001]0000001
[1010101 0100000 0010000 0011000 0000100 0000010 0000001]0000000
[1010000 0110000 0010000 0001000 0000100 0000010 0000001]0000000
stabSize=16

anf=1+abc+d+bde+ef+abg+dg+adg+afg
[1010000 0100000 0010000 0001000 0000100 0000010 0000001]0010000
[1010101 0100001 0010000 0011101 0000100 0000011 0000001]0000001
[1010101 0100000 0010000 0011000 0000100 0000010 0000001]0000000
[1010000 0110000 0010000 0001000 0000100 0000010 0000001]0000000
stabSize=16

anf=c+abc+bde+ef+abg+dg+adg+afg
[1000101 0100000 0010000 0001101 0000100 0010011 0000001]0000101
[1001101 0100010 0010000 0001101 0010100 0000011 0010001]0001111
stabSize=8

anf=1+c+abc+bde+ef+abg+dg+adg+afg
[1000101 0100000 0010000 0001101 0000100 0010011 0000001]0000101
[1001101 0100010 0010000 0001101 0010100 0000011 0010001]0001111
stabSize=8

anf=a+b+abc+bde+ef+abg+dg+adg+afg
[1000000 0100000 0010000 0010101 0001010 0010001 0010010]0000000
[1010101 0100010 0010000 0011101 0011010 0000011 0010010]0000010
[1010000 0100000 0010000 0001000 0000100 0000010 0000001]0010000
stabSize=96

anf=1+a+b+abc+bde+ef+abg+dg+adg+afg
[1000000 0100000 0010000 0010101 0001010 0010001 0010010]0000000
[1010101 0100010 0010000 0011101 0011010 0000011 0010010]0000010
[1010000 0100000 0010000 0001000 0000100 0000010 0000001]0010000
stabSize=96

anf=b+abc+bde+ef+abg+dg+adg+afg
[1000000 0100000 0010000 0010101 0001010 0010001 0010010]0000000
[1010101 0100010 0010000 0011101 0011010 0000011 0010010]0000010
[1010000 0100000 0010000 0001000 0000100 0000010 0000001]0010000
stabSize=96

anf=1+b+abc+bde+ef+abg+dg+adg+afg
[1000000 0100000 0010000 0010101 0001010 0010001 0010010]0000000
[1010101 0100010 0010000 0011101 0011010 0000011 0010010]0000010
[1010000 0100000 0010000 0001000 0000100 0000010 0000001]0010000
stabSize=96

anf=a+abc+bde+ef+abg+dg+adg+afg
[1000000 0100000 0010000 0010101 0001010 0010001 0010010]0000000
[1010101 0100010 0010000 0011101 0011010 0000011 0010010]0000010
[1010000 0100000 0010000 0001000 0000100 0000010 0000001]0010000
stabSize=96

anf=1+a+abc+bde+ef+abg+dg+adg+afg
[1000000 0100000 0010000 0010101 0001010 0010001 0010010]0000000
[1010101 0100010 0010000 0011101 0011010 0000011 0010010]0000010
[1010000 0100000 0010000 0001000 0000100 0000010 0000001]0010000
stabSize=96

anf=abc+bde+ef+abg+dg+adg+afg
[1000000 0100000 0010000 0010101 0001010 0010001 0010010]0000000
[1010101 0100010 0010000 0011101 0011010 0000011 0010010]0000010
[1010000 0100000 0010000 0001000 0000100 0000010 0000001]0010000
stabSize=96

anf=1+abc+bde+ef+abg+dg+adg+afg
[1000000 0100000 0010000 0010101 0001010 0010001 0010010]0000000
[1010101 0100010 0010000 0011101 0011010 0000011 0010010]0000010
[1010000 0100000 0010000 0001000 0000100 0000010 0000001]0010000
stabSize=96

anf=c+abc+d+e+ce+bde+df+g+abg+cg+adg+afg
[0100000 1000000 0010000 0001000 0010001 0001010 0010100]0000000
[0100010 1001010 0010000 0001000 0000001 0001010 0000100]0000101
stabSize=4

anf=1+c+abc+d+e+ce+bde+df+g+abg+cg+adg+afg
[0100000 1000000 0010000 0001000 0010001 0001010 0010100]0000000
[0100010 1001010 0010000 0001000 0000001 0001010 0000100]0000101
stabSize=4

anf=a+c+abc+e+ce+bde+f+df+abg+cg+adg+afg
stabSize=1

anf=c+abc+e+ce+bde+f+df+abg+cg+adg+afg
[1000000 0111011 0010000 0011000 0001110 0010010 0000001]1001010
stabSize=2

anf=1+c+abc+e+ce+bde+f+df+abg+cg+adg+afg
[1000000 0111011 0010000 0011000 0001110 0010010 0000001]1001010
stabSize=2

anf=a+c+abc+d+ce+bde+f+df+abg+cg+adg+afg
[0100010 1001010 0010000 0001000 0000001 0001010 0000100]0000101
stabSize=2

anf=1+a+c+abc+d+ce+bde+f+df+abg+cg+adg+afg
[0100010 1001010 0010000 0001000 0000001 0001010 0000100]0000101
stabSize=2

anf=c+abc+d+ce+bde+f+df+abg+cg+adg+afg
[0100000 1000000 0010000 0001000 0010001 0001010 0010100]0000000
stabSize=2

anf=1+c+abc+d+ce+bde+f+df+abg+cg+adg+afg
[0100000 1000000 0010000 0001000 0010001 0001010 0010100]0000000
stabSize=2

anf=b+c+abc+d+e+ce+bde+df+abg+cg+adg+afg
[1000000 0111011 0010000 0011000 0001110 0010010 0000001]1001010
stabSize=2

anf=c+abc+d+e+ce+bde+df+abg+cg+adg+afg
[1000000 0111011 0010000 0011000 0001110 0010010 0000001]1001010
stabSize=2

anf=b+abc+e+ce+bde+df+abg+cg+adg+afg
[0101001 1000110 0010000 0001000 0010011 0011010 0001110]1111110
stabSize=2

anf=1+b+abc+e+ce+bde+df+abg+cg+adg+afg
[0101001 1000110 0010000 0001000 0010011 0011010 0001110]1111110
stabSize=2

anf=a+abc+e+ce+bde+df+abg+cg+adg+afg
[0101001 1000110 0010000 0001000 0010011 0011010 0001110]1111110
stabSize=2

anf=1+a+abc+e+ce+bde+df+abg+cg+adg+afg
[0101001 1000110 0010000 0001000 0010011 0011010 0001110]1111110
stabSize=2

anf=abc+e+ce+bde+df+abg+cg+adg+afg
stabSize=1

anf=1+abc+e+ce+bde+df+abg+cg+adg+afg
stabSize=1

anf=a+b+c+abc+d+ce+bde+df+abg+cg+adg+afg
[0111011 1011100 0010000 0001000 0000011 0011010 0011110]1100011
[1000110 0101001 0010000 0001000 0011110 0010010 0000011]1111110
stabSize=8

anf=a+c+abc+d+ce+bde+df+abg+cg+adg+afg
[1000110 0100000 0010000 0011000 0000100 0000010 0000011]0100010
[1011100 0100010 0010000 0011000 0010100 0000010 0010011]0100101
stabSize=4

anf=c+abc+d+ce+bde+df+abg+cg+adg+afg
[1000110 0100000 0010000 0011000 0000100 0000010 0000011]0100010
[0100010 1011100 0010000 0011000 0000011 0011010 0000100]0100101
stabSize=16

anf=1+c+abc+d+ce+bde+df+abg+cg+adg+afg
[1000110 0100000 0010000 0011000 0000100 0000010 0000011]0100010
[0100010 1011100 0010000 0011000 0000011 0011010 0000100]0100101
stabSize=16

anf=b+c+abc+ce+bde+df+abg+cg+adg+afg
stabSize=1

anf=c+abc+ce+bde+df+abg+cg+adg+afg
[1000110 0100000 0010000 0011000 0000100 0000010 0000011]0100010
stabSize=2

anf=1+c+abc+ce+bde+df+abg+cg+adg+afg
[1000110 0100000 0010000 0011000 0000100 0000010 0000011]0100010
stabSize=2

anf=a+b+abc+ce+bde+df+abg+cg+adg+afg
[0111011 1011100 0010000 0001000 0000011 0011010 0011110]1100011
stabSize=2

anf=1+a+b+abc+ce+bde+df+abg+cg+adg+afg
[0111011 1011100 0010000 0001000 0000011 0011010 0011110]1100011
stabSize=2

anf=a+abc+ce+bde+df+abg+cg+adg+afg
stabSize=1

anf=1+a+abc+ce+bde+df+abg+cg+adg+afg
stabSize=1

anf=abc+ce+bde+df+abg+cg+adg+afg
[0111011 1011100 0010000 0001000 0000011 0011010 0011110]1100011
stabSize=2

anf=1+abc+ce+bde+df+abg+cg+adg+afg
[0111011 1011100 0010000 0001000 0000011 0011010 0011110]1100011
stabSize=2

anf=a+c+ac+abc+d+ce+bde+df+bg+abg+adg+afg
[1011010 0111010 0010000 0011001 0011110 0010011 0000001]0001011
[1011010 0111011 0010000 0001001 0010100 0000011 0000001]0000000
stabSize=4

anf=1+a+c+ac+abc+d+ce+bde+df+bg+abg+adg+afg
[1011010 0111010 0010000 0011001 0011110 0010011 0000001]0001011
[1011010 0111011 0010000 0001001 0010100 0000011 0000001]0000000
stabSize=4

anf=c+ac+abc+d+ce+bde+df+bg+abg+adg+afg
[1011010 0111010 0010000 0011001 0011110 0010011 0000001]0001011
[1011010 0111011 0010000 0001001 0010100 0000011 0000001]0000000
stabSize=4

anf=1+c+ac+abc+d+ce+bde+df+bg+abg+adg+afg
[1011010 0111010 0010000 0011001 0011110 0010011 0000001]0001011
[1011010 0111011 0010000 0001001 0010100 0000011 0000001]0000000
stabSize=4

anf=a+b+ac+abc+d+ce+bde+df+bg+abg+adg+afg
[1000000 0111011 0010000 0001001 0000100 0000011 0000001]0000001
[1011011 0100000 0010000 0001000 0010100 0000010 0000001]0010000
[1000000 0101010 0010000 0011001 0001110 0010011 0000001]0000000
stabSize=8

anf=1+a+b+ac+abc+d+ce+bde+df+bg+abg+adg+afg
[1000000 0111011 0010000 0001001 0000100 0000011 0000001]0000001
[1011011 0100000 0010000 0001000 0010100 0000010 0000001]0010000
[1000000 0101010 0010000 0011001 0001110 0010011 0000001]0000000
stabSize=8

anf=b+ac+abc+d+ce+bde+df+bg+abg+adg+afg
[1000000 0111011 0010000 0001001 0000100 0000011 0000001]0000001
[1011011 0100000 0010000 0001000 0010100 0000010 0000001]0010000
[1000000 0101010 0010000 0011001 0001110 0010011 0000001]0000000
stabSize=8

anf=1+b+ac+abc+d+ce+bde+df+bg+abg+adg+afg
[1000000 0111011 0010000 0001001 0000100 0000011 0000001]0000001
[1011011 0100000 0010000 0001000 0010100 0000010 0000001]0010000
[1000000 0101010 0010000 0011001 0001110 0010011 0000001]0000000
stabSize=8

anf=a+ac+abc+d+ce+bde+df+bg+abg+adg+afg
[1000000 0111011 0010000 0001001 0000100 0000011 0000001]0000001
[1011011 0100000 0010000 0001000 0010100 0000010 0000001]0010000
[1000000 0101010 0010000 0011001 0001110 0010011 0000001]0000000
stabSize=8

anf=1+a+ac+abc+d+ce+bde+df+bg+abg+adg+afg
[1000000 0111011 0010000 0001001 0000100 0000011 0000001]0000001
[1011011 0100000 0010000 0001000 0010100 0000010 0000001]0010000
[1000000 0101010 0010000 0011001 0001110 0010011 0000001]0000000
stabSize=8

anf=ac+abc+d+ce+bde+df+bg+abg+adg+afg
[1000000 0111011 0010000 0001001 0000100 0000011 0000001]0000001
[1011011 0100000 0010000 0001000 0010100 0000010 0000001]0010000
[1000000 0101010 0010000 0011001 0001110 0010011 0000001]0000000
stabSize=8

anf=1+ac+abc+d+ce+bde+df+bg+abg+adg+afg
[1000000 0111011 0010000 0001001 0000100 0000011 0000001]0000001
[1011011 0100000 0010000 0001000 0010100 0000010 0000001]0010000
[1000000 0101010 0010000 0011001 0001110 0010011 0000001]0000000
stabSize=8

anf=a+c+ac+abc+ce+bde+df+bg+abg+adg+afg
[1000000 0111011 0010000 0001001 0000100 0000011 0000001]0000001
[1011011 0100001 0010000 0011000 0011110 0010010 0000001]0011011
stabSize=4

anf=1+a+c+ac+abc+ce+bde+df+bg+abg+adg+afg
[1000000 0111011 0010000 0001001 0000100 0000011 0000001]0000001
[1011011 0100001 0010000 0011000 0011110 0010010 0000001]0011011
stabSize=4

anf=c+ac+abc+ce+bde+df+bg+abg+adg+afg
[1000000 0111011 0010000 0001001 0000100 0000011 0000001]0000001
[1011011 0100001 0010000 0011000 0011110 0010010 0000001]0011011
stabSize=4

anf=1+c+ac+abc+ce+bde+df+bg+abg+adg+afg
[1000000 0111011 0010000 0001001 0000100 0000011 0000001]0000001
[1011011 0100001 0010000 0011000 0011110 0010010 0000001]0011011
stabSize=4

anf=ac+abc+ce+bde+df+bg+abg+adg+afg
[1011010 0101010 0010000 0011001 0011110 0010011 0000001]0000001
stabSize=2

anf=1+ac+abc+ce+bde+df+bg+abg+adg+afg
[1011010 0101010 0010000 0011001 0011110 0010011 0000001]0000001
stabSize=2

anf=a+b+c+abc+d+ce+bde+df+bg+abg+adg+afg
[1001011 0100000 0010000 0001000 0010100 0000010 0000001]0000000
[1001011 0111010 0010000 0011001 0011110 0010011 0000001]0001011
[1000001 0100001 0010000 0011000 0001110 0010010 0000001]0001011
stabSize=8

anf=1+a+b+c+abc+d+ce+bde+df+bg+abg+adg+afg
[1001011 0100000 0010000 0001000 0010100 0000010 0000001]0000000
[1001011 0111010 0010000 0011001 0011110 0010011 0000001]0001011
[1000001 0100001 0010000 0011000 0001110 0010010 0000001]0001011
stabSize=8

anf=b+c+abc+d+ce+bde+df+bg+abg+adg+afg
[1001011 0100000 0010000 0001000 0010100 0000010 0000001]0000000
[1001011 0111010 0010000 0011001 0011110 0010011 0000001]0001011
[1000001 0100001 0010000 0011000 0001110 0010010 0000001]0001011
stabSize=8

anf=1+b+c+abc+d+ce+bde+df+bg+abg+adg+afg
[1001011 0100000 0010000 0001000 0010100 0000010 0000001]0000000
[1001011 0111010 0010000 0011001 0011110 0010011 0000001]0001011
[1000001 0100001 0010000 0011000 0001110 0010010 0000001]0001011
stabSize=8

anf=a+c+abc+d+ce+bde+df+bg+abg+adg+afg
[1001011 0100000 0010000 0001000 0010100 0000010 0000001]0000000
[1001011 0111010 0010000 0011001 0011110 0010011 0000001]0001011
[1000001 0100001 0010000 0011000 0001110 0010010 0000001]0001011
stabSize=8

anf=1+a+c+abc+d+ce+bde+df+bg+abg+adg+afg
[1001011 0100000 0010000 0001000 0010100 0000010 0000001]0000000
[1001011 0111010 0010000 0011001 0011110 0010011 0000001]0001011
[1000001 0100001 0010000 0011000 0001110 0010010 0000001]0001011
stabSize=8

anf=c+abc+d+ce+bde+df+bg+abg+adg+afg
[1001011 0100000 0010000 0001000 0010100 0000010 0000001]0000000
[1001011 0111010 0010000 0011001 0011110 0010011 0000001]0001011
[1000001 0100001 0010000 0011000 0001110 0010010 0000001]0001011
stabSize=8

anf=1+c+abc+d+ce+bde+df+bg+abg+adg+afg
[1001011 0100000 0010000 0001000 0010100 0000010 0000001]0000000
[1001011 0111010 0010000 0011001 0011110 0010011 0000001]0001011
[1000001 0100001 0010000 0011000 0001110 0010010 0000001]0001011
stabSize=8

anf=a+abc+d+ce+bde+df+bg+abg+adg+afg
[1001010 0110001 0010000 0011000 0011110 0010010 0000001]0010001
[1001011 0111011 0010000 0001001 0010100 0000011 0000001]0010001
stabSize=4

anf=1+a+abc+d+ce+bde+df+bg+abg+adg+afg
[1001010 0110001 0010000 0011000 0011110 0010010 0000001]0010001
[1001011 0111011 0010000 0001001 0010100 0000011 0000001]0010001
stabSize=4

anf=abc+d+ce+bde+df+bg+abg+adg+afg
[1001010 0110001 0010000 0011000 0011110 0010010 0000001]0010001
[1001011 0111011 0010000 0001001 0010100 0000011 0000001]0010001
stabSize=4

anf=1+abc+d+ce+bde+df+bg+abg+adg+afg
[1001010 0110001 0010000 0011000 0011110 0010010 0000001]0010001
[1001011 0111011 0010000 0001001 0010100 0000011 0000001]0010001
stabSize=4

anf=c+abc+ce+bde+df+bg+abg+adg+afg
[1000001 0111010 0010000 0011001 0001110 0010011 0000001]0011010
stabSize=2

anf=1+c+abc+ce+bde+df+bg+abg+adg+afg
[1000001 0111010 0010000 0011001 0001110 0010011 0000001]0011010
stabSize=2

anf=a+abc+ce+bde+df+bg+abg+adg+afg
[1000000 0101010 0010000 0011001 0001110 0010011 0000001]0010001
[1000001 0110001 0010000 0011000 0001110 0010010 0000001]0010001
stabSize=4

anf=1+a+abc+ce+bde+df+bg+abg+adg+afg
[1000000 0101010 0010000 0011001 0001110 0010011 0000001]0010001
[1000001 0110001 0010000 0011000 0001110 0010010 0000001]0010001
stabSize=4

anf=abc+ce+bde+df+bg+abg+adg+afg
[1000000 0101010 0010000 0011001 0001110 0010011 0000001]0010001
[1000001 0110001 0010000 0011000 0001110 0010010 0000001]0010001
stabSize=4

anf=1+abc+ce+bde+df+bg+abg+adg+afg
[1000000 0101010 0010000 0011001 0001110 0010011 0000001]0010001
[1000001 0110001 0010000 0011000 0001110 0010010 0000001]0010001
stabSize=4

anf=a+abc+d+e+ae+bde+f+df+g+bg+abg+adg+afg
[1010011 0110011 0010000 0011100 0000100 0010010 0010001]0010011
[1011110 0100100 0010000 0011000 0010100 0000010 0000001]0000101
[1011011 0111010 0010000 0011001 0010100 0010011 0000001]0011011
[1010110 0110110 0010000 0011100 0000100 0000010 0010001]0010110
[1011100 0111010 0010000 0011101 0010100 0010011 0000001]0011100
stabSize=512

anf=abc+d+e+ae+bde+f+df+g+bg+abg+adg+afg
[1010011 0110011 0010000 0011100 0000100 0010010 0010001]0010011
[0111100 1011011 0010000 0001001 0000001 0001010 0000100]0001011
[1000011 0110101 0010000 0011100 0000100 0010010 0000001]0000011
stabSize=1024

anf=1+abc+d+e+ae+bde+f+df+g+bg+abg+adg+afg
[1010011 0110011 0010000 0011100 0000100 0010010 0010001]0010011
[0111100 1011011 0010000 0001001 0000001 0001010 0000100]0001011
[1000011 0110101 0010000 0011100 0000100 0010010 0000001]0000011
stabSize=1024

anf=abc+d+e+ae+bde+df+g+bg+abg+adg+afg
[0101010 1001110 0010000 0001001 0010001 0011010 0000100]0011010
[1000111 0100111 0010000 0001100 0000100 0010010 0010001]0000111
[1010000 0110001 0010000 0011000 0000100 0010010 0000001]0010000
stabSize=256

anf=abc+e+ae+bde+df+g+bg+abg+adg+afg
[1011101 0111101 0010000 0011101 0010100 0010011 0010001]0011101
[1000010 0100010 0010000 0001100 0000100 0000010 0010001]0000010
[1001000 0101001 0010000 0001101 0010100 0010011 0010001]0001000
[1011110 0100100 0010000 0011000 0010100 0000010 0000001]0000101
stabSize=256

anf=1+abc+e+ae+bde+df+g+bg+abg+adg+afg
[1011101 0111101 0010000 0011101 0010100 0010011 0010001]0011101
[1000010 0100010 0010000 0001100 0000100 0000010 0010001]0000010
[1001000 0101001 0010000 0001101 0010100 0010011 0010001]0001000
[1011110 0100100 0010000 0011000 0010100 0000010 0000001]0000101
stabSize=256

anf=abc+d+e+ae+bde+df+bg+abg+adg+afg
[1010011 0100100 0010000 0001100 0000100 0000010 0000001]0010011
[1001100 0110100 0010000 0001100 0010100 0000010 0000001]0010011
[1010001 0100001 0010000 0011000 0000100 0010010 0000001]0010001
[1010011 0110011 0010000 0011100 0000100 0010010 0010001]0010011
stabSize=128

anf=1+abc+d+e+ae+bde+df+bg+abg+adg+afg
[1010011 0100100 0010000 0001100 0000100 0000010 0000001]0010011
[1001100 0110100 0010000 0001100 0010100 0000010 0000001]0010011
[1010001 0100001 0010000 0011000 0000100 0010010 0000001]0010001
[1010011 0110011 0010000 0011100 0000100 0010010 0010001]0010011
stabSize=128

anf=abc+e+ae+bde+df+bg+abg+adg+afg
[1000001 0100110 0010000 0001000 0000100 0000010 0010001]0000001
[1000010 0100010 0010000 0001100 0000100 0000010 0010001]0000010
[1000001 0100001 0010000 0011000 0000100 0010010 0000001]0000001
[1000001 0110110 0010000 0001000 0000100 0000010 0010001]0010001
[1010110 0100010 0010000 0011100 0000100 0000010 0010001]0010010
stabSize=64

anf=c+abc+ae+bde+df+bg+abg+adg+afg
[1000111 0110000 0010000 0011100 0000100 0000010 0000001]0000111
[0111000 1011101 0010000 0001101 0000001 0001110 0000100]0001001
[1000110 0100000 0010000 0011100 0000100 0000010 0000001]0000110
stabSize=32

anf=1+c+abc+ae+bde+df+bg+abg+adg+afg
[1000111 0110000 0010000 0011100 0000100 0000010 0000001]0000111
[0111000 1011101 0010000 0001101 0000001 0001110 0000100]0001001
[1000110 0100000 0010000 0011100 0000100 0000010 0000001]0000110
stabSize=32

anf=abc+ae+bde+df+bg+abg+adg+afg
[1000101 0110011 0010000 0001000 0000100 0010010 0010001]0000101
[0101111 1010110 0010000 0011101 0010001 0011110 0010100]0011001
[1010100 0110100 0010000 0011000 0000100 0000010 0000001]0010100
stabSize=128

anf=1+abc+ae+bde+df+bg+abg+adg+afg
[1000101 0110011 0010000 0001000 0000100 0010010 0010001]0000101
[0101111 1010110 0010000 0011101 0010001 0011110 0010100]0011001
[1010100 0110100 0010000 0011000 0000100 0000010 0000001]0010100
stabSize=128

anf=a+c+abc+e+ae+bde+cf+g+bg+abg+adg+afg
[1010100 0110100 0010000 0001101 0000100 0010011 0000001]0010100
[1010101 0110000 0010000 0001101 0000100 0010011 0000001]0010001
stabSize=4

anf=c+abc+e+ae+bde+cf+g+bg+abg+adg+afg
[1010100 0110100 0010000 0001101 0000100 0010011 0000001]0010100
[0111101 1011000 0010000 0001101 0000001 0011110 0000100]0011100
[0101000 1001000 0010000 0001000 0000001 0001010 0000100]0001000
stabSize=8

anf=1+c+abc+e+ae+bde+cf+g+bg+abg+adg+afg
[1010100 0110100 0010000 0001101 0000100 0010011 0000001]0010100
[0111101 1011000 0010000 0001101 0000001 0011110 0000100]0011100
[0101000 1001000 0010000 0001000 0000001 0001010 0000100]0001000
stabSize=8

anf=a+b+abc+e+ae+bde+cf+g+bg+abg+adg+afg
[1000101 0100101 0010000 0001000 0000100 0010010 0000001]0010101
[1010000 0110001 0010000 0001101 0000100 0000011 0000001]0010000
[0101000 1001000 0010000 0001000 0000001 0001010 0000100]0001000
stabSize=16

anf=1+a+b+abc+e+ae+bde+cf+g+bg+abg+adg+afg
[1000101 0100101 0010000 0001000 0000100 0010010 0000001]0010101
[1010000 0110001 0010000 0001101 0000100 0000011 0000001]0010000
[0101000 1001000 0010000 0001000 0000001 0001010 0000100]0001000
stabSize=16

anf=a+abc+e+ae+bde+cf+g+bg+abg+adg+afg
[1000100 0100001 0010000 0001000 0000100 0010010 0000001]0010000
[1000001 0100100 0010000 0001000 0000100 0000010 0000001]0000101
[1010000 0110001 0010000 0001101 0000100 0000011 0000001]0010000
stabSize=8

anf=1+a+abc+e+ae+bde+cf+g+bg+abg+adg+afg
[1000100 0100001 0010000 0001000 0000100 0010010 0000001]0010000
[1000001 0100100 0010000 0001000 0000100 0000010 0000001]0000101
[1010000 0110001 0010000 0001101 0000100 0000011 0000001]0010000
stabSize=8

anf=abc+e+ae+bde+cf+g+bg+abg+adg+afg
[1000101 0100101 0010000 0001000 0000100 0010010 0000001]0010101
[1010000 0110001 0010000 0001101 0000100 0000011 0000001]0010000
[0101000 1001000 0010000 0001000 0000001 0001010 0000100]0001000
stabSize=16

anf=1+abc+e+ae+bde+cf+g+bg+abg+adg+afg
[1000101 0100101 0010000 0001000 0000100 0010010 0000001]0010101
[1010000 0110001 0010000 0001101 0000100 0000011 0000001]0010000
[0101000 1001000 0010000 0001000 0000001 0001010 0000100]0001000
stabSize=16

anf=b+c+abc+e+ae+bde+cf+bg+abg+adg+afg
[1000101 0110100 0010000 0001001 0000100 0010011 0000001]0000000
[1000101 0100001 0010000 0001000 0000100 0010010 0000001]0000001
stabSize=4

anf=1+b+c+abc+e+ae+bde+cf+bg+abg+adg+afg
[1000101 0110100 0010000 0001001 0000100 0010011 0000001]0000000
[1000101 0100001 0010000 0001000 0000100 0010010 0000001]0000001
stabSize=4

anf=c+abc+e+ae+bde+cf+bg+abg+adg+afg
[1000101 0110100 0010000 0001001 0000100 0010011 0000001]0000000
[1000101 0100001 0010000 0001000 0000100 0010010 0000001]0000001
stabSize=4

anf=1+c+abc+e+ae+bde+cf+bg+abg+adg+afg
[1000101 0110100 0010000 0001001 0000100 0010011 0000001]0000000
[1000101 0100001 0010000 0001000 0000100 0010010 0000001]0000001
stabSize=4

anf=abc+e+ae+bde+cf+bg+abg+adg+afg
[1000100 0110100 0010000 0001001 0000100 0010011 0000001]0010001
stabSize=2

anf=1+abc+e+ae+bde+cf+bg+abg+adg+afg
[1000100 0110100 0010000 0001001 0000100 0010011 0000001]0010001
stabSize=2

anf=c+abc+d+ae+bde+cf+bg+abg+adg+afg
[0111001 1011001 0010000 0001101 0000001 0011110 0000100]0011001
[0101000 1011100 0010000 0001100 0000001 0001110 0000100]0011101
stabSize=8

anf=1+c+abc+d+ae+bde+cf+bg+abg+adg+afg
[0111001 1011001 0010000 0001101 0000001 0011110 0000100]0011001
[0101000 1011100 0010000 0001100 0000001 0001110 0000100]0011101
stabSize=8

anf=abc+d+ae+bde+cf+bg+abg+adg+afg
[1000101 0100101 0010000 0001000 0000100 0010010 0000001]0010101
[1010001 0100100 0010000 0001100 0000100 0000010 0000001]0000000
[1010100 0110100 0010000 0001101 0000100 0010011 0000001]0010100
stabSize=8

anf=1+abc+d+ae+bde+cf+bg+abg+adg+afg
[1000101 0100101 0010000 0001000 0000100 0010010 0000001]0010101
[1010001 0100100 0010000 0001100 0000100 0000010 0000001]0000000
[1010100 0110100 0010000 0001101 0000100 0010011 0000001]0010100
stabSize=8

anf=c+abc+ae+bde+cf+bg+abg+adg+afg
[0101001 1011000 0010000 0001100 0000001 0011110 0000100]0001101
[0101000 1001000 0010000 0001000 0000001 0001010 0000100]0001000
stabSize=8

anf=1+c+abc+ae+bde+cf+bg+abg+adg+afg
[0101001 1011000 0010000 0001100 0000001 0011110 0000100]0001101
[0101000 1001000 0010000 0001000 0000001 0001010 0000100]0001000
stabSize=8

anf=a+abc+ae+bde+cf+bg+abg+adg+afg
[1010001 0100100 0010000 0001100 0000100 0000010 0000001]0000000
[1010100 0110100 0010000 0001101 0000100 0010011 0000001]0010100
[0111101 1011000 0010000 0001101 0000001 0011110 0000100]0011100
stabSize=16

anf=1+a+abc+ae+bde+cf+bg+abg+adg+afg
[1010001 0100100 0010000 0001100 0000100 0000010 0000001]0000000
[1010100 0110100 0010000 0001101 0000100 0010011 0000001]0010100
[0111101 1011000 0010000 0001101 0000001 0011110 0000100]0011100
stabSize=16

anf=abc+ae+bde+cf+bg+abg+adg+afg
[1010001 0100100 0010000 0001100 0000100 0000010 0000001]0000000
[1010100 0110100 0010000 0001101 0000100 0010011 0000001]0010100
[0101000 1001000 0010000 0001000 0000001 0001010 0000100]0001000
stabSize=16

anf=1+abc+ae+bde+cf+bg+abg+adg+afg
[1010001 0100100 0010000 0001100 0000100 0000010 0000001]0000000
[1010100 0110100 0010000 0001101 0000100 0010011 0000001]0010100
[0101000 1001000 0010000 0001000 0000001 0001010 0000100]0001000
stabSize=16

anf=c+ac+abc+d+e+ce+bde+df+g+abg+adg+afg
[1000101 0110001 0010000 0011001 0000100 0000011 0000001]0111000
[1001111 0100000 0010000 0011000 0010100 0000010 0000001]0100010
stabSize=4

anf=c+ac+abc+d+ce+bde+df+g+abg+adg+afg
[1001110 0110001 0010000 0011001 0010100 0000011 0000001]0111000
[1011010 0110001 0010000 0001001 0010100 0000011 0000001]0001010
stabSize=4

anf=b+c+ac+abc+ce+bde+df+g+abg+adg+afg
[1011011 0100000 0010000 0001000 0010100 0000010 0000001]0000000
[1000000 0110001 0010000 0001001 0000100 0000011 0000001]0001011
stabSize=4

anf=c+ac+abc+ce+bde+df+g+abg+adg+afg
[1001111 0110001 0010000 0011001 0010100 0000011 0000001]0111001
[1011011 0100000 0010000 0001000 0010100 0000010 0000001]0000000
[1001111 0100000 0010000 0011000 0010100 0000010 0000001]0100010
stabSize=8

anf=1+c+ac+abc+ce+bde+df+g+abg+adg+afg
[1001111 0110001 0010000 0011001 0010100 0000011 0000001]0111001
[1011011 0100000 0010000 0001000 0010100 0000010 0000001]0000000
[1001111 0100000 0010000 0011000 0010100 0000010 0000001]0100010
stabSize=8

anf=ac+abc+ce+bde+df+g+abg+adg+afg
[1011010 0100000 0010000 0011001 0011110 0010011 0000001]0001011
stabSize=2

anf=1+ac+abc+ce+bde+df+g+abg+adg+afg
[1011010 0100000 0010000 0011001 0011110 0010011 0000001]0001011
stabSize=2

anf=b+c+ac+abc+d+e+ce+bde+df+abg+adg+afg
[1011010 0100001 0010000 0001001 0010100 0000011 0000001]0000000
[1011011 0100000 0010000 0011001 0011110 0010011 0000001]0001010
[1000001 0100000 0010000 0001000 0000100 0000010 0000001]0000001
[1011010 0100000 0010000 0001000 0010100 0000010 0000001]0000001
stabSize=16

anf=1+b+c+ac+abc+d+e+ce+bde+df+abg+adg+afg
[1011010 0100001 0010000 0001001 0010100 0000011 0000001]0000000
[1011011 0100000 0010000 0011001 0011110 0010011 0000001]0001010
[1000001 0100000 0010000 0001000 0000100 0000010 0000001]0000001
[1011010 0100000 0010000 0001000 0010100 0000010 0000001]0000001
stabSize=16

anf=c+ac+abc+d+e+ce+bde+df+abg+adg+afg
[1011010 0100001 0010000 0001001 0010100 0000011 0000001]0000000
[1011011 0100000 0010000 0011001 0011110 0010011 0000001]0001010
[1000001 0100000 0010000 0001000 0000100 0000010 0000001]0000001
[1011010 0100000 0010000 0001000 0010100 0000010 0000001]0000001
stabSize=16

anf=1+c+ac+abc+d+e+ce+bde+df+abg+adg+afg
[1011010 0100001 0010000 0001001 0010100 0000011 0000001]0000000
[1011011 0100000 0010000 0011001 0011110 0010011 0000001]0001010
[1000001 0100000 0010000 0001000 0000100 0000010 0000001]0000001
[1011010 0100000 0010000 0001000 0010100 0000010 0000001]0000001
stabSize=16

anf=a+b+c+ac+abc+d+ce+bde+df+abg+adg+afg
[1011011 0100000 0010000 0011001 0011110 0010011 0000001]0001010
[1000001 0100000 0010000 0001000 0000100 0000010 0000001]0000001
[1011010 0100000 0010000 0001000 0010100 0000010 0000001]0000001
[1011010 0100001 0010000 0001001 0010100 0000011 0000001]0000000
stabSize=16

anf=b+c+ac+abc+d+ce+bde+df+abg+adg+afg
[1011011 0100000 0010000 0011001 0011110 0010011 0000001]0001010
[1000001 0100000 0010000 0001000 0000100 0000010 0000001]0000001
[1011010 0100000 0010000 0001000 0010100 0000010 0000001]0000001
[1011010 0100001 0010000 0001001 0010100 0000011 0000001]0000000
stabSize=16

anf=a+c+ac+abc+d+ce+bde+df+abg+adg+afg
[1011011 0100000 0010000 0011001 0011110 0010011 0000001]0001010
[1000101 0100001 0010000 0011001 0000100 0000011 0000001]0100010
[1000001 0100000 0010000 0001000 0000100 0000010 0000001]0000001
[1001111 0100000 0010000 0011000 0010100 0000010 0000001]0100010
stabSize=32

anf=1+a+c+ac+abc+d+ce+bde+df+abg+adg+afg
[1011011 0100000 0010000 0011001 0011110 0010011 0000001]0001010
[1000101 0100001 0010000 0011001 0000100 0000011 0000001]0100010
[1000001 0100000 0010000 0001000 0000100 0000010 0000001]0000001
[1001111 0100000 0010000 0011000 0010100 0000010 0000001]0100010
stabSize=32

anf=c+ac+abc+d+ce+bde+df+abg+adg+afg
[1011011 0100000 0010000 0011001 0011110 0010011 0000001]0001010
[1000101 0100001 0010000 0011001 0000100 0000011 0000001]0100010
[1000001 0100000 0010000 0001000 0000100 0000010 0000001]0000001
[1001111 0100000 0010000 0011000 0010100 0000010 0000001]0100010
stabSize=32

anf=1+c+ac+abc+d+ce+bde+df+abg+adg+afg
[1011011 0100000 0010000 0011001 0011110 0010011 0000001]0001010
[1000101 0100001 0010000 0011001 0000100 0000011 0000001]0100010
[1000001 0100000 0010000 0001000 0000100 0000010 0000001]0000001
[1001111 0100000 0010000 0011000 0010100 0000010 0000001]0100010
stabSize=32

anf=b+c+ac+abc+ce+bde+df+abg+adg+afg
[1000001 0100000 0010000 0001000 0000100 0000010 0000001]0000001
[1000000 0100001 0010000 0001001 0000100 0000011 0000001]0000001
stabSize=4

anf=c+ac+abc+ce+bde+df+abg+adg+afg
[1000101 0100001 0010000 0011001 0000100 0000011 0000001]0100010
[1000001 0100000 0010000 0001000 0000100 0000010 0000001]0000001
[1000101 0100000 0010000 0011000 0000100 0000010 0000001]0100011
stabSize=8

anf=1+c+ac+abc+ce+bde+df+abg+adg+afg
[1000101 0100001 0010000 0011001 0000100 0000011 0000001]0100010
[1000001 0100000 0010000 0001000 0000100 0000010 0000001]0000001
[1000101 0100000 0010000 0011000 0000100 0000010 0000001]0100011
stabSize=8

anf=a+b+ac+abc+ce+bde+df+abg+adg+afg
[1000000 0100001 0010000 0001001 0000100 0000011 0000001]0000001
[1011011 0110000 0010000 0011001 0011110 0010011 0000001]0000000
[1000001 0100000 0010000 0001000 0000100 0000010 0000001]0000001
stabSize=8

anf=1+a+b+ac+abc+ce+bde+df+abg+adg+afg
[1000000 0100001 0010000 0001001 0000100 0000011 0000001]0000001
[1011011 0110000 0010000 0011001 0011110 0010011 0000001]0000000
[1000001 0100000 0010000 0001000 0000100 0000010 0000001]0000001
stabSize=8

anf=b+ac+abc+ce+bde+df+abg+adg+afg
[1000000 0100001 0010000 0001001 0000100 0000011 0000001]0000001
[1011011 0110000 0010000 0011001 0011110 0010011 0000001]0000000
[1000001 0100000 0010000 0001000 0000100 0000010 0000001]0000001
stabSize=8

anf=1+b+ac+abc+ce+bde+df+abg+adg+afg
[1000000 0100001 0010000 0001001 0000100 0000011 0000001]0000001
[1011011 0110000 0010000 0011001 0011110 0010011 0000001]0000000
[1000001 0100000 0010000 0001000 0000100 0000010 0000001]0000001
stabSize=8

anf=a+ac+abc+ce+bde+df+abg+adg+afg
[1000000 0100001 0010000 0001001 0000100 0000011 0000001]0000001
[1011011 0110000 0010000 0011001 0011110 0010011 0000001]0000000
[1000001 0100000 0010000 0001000 0000100 0000010 0000001]0000001
stabSize=8

anf=1+a+ac+abc+ce+bde+df+abg+adg+afg
[1000000 0100001 0010000 0001001 0000100 0000011 0000001]0000001
[1011011 0110000 0010000 0011001 0011110 0010011 0000001]0000000
[1000001 0100000 0010000 0001000 0000100 0000010 0000001]0000001
stabSize=8

anf=ac+abc+ce+bde+df+abg+adg+afg
[1000000 0100001 0010000 0001001 0000100 0000011 0000001]0000001
[1011011 0110000 0010000 0011001 0011110 0010011 0000001]0000000
[1000001 0100000 0010000 0001000 0000100 0000010 0000001]0000001
stabSize=8

anf=1+ac+abc+ce+bde+df+abg+adg+afg
[1000000 0100001 0010000 0001001 0000100 0000011 0000001]0000001
[1011011 0110000 0010000 0011001 0011110 0010011 0000001]0000000
[1000001 0100000 0010000 0001000 0000100 0000010 0000001]0000001
stabSize=8

anf=abc+d+ce+bde+df+g+abg+adg+afg
[1000110 0100000 0010000 0011000 0000100 0000010 0000001]0100000
stabSize=2

anf=c+abc+ce+bde+df+g+abg+adg+afg
[1001011 0110001 0010000 0001001 0010100 0000011 0000001]0001011
stabSize=2

anf=1+c+abc+ce+bde+df+g+abg+adg+afg
[1001011 0110001 0010000 0001001 0010100 0000011 0000001]0001011
stabSize=2

anf=b+abc+ce+bde+df+g+abg+adg+afg
[1001011 0100000 0010000 0011001 0011110 0010011 0000001]0001011
[1000000 0100000 0010000 0011001 0001110 0010011 0000001]0011011
stabSize=4

anf=abc+ce+bde+df+g+abg+adg+afg
[1001011 0100000 0010000 0011001 0011110 0010011 0000001]0001011
[1000110 0100000 0010000 0011000 0000100 0000010 0000001]0100000
stabSize=8

anf=1+abc+ce+bde+df+g+abg+adg+afg
[1001011 0100000 0010000 0011001 0011110 0010011 0000001]0001011
[1000110 0100000 0010000 0011000 0000100 0000010 0000001]0100000
stabSize=8

anf=b+abc+d+e+ce+bde+df+abg+adg+afg
[1000001 0100000 0010000 0001000 0000100 0000010 0000001]0000001
[1000000 0110001 0010000 0011000 0001110 0010010 0000001]0000000
[1000000 0100001 0010000 0001001 0000100 0000011 0000001]0000001
[1001010 0100000 0010000 0001000 0010100 0000010 0000001]0010001
stabSize=16

anf=1+b+abc+d+e+ce+bde+df+abg+adg+afg
[1000001 0100000 0010000 0001000 0000100 0000010 0000001]0000001
[1000000 0110001 0010000 0011000 0001110 0010010 0000001]0000000
[1000000 0100001 0010000 0001001 0000100 0000011 0000001]0000001
[1001010 0100000 0010000 0001000 0010100 0000010 0000001]0010001
stabSize=16

anf=abc+d+e+ce+bde+df+abg+adg+afg
[1000001 0100000 0010000 0001000 0000100 0000010 0000001]0000001
[1000000 0110001 0010000 0011000 0001110 0010010 0000001]0000000
[1000000 0100001 0010000 0001001 0000100 0000011 0000001]0000001
[1001010 0100000 0010000 0001000 0010100 0000010 0000001]0010001
stabSize=16

anf=1+abc+d+e+ce+bde+df+abg+adg+afg
[1000001 0100000 0010000 0001000 0000100 0000010 0000001]0000001
[1000000 0110001 0010000 0011000 0001110 0010010 0000001]0000000
[1000000 0100001 0010000 0001001 0000100 0000011 0000001]0000001
[1001010 0100000 0010000 0001000 0010100 0000010 0000001]0010001
stabSize=16

anf=a+b+abc+d+ce+bde+df+abg+adg+afg
[1000000 0110001 0010000 0011000 0001110 0010010 0000001]0000000
[1000000 0100001 0010000 0001001 0000100 0000011 0000001]0000001
[1001010 0100000 0010000 0001000 0010100 0000010 0000001]0010001
[1000001 0100000 0010000 0001000 0000100 0000010 0000001]0000001
stabSize=16

anf=b+abc+d+ce+bde+df+abg+adg+afg
[1000000 0110001 0010000 0011000 0001110 0010010 0000001]0000000
[1000000 0100001 0010000 0001001 0000100 0000011 0000001]0000001
[1001010 0100000 0010000 0001000 0010100 0000010 0000001]0010001
[1000001 0100000 0010000 0001000 0000100 0000010 0000001]0000001
stabSize=16

anf=a+abc+d+ce+bde+df+abg+adg+afg
[1000000 0110001 0010000 0011000 0001110 0010010 0000001]0000000
[1000000 0100001 0010000 0001001 0000100 0000011 0000001]0000001
[1000110 0100000 0010000 0011000 0000100 0000010 0000001]0100000
stabSize=32

anf=1+a+abc+d+ce+bde+df+abg+adg+afg
[1000000 0110001 0010000 0011000 0001110 0010010 0000001]0000000
[1000000 0100001 0010000 0001001 0000100 0000011 0000001]0000001
[1000110 0100000 0010000 0011000 0000100 0000010 0000001]0100000
stabSize=32

anf=abc+d+ce+bde+df+abg+adg+afg
[1000000 0110001 0010000 0011000 0001110 0010010 0000001]0000000
[1000000 0100001 0010000 0001001 0000100 0000011 0000001]0000001
[1000110 0100000 0010000 0011000 0000100 0000010 0000001]0100000
stabSize=32

anf=1+abc+d+ce+bde+df+abg+adg+afg
[1000000 0110001 0010000 0011000 0001110 0010010 0000001]0000000
[1000000 0100001 0010000 0001001 0000100 0000011 0000001]0000001
[1000110 0100000 0010000 0011000 0000100 0000010 0000001]0100000
stabSize=32

anf=a+b+c+abc+ce+bde+df+abg+adg+afg
[1000001 0100000 0010000 0001000 0000100 0000010 0000001]0000001
[1000000 0100000 0010000 0011001 0001110 0010011 0000001]0011011
[1000000 0100001 0010000 0001001 0000100 0000011 0000001]0000001
stabSize=8

anf=1+a+b+c+abc+ce+bde+df+abg+adg+afg
[1000001 0100000 0010000 0001000 0000100 0000010 0000001]0000001
[1000000 0100000 0010000 0011001 0001110 0010011 0000001]0011011
[1000000 0100001 0010000 0001001 0000100 0000011 0000001]0000001
stabSize=8

anf=b+c+abc+ce+bde+df+abg+adg+afg
[1000001 0100000 0010000 0001000 0000100 0000010 0000001]0000001
[1000000 0100000 0010000 0011001 0001110 0010011 0000001]0011011
[1000000 0100001 0010000 0001001 0000100 0000011 0000001]0000001
stabSize=8

anf=1+b+c+abc+ce+bde+df+abg+adg+afg
[1000001 0100000 0010000 0001000 0000100 0000010 0000001]0000001
[1000000 0100000 0010000 0011001 0001110 0010011 0000001]0011011
[1000000 0100001 0010000 0001001 0000100 0000011 0000001]0000001
stabSize=8

anf=a+c+abc+ce+bde+df+abg+adg+afg
[1000001 0100000 0010000 0001000 0000100 0000010 0000001]0000001
[1000000 0100000 0010000 0011001 0001110 0010011 0000001]0011011
[1000000 0100001 0010000 0001001 0000100 0000011 0000001]0000001
stabSize=8

anf=1+a+c+abc+ce+bde+df+abg+adg+afg
[1000001 0100000 0010000 0001000 0000100 0000010 0000001]0000001
[1000000 0100000 0010000 0011001 0001110 0010011 0000001]0011011
[1000000 0100001 0010000 0001001 0000100 0000011 0000001]0000001
stabSize=8

anf=c+abc+ce+bde+df+abg+adg+afg
[1000001 0100000 0010000 0001000 0000100 0000010 0000001]0000001
[1000000 0100000 0010000 0011001 0001110 0010011 0000001]0011011
[1000000 0100001 0010000 0001001 0000100 0000011 0000001]0000001
stabSize=8

anf=1+c+abc+ce+bde+df+abg+adg+afg
[1000001 0100000 0010000 0001000 0000100 0000010 0000001]0000001
[1000000 0100000 0010000 0011001 0001110 0010011 0000001]0011011
[1000000 0100001 0010000 0001001 0000100 0000011 0000001]0000001
stabSize=8

anf=b+abc+ce+bde+df+abg+adg+afg
[1000000 0100001 0010000 0001001 0000100 0000011 0000001]0000001
[1000001 0100000 0010000 0001000 0000100 0000010 0000001]0000001
stabSize=4

anf=abc+ce+bde+df+abg+adg+afg
[1000000 0100001 0010000 0001001 0000100 0000011 0000001]0000001
[1000110 0100000 0010000 0011000 0000100 0000010 0000001]0100000
stabSize=8

anf=1+abc+ce+bde+df+abg+adg+afg
[1000000 0100001 0010000 0001001 0000100 0000011 0000001]0000001
[1000110 0100000 0010000 0011000 0000100 0000010 0000001]0100000
stabSize=8

anf=bc+abc+d+e+ae+bde+df+g+abg+adg+afg
[1011100 0110101 0010000 0001101 0010100 0000011 0000001]0011100
[1010001 0100100 0010000 0001000 0000100 0000010 0000001]0010101
[1001010 0110001 0010000 0001001 0010100 0000011 0000001]0001010
[1010000 0110000 0010000 0001000 0000100 0000010 0000001]0010000
stabSize=64

anf=1+bc+abc+d+e+ae+bde+df+g+abg+adg+afg
[1011100 0110101 0010000 0001101 0010100 0000011 0000001]0011100
[1010001 0100100 0010000 0001000 0000100 0000010 0000001]0010101
[1001010 0110001 0010000 0001001 0010100 0000011 0000001]0001010
[1010000 0110000 0010000 0001000 0000100 0000010 0000001]0010000
stabSize=64

anf=b+bc+abc+e+ae+bde+df+g+abg+adg+afg
[1010010 0100100 0010000 0001100 0000100 0000010 0000001]0010010
[1011100 0111111 0010000 0011100 0010100 0010010 0000001]0010111
[1011000 0100101 0010000 0011101 0010100 0000011 0000001]0011000
[1010000 0110000 0010000 0001000 0000100 0000010 0000001]0010000
stabSize=128

anf=1+b+bc+abc+e+ae+bde+df+g+abg+adg+afg
[1010010 0100100 0010000 0001100 0000100 0000010 0000001]0010010
[1011100 0111111 0010000 0011100 0010100 0010010 0000001]0010111
[1011000 0100101 0010000 0011101 0010100 0000011 0000001]0011000
[1010000 0110000 0010000 0001000 0000100 0000010 0000001]0010000
stabSize=128

anf=bc+abc+e+ae+bde+df+g+abg+adg+afg
[1010010 0100100 0010000 0001100 0000100 0000010 0000001]0010010
[1011100 0111111 0010000 0011100 0010100 0010010 0000001]0010111
[1011000 0100101 0010000 0011101 0010100 0000011 0000001]0011000
[1010000 0110000 0010000 0001000 0000100 0000010 0000001]0010000
stabSize=128

anf=1+bc+abc+e+ae+bde+df+g+abg+adg+afg
[1010010 0100100 0010000 0001100 0000100 0000010 0000001]0010010
[1011100 0111111 0010000 0011100 0010100 0010010 0000001]0010111
[1011000 0100101 0010000 0011101 0010100 0000011 0000001]0011000
[1010000 0110000 0010000 0001000 0000100 0000010 0000001]0010000
stabSize=128

anf=c+bc+abc+ae+bde+df+g+abg+adg+afg
[1000001 0101111 0010000 0011000 0000100 0010010 0000001]0001111
[1000110 0110100 0010000 0011100 0000100 0000010 0000001]0000110
stabSize=8

anf=bc+abc+ae+bde+df+g+abg+adg+afg
[1010100 0110000 0010000 0011000 0000100 0000010 0000001]0010100
[1001111 0100001 0010000 0011001 0010100 0000011 0000001]0001111
[1011111 0111011 0010000 0001000 0010100 0010010 0000001]0000100
[1010000 0110000 0010000 0001000 0000100 0000010 0000001]0010000
stabSize=32

anf=1+bc+abc+ae+bde+df+g+abg+adg+afg
[1010100 0110000 0010000 0011000 0000100 0000010 0000001]0010100
[1001111 0100001 0010000 0011001 0010100 0000011 0000001]0001111
[1011111 0111011 0010000 0001000 0010100 0010010 0000001]0000100
[1010000 0110000 0010000 0001000 0000100 0000010 0000001]0010000
stabSize=32

anf=b+bc+abc+d+e+ae+bde+df+abg+adg+afg
[1010011 0100100 0010000 0001100 0000100 0000010 0000001]0010011
[1001101 0111011 0010000 0011100 0010100 0010010 0000001]0000010
[1000010 0110101 0010000 0001101 0000100 0000011 0000001]0000011
[1011100 0111010 0010000 0011101 0010100 0010011 0000001]0000010
[1010000 0110000 0010000 0001000 0000100 0000010 0000001]0010000
stabSize=128

anf=1+b+bc+abc+d+e+ae+bde+df+abg+adg+afg
[1010011 0100100 0010000 0001100 0000100 0000010 0000001]0010011
[1001101 0111011 0010000 0011100 0010100 0010010 0000001]0000010
[1000010 0110101 0010000 0001101 0000100 0000011 0000001]0000011
[1011100 0111010 0010000 0011101 0010100 0010011 0000001]0000010
[1010000 0110000 0010000 0001000 0000100 0000010 0000001]0010000
stabSize=128

anf=bc+abc+d+e+ae+bde+df+abg+adg+afg
[1010011 0100100 0010000 0001100 0000100 0000010 0000001]0010011
[1001101 0111011 0010000 0011100 0010100 0010010 0000001]0000010
[1000010 0110101 0010000 0001101 0000100 0000011 0000001]0000011
[1011100 0111010 0010000 0011101 0010100 0010011 0000001]0000010
[1010000 0110000 0010000 0001000 0000100 0000010 0000001]0010000
stabSize=128

anf=1+bc+abc+d+e+ae+bde+df+abg+adg+afg
[1010011 0100100 0010000 0001100 0000100 0000010 0000001]0010011
[1001101 0111011 0010000 0011100 0010100 0010010 0000001]0000010
[1000010 0110101 0010000 0001101 0000100 0000011 0000001]0000011
[1011100 0111010 0010000 0011101 0010100 0010011 0000001]0000010
[1010000 0110000 0010000 0001000 0000100 0000010 0000001]0010000
stabSize=128

anf=c+bc+abc+e+ae+bde+df+abg+adg+afg
[1000001 0101011 0010000 0011000 0000100 0010010 0000001]0011011
[1010001 0100101 0010000 0001001 0000100 0000011 0000001]0010100
[1010000 0100100 0010000 0001000 0000100 0000010 0000001]0010100
[1000001 0100000 0010000 0001000 0000100 0000010 0000001]0000001
stabSize=16

anf=bc+abc+e+ae+bde+df+abg+adg+afg
[1010101 0100101 0010000 0011001 0000100 0000011 0000001]0010000
[1010000 0100001 0010000 0001001 0000100 0000011 0000001]0000001
[1010011 0100100 0010000 0001100 0000100 0000010 0000001]0010011
[1000010 0110101 0010000 0001101 0000100 0000011 0000001]0000011
[1010000 0110000 0010000 0001000 0000100 0000010 0000001]0010000
stabSize=64

anf=1+bc+abc+e+ae+bde+df+abg+adg+afg
[1010101 0100101 0010000 0011001 0000100 0000011 0000001]0010000
[1010000 0100001 0010000 0001001 0000100 0000011 0000001]0000001
[1010011 0100100 0010000 0001100 0000100 0000010 0000001]0010011
[1000010 0110101 0010000 0001101 0000100 0000011 0000001]0000011
[1010000 0110000 0010000 0001000 0000100 0000010 0000001]0010000
stabSize=64

anf=c+bc+abc+ae+bde+df+abg+adg+afg
[1000110 0110101 0010000 0011101 0000100 0000011 0000001]0000111
[1000001 0101011 0010000 0011000 0000100 0010010 0000001]0011011
[1000110 0110100 0010000 0011100 0000100 0000010 0000001]0000110
stabSize=32

anf=1+c+bc+abc+ae+bde+df+abg+adg+afg
[1000110 0110101 0010000 0011101 0000100 0000011 0000001]0000111
[1000001 0101011 0010000 0011000 0000100 0010010 0000001]0011011
[1000110 0110100 0010000 0011100 0000100 0000010 0000001]0000110
stabSize=32

anf=a+bc+abc+ae+bde+df+abg+adg+afg
[1000001 0100000 0010000 0001000 0000100 0000010 0000001]0000001
[1010101 0110000 0010000 0011000 0000100 0000010 0000001]0010101
[1000100 0100001 0010000 0011001 0000100 0000011 0000001]0000101
[1001110 0111111 0010000 0001000 0010100 0010010 0000001]0010001
[1010000 0110000 0010000 0001000 0000100 0000010 0000001]0010000
stabSize=64

anf=1+a+bc+abc+ae+bde+df+abg+adg+afg
[1000001 0100000 0010000 0001000 0000100 0000010 0000001]0000001
[1010101 0110000 0010000 0011000 0000100 0000010 0000001]0010101
[1000100 0100001 0010000 0011001 0000100 0000011 0000001]0000101
[1001110 0111111 0010000 0001000 0010100 0010010 0000001]0010001
[1010000 0110000 0010000 0001000 0000100 0000010 0000001]0010000
stabSize=64

anf=bc+abc+ae+bde+df+abg+adg+afg
[1000001 0100000 0010000 0001000 0000100 0000010 0000001]0000001
[1010101 0110000 0010000 0011000 0000100 0000010 0000001]0010101
[1000100 0100001 0010000 0011001 0000100 0000011 0000001]0000101
[1001110 0111111 0010000 0001000 0010100 0010010 0000001]0010001
[1010000 0110000 0010000 0001000 0000100 0000010 0000001]0010000
stabSize=64

anf=1+bc+abc+ae+bde+df+abg+adg+afg
[1000001 0100000 0010000 0001000 0000100 0000010 0000001]0000001
[1010101 0110000 0010000 0011000 0000100 0000010 0000001]0010101
[1000100 0100001 0010000 0011001 0000100 0000011 0000001]0000101
[1001110 0111111 0010000 0001000 0010100 0010010 0000001]0010001
[1010000 0110000 0010000 0001000 0000100 0000010 0000001]0010000
stabSize=64

anf=abc+d+e+ae+bde+df+g+abg+adg+afg
[1000101 0100101 0010000 0001000 0000100 0010010 0000001]0000101
[1000010 0100010 0010000 0001100 0000100 0000010 0010001]0000010
[1010001 0100010 0010000 0001000 0000100 0000010 0010001]0010101
[1010000 0110000 0010000 0001000 0000100 0000010 0000001]0000000
[1010111 0100000 0010000 0011100 0000100 0000010 0000001]0010111
stabSize=64

anf=abc+e+ae+bde+df+g+abg+adg+afg
[1001111 0110000 0010000 0011000 0010100 0000010 0000001]0010000
[1010111 0100000 0010000 0011100 0000100 0000010 0000001]0010111
[1000101 0100101 0010000 0001000 0000100 0010010 0000001]0000101
[1000010 0100010 0010000 0001100 0000100 0000010 0010001]0000010
stabSize=128

anf=1+abc+e+ae+bde+df+g+abg+adg+afg
[1001111 0110000 0010000 0011000 0010100 0000010 0000001]0010000
[1010111 0100000 0010000 0011100 0000100 0000010 0000001]0010111
[1000101 0100101 0010000 0001000 0000100 0010010 0000001]0000101
[1000010 0100010 0010000 0001100 0000100 0000010 0010001]0000010
stabSize=128

anf=abc+ae+bde+df+g+abg+adg+afg
[1010100 0100010 0010000 0011000 0000100 0000010 0010001]0010100
[1010100 0110100 0010000 0011000 0000100 0000010 0000001]0010100
[1001111 0110010 0010000 0011000 0010100 0000010 0010001]0000100
stabSize=32

anf=abc+d+e+ae+bde+f+df+abg+adg+afg
[1000110 0110001 0010000 0001100 0000100 0010010 0000001]0000110
[1010111 0110111 0010000 0001100 0000100 0010010 0010001]0010111
[1010010 0110001 0010000 0011100 0000100 0010010 0000001]0010110
[1000100 0100111 0010000 0001001 0000100 0010011 0010001]0010001
[1010001 0110001 0010000 0011000 0000100 0010010 0000001]0010001
stabSize=256

anf=1+abc+d+e+ae+bde+f+df+abg+adg+afg
[1000110 0110001 0010000 0001100 0000100 0010010 0000001]0000110
[1010111 0110111 0010000 0001100 0000100 0010010 0010001]0010111
[1010010 0110001 0010000 0011100 0000100 0010010 0000001]0010110
[1000100 0100111 0010000 0001001 0000100 0010011 0010001]0010001
[1010001 0110001 0010000 0011000 0000100 0010010 0000001]0010001
stabSize=256

anf=a+abc+e+ae+bde+f+df+abg+adg+afg
[1010110 0110110 0010000 0011100 0000100 0000010 0010001]0010110
[1010010 0110001 0010000 0011100 0000100 0010010 0000001]0010110
[1011110 0110000 0010000 0011000 0010100 0000010 0000001]0000001
[1010001 0110001 0010000 0011000 0000100 0010010 0000001]0010001
[1001010 0100110 0010000 0001001 0010100 0000011 0010001]0010000
stabSize=512

anf=1+a+abc+e+ae+bde+f+df+abg+adg+afg
[1010110 0110110 0010000 0011100 0000100 0000010 0010001]0010110
[1010010 0110001 0010000 0011100 0000100 0010010 0000001]0010110
[1011110 0110000 0010000 0011000 0010100 0000010 0000001]0000001
[1010001 0110001 0010000 0011000 0000100 0010010 0000001]0010001
[1001010 0100110 0010000 0001001 0010100 0000011 0010001]0010000
stabSize=512

anf=abc+e+ae+bde+f+df+abg+adg+afg
[1010110 0110110 0010000 0011100 0000100 0000010 0010001]0010110
[1010010 0110001 0010000 0011100 0000100 0010010 0000001]0010110
[1011110 0110000 0010000 0011000 0010100 0000010 0000001]0000001
[1010001 0110001 0010000 0011000 0000100 0010010 0000001]0010001
[1001010 0100110 0010000 0001001 0010100 0000011 0010001]0010000
stabSize=512

anf=1+abc+e+ae+bde+f+df+abg+adg+afg
[1010110 0110110 0010000 0011100 0000100 0000010 0010001]0010110
[1010010 0110001 0010000 0011100 0000100 0010010 0000001]0010110
[1011110 0110000 0010000 0011000 0010100 0000010 0000001]0000001
[1010001 0110001 0010000 0011000 0000100 0010010 0000001]0010001
[1001010 0100110 0010000 0001001 0010100 0000011 0010001]0010000
stabSize=512

anf=abc+ae+bde+f+df+abg+adg+afg
[1010000 0110001 0010000 0011000 0000100 0010010 0000001]0010000
[1011010 0110000 0010000 0001000 0010100 0000010 0000001]0010001
[1011111 0100101 0010000 0011001 0010100 0000011 0000001]0000101
[1010100 0110100 0010000 0011000 0000100 0000010 0000001]0010100
[1010001 0110001 0010000 0011000 0000100 0010010 0000001]0010001
[1000100 0110100 0010000 0011000 0000100 0000010 0000001]0000100
stabSize=128

anf=1+abc+ae+bde+f+df+abg+adg+afg
[1010000 0110001 0010000 0011000 0000100 0010010 0000001]0010000
[1011010 0110000 0010000 0001000 0010100 0000010 0000001]0010001
[1011111 0100101 0010000 0011001 0010100 0000011 0000001]0000101
[1010100 0110100 0010000 0011000 0000100 0000010 0000001]0010100
[1010001 0110001 0010000 0011000 0000100 0010010 0000001]0010001
[1000100 0110100 0010000 0011000 0000100 0000010 0000001]0000100
stabSize=128

anf=abc+d+e+ae+bde+df+abg+adg+afg
[1000000 0110001 0010000 0011000 0000100 0010010 0000001]0000000
[1000001 0110001 0010000 0011000 0000100 0010010 0000001]0000001
[1011110 0100000 0010000 0001001 0010100 0010011 0000001]0000000
[1000010 0100010 0010000 0001100 0000100 0000010 0010001]0000010
[1011110 0110000 0010000 0011000 0010100 0000010 0000001]0000001
stabSize=256

anf=1+abc+d+e+ae+bde+df+abg+adg+afg
[1000000 0110001 0010000 0011000 0000100 0010010 0000001]0000000
[1000001 0110001 0010000 0011000 0000100 0010010 0000001]0000001
[1011110 0100000 0010000 0001001 0010100 0010011 0000001]0000000
[1000010 0100010 0010000 0001100 0000100 0000010 0010001]0000010
[1011110 0110000 0010000 0011000 0010100 0000010 0000001]0000001
stabSize=256

anf=abc+e+ae+bde+df+abg+adg+afg
[1000010 0100010 0010000 0001100 0000100 0000010 0010001]0000010
[1000000 0100001 0010000 0001001 0000100 0000011 0000001]0000001
[1010001 0110001 0010000 0011000 0000100 0010010 0000001]0010001
[1010011 0100011 0010000 0011100 0000100 0010010 0010001]0010011
[1010010 0100011 0010000 0011100 0000100 0010010 0010001]0010010
[1000111 0110011 0010000 0001100 0000100 0010010 0010001]0010011
stabSize=128

anf=c+abc+ae+bde+df+abg+adg+afg
[1000111 0100000 0010000 0011100 0000100 0000010 0000001]0000111
[1000001 0100001 0010000 0001001 0000100 0000011 0000001]0000000
[1010110 0100101 0010000 0011101 0000100 0000011 0000001]0000011
stabSize=16

anf=1+c+abc+ae+bde+df+abg+adg+afg
[1000111 0100000 0010000 0011100 0000100 0000010 0000001]0000111
[1000001 0100001 0010000 0001001 0000100 0000011 0000001]0000000
[1010110 0100101 0010000 0011101 0000100 0000011 0000001]0000011
stabSize=16

anf=b+abc+ae+bde+df+abg+adg+afg
[1010101 0100010 0010000 0011000 0000100 0000010 0010001]0010101
[1010100 0110100 0010000 0011000 0000100 0000010 0000001]0010100
[1011110 0110000 0010000 0011000 0010100 0000010 0000001]0000001
[1011010 0100100 0010000 0011001 0010100 0010011 0000001]0000100
[1010001 0110001 0010000 0011000 0000100 0010010 0000001]0010001
stabSize=256

anf=1+b+abc+ae+bde+df+abg+adg+afg
[1010101 0100010 0010000 0011000 0000100 0000010 0010001]0010101
[1010100 0110100 0010000 0011000 0000100 0000010 0000001]0010100
[1011110 0110000 0010000 0011000 0010100 0000010 0000001]0000001
[1011010 0100100 0010000 0011001 0010100 0010011 0000001]0000100
[1010001 0110001 0010000 0011000 0000100 0010010 0000001]0010001
stabSize=256

anf=abc+ae+bde+df+abg+adg+afg
[1010101 0100010 0010000 0011000 0000100 0000010 0010001]0010101
[1010100 0110100 0010000 0011000 0000100 0000010 0000001]0010100
[1011110 0110000 0010000 0011000 0010100 0000010 0000001]0000001
[1011010 0100100 0010000 0011001 0010100 0010011 0000001]0000100
[1010001 0110001 0010000 0011000 0000100 0010010 0000001]0010001
stabSize=256

anf=1+abc+ae+bde+df+abg+adg+afg
[1010101 0100010 0010000 0011000 0000100 0000010 0010001]0010101
[1010100 0110100 0010000 0011000 0000100 0000010 0000001]0010100
[1011110 0110000 0010000 0011000 0010100 0000010 0000001]0000001
[1011010 0100100 0010000 0011001 0010100 0010011 0000001]0000100
[1010001 0110001 0010000 0011000 0000100 0010010 0000001]0010001
stabSize=256

anf=c+ac+bc+abc+e+bde+df+g+abg+adg+afg
[1000111 0110000 0010000 0011000 0000100 0000010 0000001]0000111
[0111001 1011110 0010000 0011101 0000001 0001110 0000100]0001011
[1000000 0110000 0010000 0001000 0000100 0000010 0000001]0000000
stabSize=32

anf=1+c+ac+bc+abc+e+bde+df+g+abg+adg+afg
[1000111 0110000 0010000 0011000 0000100 0000010 0000001]0000111
[0111001 1011110 0010000 0011101 0000001 0001110 0000100]0001011
[1000000 0110000 0010000 0001000 0000100 0000010 0000001]0000000
stabSize=32

anf=ac+bc+abc+e+bde+df+g+abg+adg+afg
[0101001 1011111 0010000 0011100 0000001 0001110 0000100]0001011
[1000111 0110100 0010000 0011100 0000100 0000010 0000001]0000111
stabSize=16

anf=a+c+ac+bc+abc+e+bde+f+df+abg+adg+afg
[1000001 0111010 0010000 0011001 0000100 0010011 0000001]0001011
[1010111 0110001 0010000 0011001 0000100 0000011 0000001]0000110
[1000000 0110000 0010000 0001000 0000100 0000010 0000001]0000000
[1000110 0110000 0010000 0011000 0000100 0000010 0000001]0000110
stabSize=64

anf=1+a+c+ac+bc+abc+e+bde+f+df+abg+adg+afg
[1000001 0111010 0010000 0011001 0000100 0010011 0000001]0001011
[1010111 0110001 0010000 0011001 0000100 0000011 0000001]0000110
[1000000 0110000 0010000 0001000 0000100 0000010 0000001]0000000
[1000110 0110000 0010000 0011000 0000100 0000010 0000001]0000110
stabSize=64

anf=c+ac+bc+abc+e+bde+f+df+abg+adg+afg
[1000001 0111010 0010000 0011001 0000100 0010011 0000001]0001011
[1010111 0110001 0010000 0011001 0000100 0000011 0000001]0000110
[1000000 0110000 0010000 0001000 0000100 0000010 0000001]0000000
[1000110 0110000 0010000 0011000 0000100 0000010 0000001]0000110
stabSize=64

anf=1+c+ac+bc+abc+e+bde+f+df+abg+adg+afg
[1000001 0111010 0010000 0011001 0000100 0010011 0000001]0001011
[1010111 0110001 0010000 0011001 0000100 0000011 0000001]0000110
[1000000 0110000 0010000 0001000 0000100 0000010 0000001]0000000
[1000110 0110000 0010000 0011000 0000100 0000010 0000001]0000110
stabSize=64

anf=c+ac+bc+abc+d+bde+f+df+abg+adg+afg
[1000001 0110000 0010000 0001000 0000100 0000010 0000001]0000001
[1000000 0110000 0010000 0001000 0000100 0000010 0000001]0000000
[0101001 1001101 0010000 0001001 0000001 0011010 0000100]0011000
[1000000 0100100 0010000 0001100 0000100 0000010 0000001]0000000
stabSize=128

anf=1+c+ac+bc+abc+d+bde+f+df+abg+adg+afg
[1000001 0110000 0010000 0001000 0000100 0000010 0000001]0000001
[1000000 0110000 0010000 0001000 0000100 0000010 0000001]0000000
[0101001 1001101 0010000 0001001 0000001 0011010 0000100]0011000
[1000000 0100100 0010000 0001100 0000100 0000010 0000001]0000000
stabSize=128

anf=c+ac+bc+abc+e+bde+df+abg+adg+afg
[1000001 0100000 0010000 0001000 0000100 0000010 0000001]0000001
[1010000 0100001 0010000 0001001 0000100 0000011 0000001]0000001
[1000000 0101111 0010000 0011000 0000100 0010010 0000001]0001111
[1000000 0110000 0010000 0001000 0000100 0000010 0000001]0000000
[1010000 0110000 0010000 0001000 0000100 0000010 0000001]0000000
stabSize=32

anf=1+c+ac+bc+abc+e+bde+df+abg+adg+afg
[1000001 0100000 0010000 0001000 0000100 0000010 0000001]0000001
[1010000 0100001 0010000 0001001 0000100 0000011 0000001]0000001
[1000000 0101111 0010000 0011000 0000100 0010010 0000001]0001111
[1000000 0110000 0010000 0001000 0000100 0000010 0000001]0000000
[1010000 0110000 0010000 0001000 0000100 0000010 0000001]0000000
stabSize=32

anf=ac+bc+abc+e+bde+df+abg+adg+afg
[1010111 0100000 0010000 0011100 0000100 0000010 0000001]0000011
[1010111 0100001 0010000 0011101 0000100 0000011 0000001]0000010
stabSize=8

anf=a+b+c+ac+bc+abc+d+bde+df+abg+adg+afg
[1000000 0110000 0010000 0001000 0000100 0000010 0000001]0000000
[1000110 0110000 0010000 0011000 0000100 0000010 0000001]0000110
[0111001 1001110 0010000 0011100 0000001 0001110 0000100]0001010
[1000111 0100100 0010000 0011100 0000100 0000010 0000001]0000111
stabSize=512

anf=1+a+b+c+ac+bc+abc+d+bde+df+abg+adg+afg
[1000000 0110000 0010000 0001000 0000100 0000010 0000001]0000000
[1000110 0110000 0010000 0011000 0000100 0000010 0000001]0000110
[0111001 1001110 0010000 0011100 0000001 0001110 0000100]0001010
[1000111 0100100 0010000 0011100 0000100 0000010 0000001]0000111
stabSize=512

anf=a+c+ac+bc+abc+d+bde+df+abg+adg+afg
[1010111 0111010 0010000 0001101 0000100 0010011 0000001]0011001
[1000000 0110000 0010000 0001000 0000100 0000010 0000001]0000000
[1000110 0110000 0010000 0011000 0000100 0000010 0000001]0000110
[1010110 0111111 0010000 0001000 0000100 0010010 0000001]0011001
[1000111 0100100 0010000 0011100 0000100 0000010 0000001]0000111
stabSize=256

anf=1+a+c+ac+bc+abc+d+bde+df+abg+adg+afg
[1010111 0111010 0010000 0001101 0000100 0010011 0000001]0011001
[1000000 0110000 0010000 0001000 0000100 0000010 0000001]0000000
[1000110 0110000 0010000 0011000 0000100 0000010 0000001]0000110
[1010110 0111111 0010000 0001000 0000100 0010010 0000001]0011001
[1000111 0100100 0010000 0011100 0000100 0000010 0000001]0000111
stabSize=256

anf=c+ac+bc+abc+d+bde+df+abg+adg+afg
[1000000 0110000 0010000 0001000 0000100 0000010 0000001]0000000
[1000110 0110000 0010000 0011000 0000100 0000010 0000001]0000110
[0111001 1001110 0010000 0011100 0000001 0001110 0000100]0001010
[1000111 0100100 0010000 0011100 0000100 0000010 0000001]0000111
stabSize=512

anf=1+c+ac+bc+abc+d+bde+df+abg+adg+afg
[1000000 0110000 0010000 0001000 0000100 0000010 0000001]0000000
[1000110 0110000 0010000 0011000 0000100 0000010 0000001]0000110
[0111001 1001110 0010000 0011100 0000001 0001110 0000100]0001010
[1000111 0100100 0010000 0011100 0000100 0000010 0000001]0000111
stabSize=512

anf=a+c+ac+bc+abc+bde+df+abg+adg+afg
[1000110 0100101 0010000 0011001 0000100 0000011 0000001]0000011
[1010001 0110101 0010000 0001101 0000100 0000011 0000001]0000000
[1000000 0110000 0010000 0001000 0000100 0000010 0000001]0000000
[1000110 0110000 0010000 0011000 0000100 0000010 0000001]0000110
[1000111 0100100 0010000 0011100 0000100 0000010 0000001]0000111
[1010000 0110000 0010000 0001000 0000100 0000010 0000001]0000000
stabSize=128

anf=1+a+c+ac+bc+abc+bde+df+abg+adg+afg
[1000110 0100101 0010000 0011001 0000100 0000011 0000001]0000011
[1010001 0110101 0010000 0001101 0000100 0000011 0000001]0000000
[1000000 0110000 0010000 0001000 0000100 0000010 0000001]0000000
[1000110 0110000 0010000 0011000 0000100 0000010 0000001]0000110
[1000111 0100100 0010000 0011100 0000100 0000010 0000001]0000111
[1010000 0110000 0010000 0001000 0000100 0000010 0000001]0000000
stabSize=128

anf=c+ac+bc+abc+bde+df+abg+adg+afg
[1000110 0100101 0010000 0011001 0000100 0000011 0000001]0000011
[1010001 0110101 0010000 0001101 0000100 0000011 0000001]0000000
[1000000 0110000 0010000 0001000 0000100 0000010 0000001]0000000
[1000110 0110000 0010000 0011000 0000100 0000010 0000001]0000110
[1000111 0100100 0010000 0011100 0000100 0000010 0000001]0000111
[1010000 0110000 0010000 0001000 0000100 0000010 0000001]0000000
stabSize=128

anf=1+c+ac+bc+abc+bde+df+abg+adg+afg
[1000110 0100101 0010000 0011001 0000100 0000011 0000001]0000011
[1010001 0110101 0010000 0001101 0000100 0000011 0000001]0000000
[1000000 0110000 0010000 0001000 0000100 0000010 0000001]0000000
[1000110 0110000 0010000 0011000 0000100 0000010 0000001]0000110
[1000111 0100100 0010000 0011100 0000100 0000010 0000001]0000111
[1010000 0110000 0010000 0001000 0000100 0000010 0000001]0000000
stabSize=128

anf=ac+bc+abc+bde+df+abg+adg+afg
[1000000 0100100 0010000 0001100 0000100 0000010 0000001]0000000
[1000001 0100100 0010000 0001100 0000100 0000010 0000001]0000001
[0111101 1011001 0010000 0001101 0000001 0011110 0000100]0011000
stabSize=32

anf=1+ac+bc+abc+bde+df+abg+adg+afg
[1000000 0100100 0010000 0001100 0000100 0000010 0000001]0000000
[1000001 0100100 0010000 0001100 0000100 0000010 0000001]0000001
[0111101 1011001 0010000 0001101 0000001 0011110 0000100]0011000
stabSize=32

anf=ac+abc+e+bde+df+g+abg+adg+afg
[1010111 0110010 0010000 0011000 0000100 0000010 0010001]0010101
[1000000 0100111 0010000 0011100 0000100 0010010 0010001]0010111
[1010111 0100000 0010000 0011100 0000100 0000010 0000001]0010111
[1010000 0110000 0010000 0001000 0000100 0000010 0000001]0010000
stabSize=32

anf=1+ac+abc+e+bde+df+g+abg+adg+afg
[1010111 0110010 0010000 0011000 0000100 0000010 0010001]0010101
[1000000 0100111 0010000 0011100 0000100 0010010 0010001]0010111
[1010111 0100000 0010000 0011100 0000100 0000010 0000001]0010111
[1010000 0110000 0010000 0001000 0000100 0000010 0000001]0010000
stabSize=32

anf=ac+abc+bde+df+g+abg+adg+afg
[1010110 0110010 0010000 0011000 0000100 0000010 0010001]0010100
[1010000 0100000 0010000 0001000 0000100 0000010 0000001]0010000
[1000110 0110010 0010000 0011100 0000100 0000010 0010001]0000000
[1000000 0100100 0010000 0001100 0000100 0000010 0000001]0000000
[1010000 0110000 0010000 0001000 0000100 0000010 0000001]0010000
stabSize=32

anf=1+ac+abc+bde+df+g+abg+adg+afg
[1010110 0110010 0010000 0011000 0000100 0000010 0010001]0010100
[1010000 0100000 0010000 0001000 0000100 0000010 0000001]0010000
[1000110 0110010 0010000 0011100 0000100 0000010 0010001]0000000
[1000000 0100100 0010000 0001100 0000100 0000010 0000001]0000000
[1010000 0110000 0010000 0001000 0000100 0000010 0000001]0010000
stabSize=32

anf=a+ac+abc+e+bde+f+df+abg+adg+afg
[1000000 0100000 0010000 0011001 0000100 0010011 0000001]0000000
[1000000 0100111 0010000 0011101 0000100 0010011 0010001]0010111
[1010111 0100000 0010000 0011100 0000100 0000010 0000001]0010111
[1010000 0110000 0010000 0001000 0000100 0000010 0000001]0010000
stabSize=128

anf=1+a+ac+abc+e+bde+f+df+abg+adg+afg
[1000000 0100000 0010000 0011001 0000100 0010011 0000001]0000000
[1000000 0100111 0010000 0011101 0000100 0010011 0010001]0010111
[1010111 0100000 0010000 0011100 0000100 0000010 0000001]0010111
[1010000 0110000 0010000 0001000 0000100 0000010 0000001]0010000
stabSize=128

anf=ac+abc+e+bde+f+df+abg+adg+afg
[1000000 0100000 0010000 0011001 0000100 0010011 0000001]0000000
[1000000 0100111 0010000 0011101 0000100 0010011 0010001]0010111
[1010111 0100000 0010000 0011100 0000100 0000010 0000001]0010111
[1010000 0110000 0010000 0001000 0000100 0000010 0000001]0010000
stabSize=128

anf=1+ac+abc+e+bde+f+df+abg+adg+afg
[1000000 0100000 0010000 0011001 0000100 0010011 0000001]0000000
[1000000 0100111 0010000 0011101 0000100 0010011 0010001]0010111
[1010111 0100000 0010000 0011100 0000100 0000010 0000001]0010111
[1010000 0110000 0010000 0001000 0000100 0000010 0000001]0010000
stabSize=128

anf=a+ac+abc+bde+f+df+abg+adg+afg
[1010001 0100100 0010000 0011101 0000100 0010011 0000001]0010001
[1010000 0100000 0010000 0001000 0000100 0000010 0000001]0010000
[1000000 0100000 0010000 0011001 0000100 0010011 0000001]0000000
[1000000 0100100 0010000 0011101 0000100 0010011 0000001]0000000
[1000001 0100001 0010000 0011100 0000100 0010010 0000001]0000100
[1000000 0100001 0010000 0011000 0000100 0010010 0000001]0000001
[1010000 0110000 0010000 0001000 0000100 0000010 0000001]0010000
stabSize=128

anf=1+a+ac+abc+bde+f+df+abg+adg+afg
[1010001 0100100 0010000 0011101 0000100 0010011 0000001]0010001
[1010000 0100000 0010000 0001000 0000100 0000010 0000001]0010000
[1000000 0100000 0010000 0011001 0000100 0010011 0000001]0000000
[1000000 0100100 0010000 0011101 0000100 0010011 0000001]0000000
[1000001 0100001 0010000 0011100 0000100 0010010 0000001]0000100
[1000000 0100001 0010000 0011000 0000100 0010010 0000001]0000001
[1010000 0110000 0010000 0001000 0000100 0000010 0000001]0010000
stabSize=128

anf=ac+abc+bde+f+df+abg+adg+afg
[1010001 0100100 0010000 0011101 0000100 0010011 0000001]0010001
[1010000 0100000 0010000 0001000 0000100 0000010 0000001]0010000
[1000000 0100000 0010000 0011001 0000100 0010011 0000001]0000000
[1000000 0100100 0010000 0011101 0000100 0010011 0000001]0000000
[1000001 0100001 0010000 0011100 0000100 0010010 0000001]0000100
[1000000 0100001 0010000 0011000 0000100 0010010 0000001]0000001
[1010000 0110000 0010000 0001000 0000100 0000010 0000001]0010000
stabSize=128

anf=1+ac+abc+bde+f+df+abg+adg+afg
[1010001 0100100 0010000 0011101 0000100 0010011 0000001]0010001
[1010000 0100000 0010000 0001000 0000100 0000010 0000001]0010000
[1000000 0100000 0010000 0011001 0000100 0010011 0000001]0000000
[1000000 0100100 0010000 0011101 0000100 0010011 0000001]0000000
[1000001 0100001 0010000 0011100 0000100 0010010 0000001]0000100
[1000000 0100001 0010000 0011000 0000100 0010010 0000001]0000001
[1010000 0110000 0010000 0001000 0000100 0000010 0000001]0010000
stabSize=128

anf=c+ac+abc+e+bde+df+abg+adg+afg
[1010110 0110100 0010000 0011000 0000100 0000010 0000001]0010110
[1000000 0100001 0010000 0001001 0000100 0000011 0000001]0000001
stabSize=8

anf=ac+abc+e+bde+df+abg+adg+afg
[1010001 0100000 0010000 0001000 0000100 0000010 0000001]0010001
[1000000 0100000 0010000 0011001 0000100 0010011 0000001]0000000
[1000001 0100011 0010000 0011100 0000100 0010010 0010001]0010010
[1010000 0110000 0010000 0001000 0000100 0000010 0000001]0010000
stabSize=64

anf=1+ac+abc+e+bde+df+abg+adg+afg
[1010001 0100000 0010000 0001000 0000100 0000010 0000001]0010001
[1000000 0100000 0010000 0011001 0000100 0010011 0000001]0000000
[1000001 0100011 0010000 0011100 0000100 0010010 0010001]0010010
[1010000 0110000 0010000 0001000 0000100 0000010 0000001]0010000
stabSize=64

anf=c+ac+abc+d+bde+df+abg+adg+afg
[1000111 0100000 0010000 0011100 0000100 0000010 0000001]0000111
[1000001 0100000 0010000 0001100 0000100 0000010 0000001]0000101
[1000001 0100000 0010000 0001000 0000100 0000010 0000001]0000001
[1000000 0100100 0010000 0001100 0000100 0000010 0000001]0000000
[1000001 0100101 0010000 0001001 0000100 0000011 0000001]0000100
stabSize=32

anf=1+c+ac+abc+d+bde+df+abg+adg+afg
[1000111 0100000 0010000 0011100 0000100 0000010 0000001]0000111
[1000001 0100000 0010000 0001100 0000100 0000010 0000001]0000101
[1000001 0100000 0010000 0001000 0000100 0000010 0000001]0000001
[1000000 0100100 0010000 0001100 0000100 0000010 0000001]0000000
[1000001 0100101 0010000 0001001 0000100 0000011 0000001]0000100
stabSize=32

anf=c+ac+abc+bde+df+abg+adg+afg
[1000111 0100000 0010000 0011100 0000100 0000010 0000001]0000111
[1000001 0100000 0010000 0001100 0000100 0000010 0000001]0000101
[1000001 0100000 0010000 0001000 0000100 0000010 0000001]0000001
[1000000 0100100 0010000 0001100 0000100 0000010 0000001]0000000
[1000001 0100101 0010000 0001001 0000100 0000011 0000001]0000100
stabSize=32

anf=1+c+ac+abc+bde+df+abg+adg+afg
[1000111 0100000 0010000 0011100 0000100 0000010 0000001]0000111
[1000001 0100000 0010000 0001100 0000100 0000010 0000001]0000101
[1000001 0100000 0010000 0001000 0000100 0000010 0000001]0000001
[1000000 0100100 0010000 0001100 0000100 0000010 0000001]0000000
[1000001 0100101 0010000 0001001 0000100 0000011 0000001]0000100
stabSize=32

anf=a+b+ac+abc+bde+df+abg+adg+afg
[1000000 0100000 0010000 0011001 0000100 0010011 0000001]0000000
[1000000 0100100 0010000 0011101 0000100 0010011 0000001]0000000
[1010111 0110010 0010000 0011100 0000100 0000010 0010001]0010001
[1000001 0100001 0010000 0011100 0000100 0010010 0000001]0000100
[1010001 0100100 0010000 0011101 0000100 0010011 0000001]0010001
[1010000 0110000 0010000 0001000 0000100 0000010 0000001]0010000
stabSize=256

anf=1+a+b+ac+abc+bde+df+abg+adg+afg
[1000000 0100000 0010000 0011001 0000100 0010011 0000001]0000000
[1000000 0100100 0010000 0011101 0000100 0010011 0000001]0000000
[1010111 0110010 0010000 0011100 0000100 0000010 0010001]0010001
[1000001 0100001 0010000 0011100 0000100 0010010 0000001]0000100
[1010001 0100100 0010000 0011101 0000100 0010011 0000001]0010001
[1010000 0110000 0010000 0001000 0000100 0000010 0000001]0010000
stabSize=256

anf=b+ac+abc+bde+df+abg+adg+afg
[1000000 0100000 0010000 0011001 0000100 0010011 0000001]0000000
[1000000 0100100 0010000 0011101 0000100 0010011 0000001]0000000
[1010111 0110010 0010000 0011100 0000100 0000010 0010001]0010001
[1000001 0100001 0010000 0011100 0000100 0010010 0000001]0000100
[1010001 0100100 0010000 0011101 0000100 0010011 0000001]0010001
[1010000 0110000 0010000 0001000 0000100 0000010 0000001]0010000
stabSize=256

anf=1+b+ac+abc+bde+df+abg+adg+afg
[1000000 0100000 0010000 0011001 0000100 0010011 0000001]0000000
[1000000 0100100 0010000 0011101 0000100 0010011 0000001]0000000
[1010111 0110010 0010000 0011100 0000100 0000010 0010001]0010001
[1000001 0100001 0010000 0011100 0000100 0010010 0000001]0000100
[1010001 0100100 0010000 0011101 0000100 0010011 0000001]0010001
[1010000 0110000 0010000 0001000 0000100 0000010 0000001]0010000
stabSize=256

anf=a+ac+abc+bde+df+abg+adg+afg
[1000000 0100000 0010000 0011001 0000100 0010011 0000001]0000000
[1000000 0100100 0010000 0011101 0000100 0010011 0000001]0000000
[1010111 0110010 0010000 0011100 0000100 0000010 0010001]0010001
[1000001 0100001 0010000 0011100 0000100 0010010 0000001]0000100
[1010001 0100100 0010000 0011101 0000100 0010011 0000001]0010001
[1010000 0110000 0010000 0001000 0000100 0000010 0000001]0010000
stabSize=256

anf=1+a+ac+abc+bde+df+abg+adg+afg
[1000000 0100000 0010000 0011001 0000100 0010011 0000001]0000000
[1000000 0100100 0010000 0011101 0000100 0010011 0000001]0000000
[1010111 0110010 0010000 0011100 0000100 0000010 0010001]0010001
[1000001 0100001 0010000 0011100 0000100 0010010 0000001]0000100
[1010001 0100100 0010000 0011101 0000100 0010011 0000001]0010001
[1010000 0110000 0010000 0001000 0000100 0000010 0000001]0010000
stabSize=256

anf=ac+abc+bde+df+abg+adg+afg
[1000000 0100000 0010000 0011001 0000100 0010011 0000001]0000000
[1000000 0100100 0010000 0011101 0000100 0010011 0000001]0000000
[1010111 0110010 0010000 0011100 0000100 0000010 0010001]0010001
[1000001 0100001 0010000 0011100 0000100 0010010 0000001]0000100
[1010001 0100100 0010000 0011101 0000100 0010011 0000001]0010001
[1010000 0110000 0010000 0001000 0000100 0000010 0000001]0010000
stabSize=256

anf=1+ac+abc+bde+df+abg+adg+afg
[1000000 0100000 0010000 0011001 0000100 0010011 0000001]0000000
[1000000 0100100 0010000 0011101 0000100 0010011 0000001]0000000
[1010111 0110010 0010000 0011100 0000100 0000010 0010001]0010001
[1000001 0100001 0010000 0011100 0000100 0010010 0000001]0000100
[1010001 0100100 0010000 0011101 0000100 0010011 0000001]0010001
[1010000 0110000 0010000 0001000 0000100 0000010 0000001]0010000
stabSize=256

anf=abc+e+bde+df+g+abg+adg+afg
[1000101 0100010 0010000 0011000 0000100 0000010 0010001]0000101
[0100000 1010000 0010000 0011101 0010001 0001110 0010100]0000101
[1010101 0110101 0010000 0001000 0000100 0010010 0000001]0010101
stabSize=64

anf=abc+e+bde+f+df+abg+adg+afg
[1011011 0100000 0010000 0001000 0010100 0000010 0000001]0000000
[1010001 0110001 0010000 0011000 0000100 0010010 0000001]0010001
[1001011 0100110 0010000 0001001 0010100 0000011 0010001]0000001
[1010001 0100110 0010000 0001000 0000100 0000010 0010001]0010001
stabSize=128

anf=1+abc+e+bde+f+df+abg+adg+afg
[1011011 0100000 0010000 0001000 0010100 0000010 0000001]0000000
[1010001 0110001 0010000 0011000 0000100 0010010 0000001]0010001
[1001011 0100110 0010000 0001001 0010100 0000011 0010001]0000001
[1010001 0100110 0010000 0001000 0000100 0000010 0010001]0010001
stabSize=128

anf=abc+d+bde+f+df+abg+adg+afg
[1000100 0100100 0010000 0011000 0000100 0000010 0000001]0000100
[1010001 0100100 0010000 0001100 0000100 0000010 0000001]0010001
[0110000 1000100 0010000 0011000 0010001 0011010 0010100]0010000
[1000000 0110001 0010000 0011000 0000100 0010010 0000001]0000000
[1010100 0100100 0010000 0011000 0000100 0000010 0000001]0010100
stabSize=512

anf=1+abc+d+bde+f+df+abg+adg+afg
[1000100 0100100 0010000 0011000 0000100 0000010 0000001]0000100
[1010001 0100100 0010000 0001100 0000100 0000010 0000001]0010001
[0110000 1000100 0010000 0011000 0010001 0011010 0010100]0010000
[1000000 0110001 0010000 0011000 0000100 0010010 0000001]0000000
[1010100 0100100 0010000 0011000 0000100 0000010 0000001]0010100
stabSize=512

anf=abc+e+bde+df+abg+adg+afg
[1010001 0110001 0010000 0011000 0000100 0010010 0000001]0010001
[1011110 0100000 0010000 0001001 0010100 0010011 0000001]0000000
[1010000 0100000 0010000 0001000 0000100 0000010 0000001]0010000
[1000001 0110000 0010000 0011001 0000100 0010011 0000001]0000000
[1010000 0110000 0010000 0001000 0000100 0000010 0000001]0000000
[1000000 0110001 0010000 0011000 0000100 0010010 0000001]0000000
stabSize=64

anf=a+b+abc+d+bde+df+abg+adg+afg
[1010001 0100111 0010000 0011000 0000100 0010010 0010001]0010001
[1010001 0110101 0010000 0001001 0000100 0000011 0000001]0000100
[1000100 0100100 0010000 0011000 0000100 0000010 0000001]0000100
[0110111 1000101 0010000 0001000 0000001 0011010 0010100]0010001
stabSize=2048

anf=1+a+b+abc+d+bde+df+abg+adg+afg
[1010001 0100111 0010000 0011000 0000100 0010010 0010001]0010001
[1010001 0110101 0010000 0001001 0000100 0000011 0000001]0000100
[1000100 0100100 0010000 0011000 0000100 0000010 0000001]0000100
[0110111 1000101 0010000 0001000 0000001 0011010 0010100]0010001
stabSize=2048

anf=a+abc+d+bde+df+abg+adg+afg
[1000101 0100100 0010000 0011100 0000100 0000010 0000001]0000001
[1010001 0110001 0010000 0011000 0000100 0010010 0000001]0010001
[1011010 0100010 0010000 0001000 0010100 0000010 0010001]0010101
[1010001 0100111 0010000 0011000 0000100 0010010 0010001]0010001
[1010001 0110101 0010000 0001001 0000100 0000011 0000001]0000100
[1000100 0100100 0010000 0011000 0000100 0000010 0000001]0000100
stabSize=1024

anf=1+a+abc+d+bde+df+abg+adg+afg
[1000101 0100100 0010000 0011100 0000100 0000010 0000001]0000001
[1010001 0110001 0010000 0011000 0000100 0010010 0000001]0010001
[1011010 0100010 0010000 0001000 0010100 0000010 0010001]0010101
[1010001 0100111 0010000 0011000 0000100 0010010 0010001]0010001
[1010001 0110101 0010000 0001001 0000100 0000011 0000001]0000100
[1000100 0100100 0010000 0011000 0000100 0000010 0000001]0000100
stabSize=1024

anf=abc+d+bde+df+abg+adg+afg
[1010001 0100111 0010000 0011000 0000100 0010010 0010001]0010001
[1010001 0110101 0010000 0001001 0000100 0000011 0000001]0000100
[1000100 0100100 0010000 0011000 0000100 0000010 0000001]0000100
[0110111 1000101 0010000 0001000 0000001 0011010 0010100]0010001
stabSize=2048

anf=1+abc+d+bde+df+abg+adg+afg
[1010001 0100111 0010000 0011000 0000100 0010010 0010001]0010001
[1010001 0110101 0010000 0001001 0000100 0000011 0000001]0000100
[1000100 0100100 0010000 0011000 0000100 0000010 0000001]0000100
[0110111 1000101 0010000 0001000 0000001 0011010 0010100]0010001
stabSize=2048

anf=c+abc+bde+df+abg+adg+afg
[0100011 1011011 0010000 0001101 0000001 0011110 0000100]0000001
[0100111 1011111 0010000 0001001 0000001 0011010 0000100]0000001
[1000001 0100100 0010000 0001100 0000100 0000010 0000001]0000001
stabSize=32

anf=1+c+abc+bde+df+abg+adg+afg
[0100011 1011011 0010000 0001101 0000001 0011110 0000100]0000001
[0100111 1011111 0010000 0001001 0000001 0011010 0000100]0000001
[1000001 0100100 0010000 0001100 0000100 0000010 0000001]0000001
stabSize=32

anf=b+abc+bde+df+abg+adg+afg
[1000001 0100100 0010000 0001100 0000100 0000010 0000001]0000001
[1000101 0100100 0010000 0011100 0000100 0000010 0000001]0000001
[1010001 0110001 0010000 0011000 0000100 0010010 0000001]0010001
[1010001 0100111 0010000 0011000 0000100 0010010 0010001]0010001
[1010001 0110101 0010000 0001001 0000100 0000011 0000001]0000100
[1000100 0100100 0010000 0011000 0000100 0000010 0000001]0000100
[1000001 0100110 0010000 0001000 0000100 0000010 0010001]0000001
stabSize=512

anf=1+b+abc+bde+df+abg+adg+afg
[1000001 0100100 0010000 0001100 0000100 0000010 0000001]0000001
[1000101 0100100 0010000 0011100 0000100 0000010 0000001]0000001
[1010001 0110001 0010000 0011000 0000100 0010010 0000001]0010001
[1010001 0100111 0010000 0011000 0000100 0010010 0010001]0010001
[1010001 0110101 0010000 0001001 0000100 0000011 0000001]0000100
[1000100 0100100 0010000 0011000 0000100 0000010 0000001]0000100
[1000001 0100110 0010000 0001000 0000100 0000010 0010001]0000001
stabSize=512

anf=abc+bde+df+abg+adg+afg
[1000001 0100100 0010000 0001100 0000100 0000010 0000001]0000001
[1000101 0100100 0010000 0011100 0000100 0000010 0000001]0000001
[1010001 0110001 0010000 0011000 0000100 0010010 0000001]0010001
[1010001 0100111 0010000 0011000 0000100 0010010 0010001]0010001
[1010001 0110101 0010000 0001001 0000100 0000011 0000001]0000100
[1000100 0100100 0010000 0011000 0000100 0000010 0000001]0000100
[1000001 0100110 0010000 0001000 0000100 0000010 0010001]0000001
stabSize=512

anf=1+abc+bde+df+abg+adg+afg
[1000001 0100100 0010000 0001100 0000100 0000010 0000001]0000001
[1000101 0100100 0010000 0011100 0000100 0000010 0000001]0000001
[1010001 0110001 0010000 0011000 0000100 0010010 0000001]0010001
[1010001 0100111 0010000 0011000 0000100 0010010 0010001]0010001
[1010001 0110101 0010000 0001001 0000100 0000011 0000001]0000100
[1000100 0100100 0010000 0011000 0000100 0000010 0000001]0000100
[1000001 0100110 0010000 0001000 0000100 0000010 0010001]0000001
stabSize=512

anf=b+c+abc+e+ae+bde+cf+g+abg+adg+afg
[1000101 0100101 0010000 0001000 0000100 0010010 0000001]0000101
[1010001 0100101 0010000 0001101 0000100 0000011 0000001]0010001
stabSize=4

anf=1+b+c+abc+e+ae+bde+cf+g+abg+adg+afg
[1000101 0100101 0010000 0001000 0000100 0010010 0000001]0000101
[1010001 0100101 0010000 0001101 0000100 0000011 0000001]0010001
stabSize=4

anf=c+abc+e+ae+bde+cf+g+abg+adg+afg
[1000101 0100101 0010000 0001000 0000100 0010010 0000001]0000101
[1010001 0100101 0010000 0001101 0000100 0000011 0000001]0010001
stabSize=4

anf=1+c+abc+e+ae+bde+cf+g+abg+adg+afg
[1000101 0100101 0010000 0001000 0000100 0010010 0000001]0000101
[1010001 0100101 0010000 0001101 0000100 0000011 0000001]0010001
stabSize=4

anf=abc+e+ae+bde+cf+g+abg+adg+afg
[1010000 0100101 0010000 0001101 0000100 0000011 0000001]0010000
stabSize=2

anf=1+abc+e+ae+bde+cf+g+abg+adg+afg
[1010000 0100101 0010000 0001101 0000100 0000011 0000001]0010000
stabSize=2

anf=c+abc+ae+bde+cf+g+abg+adg+afg
stabSize=1

anf=abc+ae+bde+cf+g+abg+adg+afg
[1010001 0100000 0010000 0001100 0000100 0000010 0000001]0000100
stabSize=2

anf=1+abc+ae+bde+cf+g+abg+adg+afg
[1010001 0100000 0010000 0001100 0000100 0000010 0000001]0000100
stabSize=2

anf=a+c+abc+e+ae+bde+cf+abg+adg+afg
[1000001 0100000 0010000 0001000 0000100 0000010 0000001]0000001
[1000000 0100001 0010000 0001001 0000100 0000011 0000001]0000001
stabSize=4

anf=1+a+c+abc+e+ae+bde+cf+abg+adg+afg
[1000001 0100000 0010000 0001000 0000100 0000010 0000001]0000001
[1000000 0100001 0010000 0001001 0000100 0000011 0000001]0000001
stabSize=4

anf=c+abc+e+ae+bde+cf+abg+adg+afg
[1000001 0100000 0010000 0001000 0000100 0000010 0000001]0000001
[1000000 0100001 0010000 0001001 0000100 0000011 0000001]0000001
stabSize=4

anf=1+c+abc+e+ae+bde+cf+abg+adg+afg
[1000001 0100000 0010000 0001000 0000100 0000010 0000001]0000001
[1000000 0100001 0010000 0001001 0000100 0000011 0000001]0000001
stabSize=4

anf=a+b+abc+e+ae+bde+cf+abg+adg+afg
[1000001 0100000 0010000 0001000 0000100 0000010 0000001]0000001
[1000101 0100000 0010000 0001001 0000100 0010011 0000001]0010000
[1000000 0100001 0010000 0001001 0000100 0000011 0000001]0000001
stabSize=8

anf=1+a+b+abc+e+ae+bde+cf+abg+adg+afg
[1000001 0100000 0010000 0001000 0000100 0000010 0000001]0000001
[1000101 0100000 0010000 0001001 0000100 0010011 0000001]0010000
[1000000 0100001 0010000 0001001 0000100 0000011 0000001]0000001
stabSize=8

anf=b+abc+e+ae+bde+cf+abg+adg+afg
[1000001 0100000 0010000 0001000 0000100 0000010 0000001]0000001
[1000101 0100000 0010000 0001001 0000100 0010011 0000001]0010000
[1000000 0100001 0010000 0001001 0000100 0000011 0000001]0000001
stabSize=8

anf=1+b+abc+e+ae+bde+cf+abg+adg+afg
[1000001 0100000 0010000 0001000 0000100 0000010 0000001]0000001
[1000101 0100000 0010000 0001001 0000100 0010011 0000001]0010000
[1000000 0100001 0010000 0001001 0000100 0000011 0000001]0000001
stabSize=8

anf=a+abc+e+ae+bde+cf+abg+adg+afg
[1000001 0100000 0010000 0001000 0000100 0000010 0000001]0000001
[1000101 0100000 0010000 0001001 0000100 0010011 0000001]0010000
[1000000 0100001 0010000 0001001 0000100 0000011 0000001]0000001
stabSize=8

anf=1+a+abc+e+ae+bde+cf+abg+adg+afg
[1000001 0100000 0010000 0001000 0000100 0000010 0000001]0000001
[1000101 0100000 0010000 0001001 0000100 0010011 0000001]0010000
[1000000 0100001 0010000 0001001 0000100 0000011 0000001]0000001
stabSize=8

anf=abc+e+ae+bde+cf+abg+adg+afg
[1000001 0100000 0010000 0001000 0000100 0000010 0000001]0000001
[1000101 0100000 0010000 0001001 0000100 0010011 0000001]0010000
[1000000 0100001 0010000 0001001 0000100 0000011 0000001]0000001
stabSize=8

anf=1+abc+e+ae+bde+cf+abg+adg+afg
[1000001 0100000 0010000 0001000 0000100 0000010 0000001]0000001
[1000101 0100000 0010000 0001001 0000100 0010011 0000001]0010000
[1000000 0100001 0010000 0001001 0000100 0000011 0000001]0000001
stabSize=8

anf=a+b+c+abc+d+ae+bde+cf+abg+adg+afg
[1000100 0100101 0010000 0001000 0000100 0010010 0000001]0000100
[1000101 0100101 0010000 0001000 0000100 0010010 0000001]0000101
[1000000 0100001 0010000 0001001 0000100 0000011 0000001]0000001
[1010001 0100001 0010000 0001101 0000100 0000011 0000001]0000101
stabSize=16

anf=1+a+b+c+abc+d+ae+bde+cf+abg+adg+afg
[1000100 0100101 0010000 0001000 0000100 0010010 0000001]0000100
[1000101 0100101 0010000 0001000 0000100 0010010 0000001]0000101
[1000000 0100001 0010000 0001001 0000100 0000011 0000001]0000001
[1010001 0100001 0010000 0001101 0000100 0000011 0000001]0000101
stabSize=16

anf=b+c+abc+d+ae+bde+cf+abg+adg+afg
[1000100 0100101 0010000 0001000 0000100 0010010 0000001]0000100
[1000101 0100101 0010000 0001000 0000100 0010010 0000001]0000101
[1000000 0100001 0010000 0001001 0000100 0000011 0000001]0000001
[1010001 0100001 0010000 0001101 0000100 0000011 0000001]0000101
stabSize=16

anf=1+b+c+abc+d+ae+bde+cf+abg+adg+afg
[1000100 0100101 0010000 0001000 0000100 0010010 0000001]0000100
[1000101 0100101 0010000 0001000 0000100 0010010 0000001]0000101
[1000000 0100001 0010000 0001001 0000100 0000011 0000001]0000001
[1010001 0100001 0010000 0001101 0000100 0000011 0000001]0000101
stabSize=16

anf=a+c+abc+d+ae+bde+cf+abg+adg+afg
[1000100 0100101 0010000 0001000 0000100 0010010 0000001]0000100
[1000101 0100101 0010000 0001000 0000100 0010010 0000001]0000101
[1000000 0100001 0010000 0001001 0000100 0000011 0000001]0000001
[1010001 0100001 0010000 0001101 0000100 0000011 0000001]0000101
stabSize=16

anf=1+a+c+abc+d+ae+bde+cf+abg+adg+afg
[1000100 0100101 0010000 0001000 0000100 0010010 0000001]0000100
[1000101 0100101 0010000 0001000 0000100 0010010 0000001]0000101
[1000000 0100001 0010000 0001001 0000100 0000011 0000001]0000001
[1010001 0100001 0010000 0001101 0000100 0000011 0000001]0000101
stabSize=16

anf=c+abc+d+ae+bde+cf+abg+adg+afg
[1000100 0100101 0010000 0001000 0000100 0010010 0000001]0000100
[1000101 0100101 0010000 0001000 0000100 0010010 0000001]0000101
[1000000 0100001 0010000 0001001 0000100 0000011 0000001]0000001
[1010001 0100001 0010000 0001101 0000100 0000011 0000001]0000101
stabSize=16

anf=1+c+abc+d+ae+bde+cf+abg+adg+afg
[1000100 0100101 0010000 0001000 0000100 0010010 0000001]0000100
[1000101 0100101 0010000 0001000 0000100 0010010 0000001]0000101
[1000000 0100001 0010000 0001001 0000100 0000011 0000001]0000001
[1010001 0100001 0010000 0001101 0000100 0000011 0000001]0000101
stabSize=16

anf=b+abc+d+ae+bde+cf+abg+adg+afg
[1010101 0100000 0010000 0001101 0000100 0010011 0000001]0010101
[1010100 0100000 0010000 0001101 0000100 0010011 0000001]0010100
[1000000 0100001 0010000 0001001 0000100 0000011 0000001]0000001
stabSize=8

anf=1+b+abc+d+ae+bde+cf+abg+adg+afg
[1010101 0100000 0010000 0001101 0000100 0010011 0000001]0010101
[1010100 0100000 0010000 0001101 0000100 0010011 0000001]0010100
[1000000 0100001 0010000 0001001 0000100 0000011 0000001]0000001
stabSize=8

anf=abc+d+ae+bde+cf+abg+adg+afg
[1010101 0100000 0010000 0001101 0000100 0010011 0000001]0010101
[1010100 0100000 0010000 0001101 0000100 0010011 0000001]0010100
[1000000 0100001 0010000 0001001 0000100 0000011 0000001]0000001
stabSize=8

anf=1+abc+d+ae+bde+cf+abg+adg+afg
[1010101 0100000 0010000 0001101 0000100 0010011 0000001]0010101
[1010100 0100000 0010000 0001101 0000100 0010011 0000001]0010100
[1000000 0100001 0010000 0001001 0000100 0000011 0000001]0000001
stabSize=8

anf=a+b+c+abc+ae+bde+cf+abg+adg+afg
[1000100 0100101 0010000 0001000 0000100 0010010 0000001]0000100
[1000101 0100101 0010000 0001000 0000100 0010010 0000001]0000101
[1000000 0100001 0010000 0001001 0000100 0000011 0000001]0000001
[1010001 0100001 0010000 0001101 0000100 0000011 0000001]0000101
stabSize=16

anf=1+a+b+c+abc+ae+bde+cf+abg+adg+afg
[1000100 0100101 0010000 0001000 0000100 0010010 0000001]0000100
[1000101 0100101 0010000 0001000 0000100 0010010 0000001]0000101
[1000000 0100001 0010000 0001001 0000100 0000011 0000001]0000001
[1010001 0100001 0010000 0001101 0000100 0000011 0000001]0000101
stabSize=16

anf=b+c+abc+ae+bde+cf+abg+adg+afg
[1000100 0100101 0010000 0001000 0000100 0010010 0000001]0000100
[1000101 0100101 0010000 0001000 0000100 0010010 0000001]0000101
[1000000 0100001 0010000 0001001 0000100 0000011 0000001]0000001
[1010001 0100001 0010000 0001101 0000100 0000011 0000001]0000101
stabSize=16

anf=1+b+c+abc+ae+bde+cf+abg+adg+afg
[1000100 0100101 0010000 0001000 0000100 0010010 0000001]0000100
[1000101 0100101 0010000 0001000 0000100 0010010 0000001]0000101
[1000000 0100001 0010000 0001001 0000100 0000011 0000001]0000001
[1010001 0100001 0010000 0001101 0000100 0000011 0000001]0000101
stabSize=16

anf=a+c+abc+ae+bde+cf+abg+adg+afg
[1000100 0100101 0010000 0001000 0000100 0010010 0000001]0000100
[1000101 0100101 0010000 0001000 0000100 0010010 0000001]0000101
[1000000 0100001 0010000 0001001 0000100 0000011 0000001]0000001
[1010001 0100001 0010000 0001101 0000100 0000011 0000001]0000101
stabSize=16

anf=1+a+c+abc+ae+bde+cf+abg+adg+afg
[1000100 0100101 0010000 0001000 0000100 0010010 0000001]0000100
[1000101 0100101 0010000 0001000 0000100 0010010 0000001]0000101
[1000000 0100001 0010000 0001001 0000100 0000011 0000001]0000001
[1010001 0100001 0010000 0001101 0000100 0000011 0000001]0000101
stabSize=16

anf=c+abc+ae+bde+cf+abg+adg+afg
[1000100 0100101 0010000 0001000 0000100 0010010 0000001]0000100
[1000101 0100101 0010000 0001000 0000100 0010010 0000001]0000101
[1000000 0100001 0010000 0001001 0000100 0000011 0000001]0000001
[1010001 0100001 0010000 0001101 0000100 0000011 0000001]0000101
stabSize=16

anf=1+c+abc+ae+bde+cf+abg+adg+afg
[1000100 0100101 0010000 0001000 0000100 0010010 0000001]0000100
[1000101 0100101 0010000 0001000 0000100 0010010 0000001]0000101
[1000000 0100001 0010000 0001001 0000100 0000011 0000001]0000001
[1010001 0100001 0010000 0001101 0000100 0000011 0000001]0000101
stabSize=16

anf=b+abc+ae+bde+cf+abg+adg+afg
[1010101 0100000 0010000 0001101 0000100 0010011 0000001]0010101
[1010100 0100000 0010000 0001101 0000100 0010011 0000001]0010100
[1000000 0100001 0010000 0001001 0000100 0000011 0000001]0000001
stabSize=8

anf=1+b+abc+ae+bde+cf+abg+adg+afg
[1010101 0100000 0010000 0001101 0000100 0010011 0000001]0010101
[1010100 0100000 0010000 0001101 0000100 0010011 0000001]0010100
[1000000 0100001 0010000 0001001 0000100 0000011 0000001]0000001
stabSize=8

anf=abc+ae+bde+cf+abg+adg+afg
[1010101 0100000 0010000 0001101 0000100 0010011 0000001]0010101
[1010100 0100000 0010000 0001101 0000100 0010011 0000001]0010100
[1000000 0100001 0010000 0001001 0000100 0000011 0000001]0000001
stabSize=8

anf=1+abc+ae+bde+cf+abg+adg+afg
[1010101 0100000 0010000 0001101 0000100 0010011 0000001]0010101
[1010100 0100000 0010000 0001101 0000100 0010011 0000001]0010100
[1000000 0100001 0010000 0001001 0000100 0000011 0000001]0000001
stabSize=8

anf=c+abc+e+bde+cf+g+abg+adg+afg
[1000101 0100000 0010000 0001101 0000100 0010011 0000001]0010100
[0101101 1001000 0010000 0001101 0000001 0011110 0000100]0011001
stabSize=4

anf=1+c+abc+e+bde+cf+g+abg+adg+afg
[1000101 0100000 0010000 0001101 0000100 0010011 0000001]0010100
[0101101 1001000 0010000 0001101 0000001 0011110 0000100]0011001
stabSize=4

anf=abc+e+bde+cf+g+abg+adg+afg
[0101101 1001101 0010000 0001000 0000001 0011010 0000100]0011101
[1000101 0100101 0010000 0001000 0000100 0010010 0000001]0010101
stabSize=4

anf=1+abc+e+bde+cf+g+abg+adg+afg
[0101101 1001101 0010000 0001000 0000001 0011010 0000100]0011101
[1000101 0100101 0010000 0001000 0000100 0010010 0000001]0010101
stabSize=4

anf=abc+e+bde+f+cf+abg+adg+afg
[1000000 0100001 0010000 0001001 0000100 0000011 0000001]0000001
[1000001 0100000 0010000 0001000 0000100 0000010 0000001]0000001
stabSize=4

anf=1+abc+e+bde+f+cf+abg+adg+afg
[1000000 0100001 0010000 0001001 0000100 0000011 0000001]0000001
[1000001 0100000 0010000 0001000 0000100 0000010 0000001]0000001
stabSize=4

anf=a+b+abc+bde+f+cf+abg+adg+afg
[1000001 0100000 0010000 0001000 0000100 0000010 0000001]0000001
[1000000 0100100 0010000 0001100 0000100 0000010 0000001]0000000
[0101001 1001001 0010000 0001101 0000001 0011110 0000100]0011100
[0101100 1001101 0010000 0001101 0000001 0001110 0000100]0001000
stabSize=64

anf=1+a+b+abc+bde+f+cf+abg+adg+afg
[1000001 0100000 0010000 0001000 0000100 0000010 0000001]0000001
[1000000 0100100 0010000 0001100 0000100 0000010 0000001]0000000
[0101001 1001001 0010000 0001101 0000001 0011110 0000100]0011100
[0101100 1001101 0010000 0001101 0000001 0001110 0000100]0001000
stabSize=64

anf=a+abc+bde+f+cf+abg+adg+afg
[1000000 0100001 0010000 0001001 0000100 0000011 0000001]0000001
[1000001 0100100 0010000 0001000 0000100 0000010 0000001]0000101
[1000001 0100000 0010000 0001000 0000100 0000010 0000001]0000001
[1000000 0100100 0010000 0001100 0000100 0000010 0000001]0000000
[1000100 0100101 0010000 0001000 0000100 0010010 0000001]0010100
stabSize=32

anf=1+a+abc+bde+f+cf+abg+adg+afg
[1000000 0100001 0010000 0001001 0000100 0000011 0000001]0000001
[1000001 0100100 0010000 0001000 0000100 0000010 0000001]0000101
[1000001 0100000 0010000 0001000 0000100 0000010 0000001]0000001
[1000000 0100100 0010000 0001100 0000100 0000010 0000001]0000000
[1000100 0100101 0010000 0001000 0000100 0010010 0000001]0010100
stabSize=32

anf=abc+bde+f+cf+abg+adg+afg
[1000001 0100000 0010000 0001000 0000100 0000010 0000001]0000001
[1000000 0100100 0010000 0001100 0000100 0000010 0000001]0000000
[0101001 1001001 0010000 0001101 0000001 0011110 0000100]0011100
[0101100 1001101 0010000 0001101 0000001 0001110 0000100]0001000
stabSize=64

anf=1+abc+bde+f+cf+abg+adg+afg
[1000001 0100000 0010000 0001000 0000100 0000010 0000001]0000001
[1000000 0100100 0010000 0001100 0000100 0000010 0000001]0000000
[0101001 1001001 0010000 0001101 0000001 0011110 0000100]0011100
[0101100 1001101 0010000 0001101 0000001 0001110 0000100]0001000
stabSize=64

anf=a+c+abc+e+bde+cf+abg+adg+afg
[1000000 0100001 0010000 0001001 0000100 0000011 0000001]0000001
[1000001 0100000 0010000 0001000 0000100 0000010 0000001]0000001
stabSize=4

anf=1+a+c+abc+e+bde+cf+abg+adg+afg
[1000000 0100001 0010000 0001001 0000100 0000011 0000001]0000001
[1000001 0100000 0010000 0001000 0000100 0000010 0000001]0000001
stabSize=4

anf=c+abc+e+bde+cf+abg+adg+afg
[1000000 0100001 0010000 0001001 0000100 0000011 0000001]0000001
[1000001 0100000 0010000 0001000 0000100 0000010 0000001]0000001
stabSize=4

anf=1+c+abc+e+bde+cf+abg+adg+afg
[1000000 0100001 0010000 0001001 0000100 0000011 0000001]0000001
[1000001 0100000 0010000 0001000 0000100 0000010 0000001]0000001
stabSize=4

anf=abc+e+bde+cf+abg+adg+afg
[1000000 0100001 0010000 0001001 0000100 0000011 0000001]0000001
[1000001 0100000 0010000 0001000 0000100 0000010 0000001]0000001
stabSize=4

anf=1+abc+e+bde+cf+abg+adg+afg
[1000000 0100001 0010000 0001001 0000100 0000011 0000001]0000001
[1000001 0100000 0010000 0001000 0000100 0000010 0000001]0000001
stabSize=4

anf=b+c+abc+d+bde+cf+abg+adg+afg
[1000001 0100000 0010000 0001000 0000100 0000010 0000001]0000001
[1000000 0100100 0010000 0001100 0000100 0000010 0000001]0000000
[0101001 1001001 0010000 0001101 0000001 0011110 0000100]0011100
stabSize=32

anf=1+b+c+abc+d+bde+cf+abg+adg+afg
[1000001 0100000 0010000 0001000 0000100 0000010 0000001]0000001
[1000000 0100100 0010000 0001100 0000100 0000010 0000001]0000000
[0101001 1001001 0010000 0001101 0000001 0011110 0000100]0011100
stabSize=32

anf=a+c+abc+d+bde+cf+abg+adg+afg
[1000001 0100000 0010000 0001000 0000100 0000010 0000001]0000001
[1000000 0100100 0010000 0001100 0000100 0000010 0000001]0000000
[0101001 1001001 0010000 0001101 0000001 0011110 0000100]0011100
stabSize=32

anf=1+a+c+abc+d+bde+cf+abg+adg+afg
[1000001 0100000 0010000 0001000 0000100 0000010 0000001]0000001
[1000000 0100100 0010000 0001100 0000100 0000010 0000001]0000000
[0101001 1001001 0010000 0001101 0000001 0011110 0000100]0011100
stabSize=32

anf=c+abc+d+bde+cf+abg+adg+afg
[1000000 0100100 0010000 0001000 0000100 0000010 0000001]0000100
[1000000 0100001 0010000 0001001 0000100 0000011 0000001]0000001
[1000001 0100000 0010000 0001000 0000100 0000010 0000001]0000001
[1000000 0100100 0010000 0001100 0000100 0000010 0000001]0000000
stabSize=16

anf=1+c+abc+d+bde+cf+abg+adg+afg
[1000000 0100100 0010000 0001000 0000100 0000010 0000001]0000100
[1000000 0100001 0010000 0001001 0000100 0000011 0000001]0000001
[1000001 0100000 0010000 0001000 0000100 0000010 0000001]0000001
[1000000 0100100 0010000 0001100 0000100 0000010 0000001]0000000
stabSize=16

anf=a+b+abc+d+bde+cf+abg+adg+afg
[1000000 0100001 0010000 0001001 0000100 0000011 0000001]0000001
[1000001 0100100 0010000 0001000 0000100 0000010 0000001]0000101
[1000001 0100000 0010000 0001000 0000100 0000010 0000001]0000001
[1000000 0100100 0010000 0001100 0000100 0000010 0000001]0000000
[1000100 0100101 0010000 0001000 0000100 0010010 0000001]0010100
stabSize=32

anf=1+a+b+abc+d+bde+cf+abg+adg+afg
[1000000 0100001 0010000 0001001 0000100 0000011 0000001]0000001
[1000001 0100100 0010000 0001000 0000100 0000010 0000001]0000101
[1000001 0100000 0010000 0001000 0000100 0000010 0000001]0000001
[1000000 0100100 0010000 0001100 0000100 0000010 0000001]0000000
[1000100 0100101 0010000 0001000 0000100 0010010 0000001]0010100
stabSize=32

anf=b+abc+d+bde+cf+abg+adg+afg
[1000000 0100001 0010000 0001001 0000100 0000011 0000001]0000001
[1000001 0100100 0010000 0001000 0000100 0000010 0000001]0000101
[1000001 0100000 0010000 0001000 0000100 0000010 0000001]0000001
[1000000 0100100 0010000 0001100 0000100 0000010 0000001]0000000
[1000100 0100101 0010000 0001000 0000100 0010010 0000001]0010100
stabSize=32

anf=1+b+abc+d+bde+cf+abg+adg+afg
[1000000 0100001 0010000 0001001 0000100 0000011 0000001]0000001
[1000001 0100100 0010000 0001000 0000100 0000010 0000001]0000101
[1000001 0100000 0010000 0001000 0000100 0000010 0000001]0000001
[1000000 0100100 0010000 0001100 0000100 0000010 0000001]0000000
[1000100 0100101 0010000 0001000 0000100 0010010 0000001]0010100
stabSize=32

anf=a+abc+d+bde+cf+abg+adg+afg
[1000000 0100001 0010000 0001001 0000100 0000011 0000001]0000001
[1000001 0100100 0010000 0001000 0000100 0000010 0000001]0000101
[1000001 0100000 0010000 0001000 0000100 0000010 0000001]0000001
[1000000 0100100 0010000 0001100 0000100 0000010 0000001]0000000
[1000100 0100101 0010000 0001000 0000100 0010010 0000001]0010100
stabSize=32

anf=1+a+abc+d+bde+cf+abg+adg+afg
[1000000 0100001 0010000 0001001 0000100 0000011 0000001]0000001
[1000001 0100100 0010000 0001000 0000100 0000010 0000001]0000101
[1000001 0100000 0010000 0001000 0000100 0000010 0000001]0000001
[1000000 0100100 0010000 0001100 0000100 0000010 0000001]0000000
[1000100 0100101 0010000 0001000 0000100 0010010 0000001]0010100
stabSize=32

anf=abc+d+bde+cf+abg+adg+afg
[1000000 0100001 0010000 0001001 0000100 0000011 0000001]0000001
[1000001 0100100 0010000 0001000 0000100 0000010 0000001]0000101
[1000001 0100000 0010000 0001000 0000100 0000010 0000001]0000001
[1000000 0100100 0010000 0001100 0000100 0000010 0000001]0000000
[1000100 0100101 0010000 0001000 0000100 0010010 0000001]0010100
stabSize=32

anf=1+abc+d+bde+cf+abg+adg+afg
[1000000 0100001 0010000 0001001 0000100 0000011 0000001]0000001
[1000001 0100100 0010000 0001000 0000100 0000010 0000001]0000101
[1000001 0100000 0010000 0001000 0000100 0000010 0000001]0000001
[1000000 0100100 0010000 0001100 0000100 0000010 0000001]0000000
[1000100 0100101 0010000 0001000 0000100 0010010 0000001]0010100
stabSize=32

anf=a+b+c+abc+bde+cf+abg+adg+afg
[1000001 0100000 0010000 0001000 0000100 0000010 0000001]0000001
[1000000 0100100 0010000 0001100 0000100 0000010 0000001]0000000
[0101100 1001101 0010000 0001101 0000001 0001110 0000100]0001000
stabSize=32

anf=1+a+b+c+abc+bde+cf+abg+adg+afg
[1000001 0100000 0010000 0001000 0000100 0000010 0000001]0000001
[1000000 0100100 0010000 0001100 0000100 0000010 0000001]0000000
[0101100 1001101 0010000 0001101 0000001 0001110 0000100]0001000
stabSize=32

anf=a+c+abc+bde+cf+abg+adg+afg
[1000000 0100100 0010000 0001000 0000100 0000010 0000001]0000100
[1000000 0100001 0010000 0001001 0000100 0000011 0000001]0000001
[1000001 0100000 0010000 0001000 0000100 0000010 0000001]0000001
[1000000 0100100 0010000 0001100 0000100 0000010 0000001]0000000
stabSize=16

anf=1+a+c+abc+bde+cf+abg+adg+afg
[1000000 0100100 0010000 0001000 0000100 0000010 0000001]0000100
[1000000 0100001 0010000 0001001 0000100 0000011 0000001]0000001
[1000001 0100000 0010000 0001000 0000100 0000010 0000001]0000001
[1000000 0100100 0010000 0001100 0000100 0000010 0000001]0000000
stabSize=16

anf=c+abc+bde+cf+abg+adg+afg
[1000001 0100000 0010000 0001000 0000100 0000010 0000001]0000001
[1000000 0100100 0010000 0001100 0000100 0000010 0000001]0000000
[0101100 1001101 0010000 0001101 0000001 0001110 0000100]0001000
stabSize=32

anf=1+c+abc+bde+cf+abg+adg+afg
[1000001 0100000 0010000 0001000 0000100 0000010 0000001]0000001
[1000000 0100100 0010000 0001100 0000100 0000010 0000001]0000000
[0101100 1001101 0010000 0001101 0000001 0001110 0000100]0001000
stabSize=32

anf=a+b+abc+bde+cf+abg+adg+afg
[1000001 0100000 0010000 0001000 0000100 0000010 0000001]0000001
[1000000 0100100 0010000 0001100 0000100 0000010 0000001]0000000
[0101001 1001001 0010000 0001101 0000001 0011110 0000100]0011100
[0101100 1001101 0010000 0001101 0000001 0001110 0000100]0001000
stabSize=64

anf=1+a+b+abc+bde+cf+abg+adg+afg
[1000001 0100000 0010000 0001000 0000100 0000010 0000001]0000001
[1000000 0100100 0010000 0001100 0000100 0000010 0000001]0000000
[0101001 1001001 0010000 0001101 0000001 0011110 0000100]0011100
[0101100 1001101 0010000 0001101 0000001 0001110 0000100]0001000
stabSize=64

anf=a+abc+bde+cf+abg+adg+afg
[1000000 0100001 0010000 0001001 0000100 0000011 0000001]0000001
[1000001 0100100 0010000 0001000 0000100 0000010 0000001]0000101
[1000001 0100000 0010000 0001000 0000100 0000010 0000001]0000001
[1000000 0100100 0010000 0001100 0000100 0000010 0000001]0000000
[1000100 0100101 0010000 0001000 0000100 0010010 0000001]0010100
stabSize=32

anf=1+a+abc+bde+cf+abg+adg+afg
[1000000 0100001 0010000 0001001 0000100 0000011 0000001]0000001
[1000001 0100100 0010000 0001000 0000100 0000010 0000001]0000101
[1000001 0100000 0010000 0001000 0000100 0000010 0000001]0000001
[1000000 0100100 0010000 0001100 0000100 0000010 0000001]0000000
[1000100 0100101 0010000 0001000 0000100 0010010 0000001]0010100
stabSize=32

anf=abc+bde+cf+abg+adg+afg
[1000001 0100000 0010000 0001000 0000100 0000010 0000001]0000001
[1000000 0100100 0010000 0001100 0000100 0000010 0000001]0000000
[0101001 1001001 0010000 0001101 0000001 0011110 0000100]0011100
[0101100 1001101 0010000 0001101 0000001 0001110 0000100]0001000
stabSize=64

anf=1+abc+bde+cf+abg+adg+afg
[1000001 0100000 0010000 0001000 0000100 0000010 0000001]0000001
[1000000 0100100 0010000 0001100 0000100 0000010 0000001]0000000
[0101001 1001001 0010000 0001101 0000001 0011110 0000100]0011100
[0101100 1001101 0010000 0001101 0000001 0001110 0000100]0001000
stabSize=64

anf=b+ac+abc+cd+e+ae+bde+bf+g+abg+adg+afg
[1010000 0110000 0010000 0001100 0000100 0000010 0000001]0010000
[1000111 0110100 0010000 0011100 0000100 0000010 0000001]0000111
[1000100 0110000 0010000 0011100 0000100 0000010 0000001]0000000
[1010010 0100100 0010000 0001100 0000100 0000010 0000001]0010010
stabSize=16

anf=ac+abc+cd+e+ae+bde+bf+g+abg+adg+afg
[1010000 0110000 0010000 0001100 0000100 0000010 0000001]0010000
[1000111 0110100 0010000 0011100 0000100 0000010 0000001]0000111
[1001001 0100101 0010000 0001001 0010100 0000011 0000001]0110000
stabSize=32

anf=1+ac+abc+cd+e+ae+bde+bf+g+abg+adg+afg
[1010000 0110000 0010000 0001100 0000100 0000010 0000001]0010000
[1000111 0110100 0010000 0011100 0000100 0000010 0000001]0000111
[1001001 0100101 0010000 0001001 0010100 0000011 0000001]0110000
stabSize=32

anf=c+ac+abc+cd+ae+bde+bf+g+abg+adg+afg
[1000110 0110100 0010000 0011100 0000100 0000010 0000001]0000110
[1000100 0100000 0010000 0011100 0000100 0000010 0000001]0000100
[1010000 0100100 0010000 0001100 0000100 0000010 0000001]0000000
stabSize=8

anf=1+c+ac+abc+cd+ae+bde+bf+g+abg+adg+afg
[1000110 0110100 0010000 0011100 0000100 0000010 0000001]0000110
[1000100 0100000 0010000 0011100 0000100 0000010 0000001]0000100
[1010000 0100100 0010000 0001100 0000100 0000010 0000001]0000000
stabSize=8

anf=ac+abc+cd+ae+bde+bf+g+abg+adg+afg
[1001010 0100001 0010000 0001001 0010100 0000011 0000001]0110011
[1011010 0100101 0010000 0011101 0010100 0000011 0000001]0100111
stabSize=8

anf=c+ac+abc+cd+e+ae+bde+bf+abg+adg+afg
[1010101 0110101 0010000 0011001 0000100 0000011 0000001]0000000
[1000000 0100001 0010000 0001001 0000100 0000011 0000001]0000001
[1000001 0100000 0010000 0001000 0000100 0000010 0000001]0000001
[1010001 0100001 0010000 0001101 0000100 0000011 0000001]0010100
stabSize=16

anf=1+c+ac+abc+cd+e+ae+bde+bf+abg+adg+afg
[1010101 0110101 0010000 0011001 0000100 0000011 0000001]0000000
[1000000 0100001 0010000 0001001 0000100 0000011 0000001]0000001
[1000001 0100000 0010000 0001000 0000100 0000010 0000001]0000001
[1010001 0100001 0010000 0001101 0000100 0000011 0000001]0010100
stabSize=16

anf=b+ac+abc+cd+e+ae+bde+bf+abg+adg+afg
[1010011 0100100 0010000 0001100 0000100 0000010 0000001]0010011
[1000110 0100100 0010000 0011100 0000100 0000010 0000001]0000010
[1010000 0110000 0010000 0001100 0000100 0000010 0000001]0010000
[1000111 0100101 0010000 0011101 0000100 0000011 0000001]0000010
stabSize=32

anf=1+b+ac+abc+cd+e+ae+bde+bf+abg+adg+afg
[1010011 0100100 0010000 0001100 0000100 0000010 0000001]0010011
[1000110 0100100 0010000 0011100 0000100 0000010 0000001]0000010
[1010000 0110000 0010000 0001100 0000100 0000010 0000001]0010000
[1000111 0100101 0010000 0011101 0000100 0000011 0000001]0000010
stabSize=32

anf=ac+abc+cd+e+ae+bde+bf+abg+adg+afg
[1010011 0100100 0010000 0001100 0000100 0000010 0000001]0010011
[1000110 0100100 0010000 0011100 0000100 0000010 0000001]0000010
[1010000 0110000 0010000 0001100 0000100 0000010 0000001]0010000
[1000111 0100101 0010000 0011101 0000100 0000011 0000001]0000010
stabSize=32

anf=1+ac+abc+cd+e+ae+bde+bf+abg+adg+afg
[1010011 0100100 0010000 0001100 0000100 0000010 0000001]0010011
[1000110 0100100 0010000 0011100 0000100 0000010 0000001]0000010
[1010000 0110000 0010000 0001100 0000100 0000010 0000001]0010000
[1000111 0100101 0010000 0011101 0000100 0000011 0000001]0000010
stabSize=32

anf=a+c+ac+abc+cd+ae+bde+bf+abg+adg+afg
[1000100 0100000 0010000 0011100 0000100 0000010 0000001]0000100
[1010000 0100101 0010000 0001101 0000100 0000011 0000001]0000001
[1010111 0110000 0010000 0011000 0000100 0000010 0000001]0000111
[1000111 0110100 0010000 0011100 0000100 0000010 0000001]0000111
stabSize=32

anf=1+a+c+ac+abc+cd+ae+bde+bf+abg+adg+afg
[1000100 0100000 0010000 0011100 0000100 0000010 0000001]0000100
[1010000 0100101 0010000 0001101 0000100 0000011 0000001]0000001
[1010111 0110000 0010000 0011000 0000100 0000010 0000001]0000111
[1000111 0110100 0010000 0011100 0000100 0000010 0000001]0000111
stabSize=32

anf=c+ac+abc+cd+ae+bde+bf+abg+adg+afg
[1000100 0100000 0010000 0011100 0000100 0000010 0000001]0000100
[1010000 0100101 0010000 0001101 0000100 0000011 0000001]0000001
[1010111 0110000 0010000 0011000 0000100 0000010 0000001]0000111
[1000111 0110100 0010000 0011100 0000100 0000010 0000001]0000111
stabSize=32

anf=1+c+ac+abc+cd+ae+bde+bf+abg+adg+afg
[1000100 0100000 0010000 0011100 0000100 0000010 0000001]0000100
[1010000 0100101 0010000 0001101 0000100 0000011 0000001]0000001
[1010111 0110000 0010000 0011000 0000100 0000010 0000001]0000111
[1000111 0110100 0010000 0011100 0000100 0000010 0000001]0000111
stabSize=32

anf=ac+abc+cd+ae+bde+bf+abg+adg+afg
[1000001 0100001 0010000 0001001 0000100 0000011 0000001]0000000
[1010100 0110000 0010000 0011000 0000100 0000010 0000001]0010100
[1000001 0100000 0010000 0001000 0000100 0000010 0000001]0000001
[1010000 0110101 0010000 0001101 0000100 0000011 0000001]0000101
stabSize=16

anf=1+ac+abc+cd+ae+bde+bf+abg+adg+afg
[1000001 0100001 0010000 0001001 0000100 0000011 0000001]0000000
[1010100 0110000 0010000 0011000 0000100 0000010 0000001]0010100
[1000001 0100000 0010000 0001000 0000100 0000010 0000001]0000001
[1010000 0110101 0010000 0001101 0000100 0000011 0000001]0000101
stabSize=16

anf=ac+abc+cd+e+bde+bf+g+abg+adg+afg
[1001010 0100001 0010000 0001001 0010100 0000011 0000001]0110011
[1000011 0110100 0010000 0001100 0000100 0000010 0000001]0010111
stabSize=8

anf=c+ac+abc+cd+bde+bf+g+abg+adg+afg
[1010110 0110000 0010000 0011000 0000100 0000010 0000001]0000110
[1000000 0100100 0010000 0001100 0000100 0000010 0000001]0000000
[1010110 0110100 0010000 0011000 0000100 0000010 0000001]0000010
stabSize=8

anf=1+c+ac+abc+cd+bde+bf+g+abg+adg+afg
[1010110 0110000 0010000 0011000 0000100 0000010 0000001]0000110
[1000000 0100100 0010000 0001100 0000100 0000010 0000001]0000000
[1010110 0110100 0010000 0011000 0000100 0000010 0000001]0000010
stabSize=8

anf=b+ac+abc+cd+bde+bf+g+abg+adg+afg
[1010100 0100000 0010000 0011100 0000100 0000010 0000001]0010100
[1000000 0110000 0010000 0001000 0000100 0000010 0000001]0000100
[1010100 0110100 0010000 0011100 0000100 0000010 0000001]0010100
[1000000 0110000 0010000 0001100 0000100 0000010 0000001]0000000
stabSize=16

anf=ac+abc+cd+bde+bf+g+abg+adg+afg
[1010100 0100000 0010000 0011100 0000100 0000010 0000001]0010100
[1001010 0110101 0010000 0011101 0010100 0000011 0000001]0110011
[1010100 0110100 0010000 0011100 0000100 0000010 0000001]0010100
stabSize=32

anf=1+ac+abc+cd+bde+bf+g+abg+adg+afg
[1010100 0100000 0010000 0011100 0000100 0000010 0000001]0010100
[1001010 0110101 0010000 0011101 0010100 0000011 0000001]0110011
[1010100 0110100 0010000 0011100 0000100 0000010 0000001]0010100
stabSize=32

anf=c+ac+abc+cd+e+bde+bf+abg+adg+afg
[1010100 0100000 0010000 0011100 0000100 0000010 0000001]0010100
[1010101 0100000 0010000 0011100 0000100 0000010 0000001]0010101
[1000000 0110101 0010000 0001001 0000100 0000011 0000001]0000001
[1010100 0110100 0010000 0011100 0000100 0000010 0000001]0010100
stabSize=16

anf=1+c+ac+abc+cd+e+bde+bf+abg+adg+afg
[1010100 0100000 0010000 0011100 0000100 0000010 0000001]0010100
[1010101 0100000 0010000 0011100 0000100 0000010 0000001]0010101
[1000000 0110101 0010000 0001001 0000100 0000011 0000001]0000001
[1010100 0110100 0010000 0011100 0000100 0000010 0000001]0010100
stabSize=16

anf=ac+abc+cd+e+bde+bf+abg+adg+afg
[1010111 0100101 0010000 0011101 0000100 0000011 0000001]0000010
[1010111 0100100 0010000 0011100 0000100 0000010 0000001]0000011
stabSize=8

anf=a+c+ac+abc+cd+bde+bf+abg+adg+afg
[1000000 0100100 0010000 0001100 0000100 0000010 0000001]0000000
[1010110 0110101 0010000 0011001 0000100 0000011 0000001]0000011
[1010111 0110101 0010000 0011101 0000100 0000011 0000001]0000110
[1000000 0100001 0010000 0001101 0000100 0000011 0000001]0000101
stabSize=32

anf=1+a+c+ac+abc+cd+bde+bf+abg+adg+afg
[1000000 0100100 0010000 0001100 0000100 0000010 0000001]0000000
[1010110 0110101 0010000 0011001 0000100 0000011 0000001]0000011
[1010111 0110101 0010000 0011101 0000100 0000011 0000001]0000110
[1000000 0100001 0010000 0001101 0000100 0000011 0000001]0000101
stabSize=32

anf=c+ac+abc+cd+bde+bf+abg+adg+afg
[1000000 0100100 0010000 0001100 0000100 0000010 0000001]0000000
[1010110 0110101 0010000 0011001 0000100 0000011 0000001]0000011
[1010111 0110101 0010000 0011101 0000100 0000011 0000001]0000110
[1000000 0100001 0010000 0001101 0000100 0000011 0000001]0000101
stabSize=32

anf=1+c+ac+abc+cd+bde+bf+abg+adg+afg
[1000000 0100100 0010000 0001100 0000100 0000010 0000001]0000000
[1010110 0110101 0010000 0011001 0000100 0000011 0000001]0000011
[1010111 0110101 0010000 0011101 0000100 0000011 0000001]0000110
[1000000 0100001 0010000 0001101 0000100 0000011 0000001]0000101
stabSize=32

anf=a+b+ac+abc+cd+bde+bf+abg+adg+afg
[1000001 0100000 0010000 0001000 0000100 0000010 0000001]0000001
[1010101 0100000 0010000 0011100 0000100 0000010 0000001]0010101
[1010100 0100101 0010000 0011001 0000100 0000011 0000001]0010101
[1010100 0110100 0010000 0011100 0000100 0000010 0000001]0010100
[1000001 0110000 0010000 0001100 0000100 0000010 0000001]0000001
[1010100 0110101 0010000 0011001 0000100 0000011 0000001]0010001
stabSize=64

anf=1+a+b+ac+abc+cd+bde+bf+abg+adg+afg
[1000001 0100000 0010000 0001000 0000100 0000010 0000001]0000001
[1010101 0100000 0010000 0011100 0000100 0000010 0000001]0010101
[1010100 0100101 0010000 0011001 0000100 0000011 0000001]0010101
[1010100 0110100 0010000 0011100 0000100 0000010 0000001]0010100
[1000001 0110000 0010000 0001100 0000100 0000010 0000001]0000001
[1010100 0110101 0010000 0011001 0000100 0000011 0000001]0010001
stabSize=64

anf=b+ac+abc+cd+bde+bf+abg+adg+afg
[1000001 0100000 0010000 0001000 0000100 0000010 0000001]0000001
[1010101 0100000 0010000 0011100 0000100 0000010 0000001]0010101
[1010100 0100101 0010000 0011001 0000100 0000011 0000001]0010101
[1010100 0110100 0010000 0011100 0000100 0000010 0000001]0010100
[1000001 0110000 0010000 0001100 0000100 0000010 0000001]0000001
[1010100 0110101 0010000 0011001 0000100 0000011 0000001]0010001
stabSize=64

anf=1+b+ac+abc+cd+bde+bf+abg+adg+afg
[1000001 0100000 0010000 0001000 0000100 0000010 0000001]0000001
[1010101 0100000 0010000 0011100 0000100 0000010 0000001]0010101
[1010100 0100101 0010000 0011001 0000100 0000011 0000001]0010101
[1010100 0110100 0010000 0011100 0000100 0000010 0000001]0010100
[1000001 0110000 0010000 0001100 0000100 0000010 0000001]0000001
[1010100 0110101 0010000 0011001 0000100 0000011 0000001]0010001
stabSize=64

anf=a+ac+abc+cd+bde+bf+abg+adg+afg
[1000001 0100000 0010000 0001000 0000100 0000010 0000001]0000001
[1010101 0100000 0010000 0011100 0000100 0000010 0000001]0010101
[1010100 0100101 0010000 0011001 0000100 0000011 0000001]0010101
[1010100 0110100 0010000 0011100 0000100 0000010 0000001]0010100
[1000001 0110000 0010000 0001100 0000100 0000010 0000001]0000001
[1010100 0110101 0010000 0011001 0000100 0000011 0000001]0010001
stabSize=64

anf=1+a+ac+abc+cd+bde+bf+abg+adg+afg
[1000001 0100000 0010000 0001000 0000100 0000010 0000001]0000001
[1010101 0100000 0010000 0011100 0000100 0000010 0000001]0010101
[1010100 0100101 0010000 0011001 0000100 0000011 0000001]0010101
[1010100 0110100 0010000 0011100 0000100 0000010 0000001]0010100
[1000001 0110000 0010000 0001100 0000100 0000010 0000001]0000001
[1010100 0110101 0010000 0011001 0000100 0000011 0000001]0010001
stabSize=64

anf=ac+abc+cd+bde+bf+abg+adg+afg
[1000001 0100000 0010000 0001000 0000100 0000010 0000001]0000001
[1010101 0100000 0010000 0011100 0000100 0000010 0000001]0010101
[1010100 0100101 0010000 0011001 0000100 0000011 0000001]0010101
[1010100 0110100 0010000 0011100 0000100 0000010 0000001]0010100
[1000001 0110000 0010000 0001100 0000100 0000010 0000001]0000001
[1010100 0110101 0010000 0011001 0000100 0000011 0000001]0010001
stabSize=64

anf=1+ac+abc+cd+bde+bf+abg+adg+afg
[1000001 0100000 0010000 0001000 0000100 0000010 0000001]0000001
[1010101 0100000 0010000 0011100 0000100 0000010 0000001]0010101
[1010100 0100101 0010000 0011001 0000100 0000011 0000001]0010101
[1010100 0110100 0010000 0011100 0000100 0000010 0000001]0010100
[1000001 0110000 0010000 0001100 0000100 0000010 0000001]0000001
[1010100 0110101 0010000 0011001 0000100 0000011 0000001]0010001
stabSize=64

anf=c+abc+cd+e+bde+bf+g+abg+adg+afg
[1000111 0110000 0010000 0011000 0000100 0000010 0000001]0000111
[1000000 0110100 0010000 0001100 0000100 0000010 0000001]0010100
stabSize=4

anf=abc+cd+e+bde+bf+g+abg+adg+afg
[1000111 0110100 0010000 0011100 0000100 0000010 0000001]0000111
[1000010 0100100 0010000 0001100 0000100 0000010 0000001]0010010
[1000010 0110100 0010000 0001000 0000100 0000010 0000001]0000010
stabSize=8

anf=1+abc+cd+e+bde+bf+g+abg+adg+afg
[1000111 0110100 0010000 0011100 0000100 0000010 0000001]0000111
[1000010 0100100 0010000 0001100 0000100 0000010 0000001]0010010
[1000010 0110100 0010000 0001000 0000100 0000010 0000001]0000010
stabSize=8

anf=b+c+abc+cd+bde+bf+g+abg+adg+afg
[1000100 0100000 0010000 0011100 0000100 0000010 0000001]0000100
[1000010 0110100 0010000 0001100 0000100 0000010 0000001]0000110
[1000110 0110100 0010000 0011100 0000100 0000010 0000001]0000110
[1000100 0100100 0010000 0011000 0000100 0000010 0000001]0000100
stabSize=16

anf=1+b+c+abc+cd+bde+bf+g+abg+adg+afg
[1000100 0100000 0010000 0011100 0000100 0000010 0000001]0000100
[1000010 0110100 0010000 0001100 0000100 0000010 0000001]0000110
[1000110 0110100 0010000 0011100 0000100 0000010 0000001]0000110
[1000100 0100100 0010000 0011000 0000100 0000010 0000001]0000100
stabSize=16

anf=c+abc+cd+bde+bf+g+abg+adg+afg
[1000100 0100000 0010000 0011100 0000100 0000010 0000001]0000100
[1000010 0110100 0010000 0001100 0000100 0000010 0000001]0000110
[1000110 0110100 0010000 0011100 0000100 0000010 0000001]0000110
[1000100 0100100 0010000 0011000 0000100 0000010 0000001]0000100
stabSize=16

anf=1+c+abc+cd+bde+bf+g+abg+adg+afg
[1000100 0100000 0010000 0011100 0000100 0000010 0000001]0000100
[1000010 0110100 0010000 0001100 0000100 0000010 0000001]0000110
[1000110 0110100 0010000 0011100 0000100 0000010 0000001]0000110
[1000100 0100100 0010000 0011000 0000100 0000010 0000001]0000100
stabSize=16

anf=abc+cd+bde+bf+g+abg+adg+afg
[1000000 0100100 0010000 0001000 0000100 0000010 0000001]0000100
[1000000 0100100 0010000 0001100 0000100 0000010 0000001]0000000
[1000100 0110100 0010000 0011000 0000100 0000010 0000001]0010000
stabSize=8

anf=1+abc+cd+bde+bf+g+abg+adg+afg
[1000000 0100100 0010000 0001000 0000100 0000010 0000001]0000100
[1000000 0100100 0010000 0001100 0000100 0000010 0000001]0000000
[1000100 0110100 0010000 0011000 0000100 0000010 0000001]0010000
stabSize=8

anf=c+abc+cd+e+bde+f+bf+abg+adg+afg
[1000111 0110000 0010000 0011000 0000100 0000010 0000001]0000111
[1000110 0110001 0010000 0011001 0000100 0000011 0000001]0000111
[1000110 0100100 0010000 0011100 0000100 0000010 0000001]0010010
stabSize=16

anf=1+c+abc+cd+e+bde+f+bf+abg+adg+afg
[1000111 0110000 0010000 0011000 0000100 0000010 0000001]0000111
[1000110 0110001 0010000 0011001 0000100 0000011 0000001]0000111
[1000110 0100100 0010000 0011100 0000100 0000010 0000001]0010010
stabSize=16

anf=abc+cd+e+bde+f+bf+abg+adg+afg
[1000001 0110001 0010000 0001101 0000100 0000011 0000001]0010000
[1000111 0110101 0010000 0011101 0000100 0000011 0000001]0000110
[1000110 0110100 0010000 0011100 0000100 0000010 0000001]0000110
stabSize=16

anf=1+abc+cd+e+bde+f+bf+abg+adg+afg
[1000001 0110001 0010000 0001101 0000100 0000011 0000001]0010000
[1000111 0110101 0010000 0011101 0000100 0000011 0000001]0000110
[1000110 0110100 0010000 0011100 0000100 0000010 0000001]0000110
stabSize=16

anf=b+c+abc+cd+bde+f+bf+abg+adg+afg
[1000001 0100000 0010000 0001000 0000100 0000010 0000001]0000001
[1000100 0100000 0010000 0011100 0000100 0000010 0000001]0000100
[1000100 0100101 0010000 0011001 0000100 0000011 0000001]0000101
[1000001 0100101 0010000 0001001 0000100 0000011 0000001]0000100
[1000100 0100100 0010000 0011000 0000100 0000010 0000001]0000100
stabSize=32

anf=1+b+c+abc+cd+bde+f+bf+abg+adg+afg
[1000001 0100000 0010000 0001000 0000100 0000010 0000001]0000001
[1000100 0100000 0010000 0011100 0000100 0000010 0000001]0000100
[1000100 0100101 0010000 0011001 0000100 0000011 0000001]0000101
[1000001 0100101 0010000 0001001 0000100 0000011 0000001]0000100
[1000100 0100100 0010000 0011000 0000100 0000010 0000001]0000100
stabSize=32

anf=c+abc+cd+bde+f+bf+abg+adg+afg
[1000001 0100000 0010000 0001000 0000100 0000010 0000001]0000001
[1000100 0100000 0010000 0011100 0000100 0000010 0000001]0000100
[1000100 0100101 0010000 0011001 0000100 0000011 0000001]0000101
[1000001 0100101 0010000 0001001 0000100 0000011 0000001]0000100
[1000100 0100100 0010000 0011000 0000100 0000010 0000001]0000100
stabSize=32

anf=1+c+abc+cd+bde+f+bf+abg+adg+afg
[1000001 0100000 0010000 0001000 0000100 0000010 0000001]0000001
[1000100 0100000 0010000 0011100 0000100 0000010 0000001]0000100
[1000100 0100101 0010000 0011001 0000100 0000011 0000001]0000101
[1000001 0100101 0010000 0001001 0000100 0000011 0000001]0000100
[1000100 0100100 0010000 0011000 0000100 0000010 0000001]0000100
stabSize=32

anf=a+abc+cd+bde+f+bf+abg+adg+afg
[1000001 0100000 0010000 0001000 0000100 0000010 0000001]0000001
[1000000 0100001 0010000 0001001 0000100 0000011 0000001]0000001
[1000000 0100100 0010000 0001100 0000100 0000010 0000001]0000000
[1000100 0110100 0010000 0011000 0000100 0000010 0000001]0010000
[1000001 0100101 0010000 0001001 0000100 0000011 0000001]0000100
stabSize=32

anf=1+a+abc+cd+bde+f+bf+abg+adg+afg
[1000001 0100000 0010000 0001000 0000100 0000010 0000001]0000001
[1000000 0100001 0010000 0001001 0000100 0000011 0000001]0000001
[1000000 0100100 0010000 0001100 0000100 0000010 0000001]0000000
[1000100 0110100 0010000 0011000 0000100 0000010 0000001]0010000
[1000001 0100101 0010000 0001001 0000100 0000011 0000001]0000100
stabSize=32

anf=abc+cd+bde+f+bf+abg+adg+afg
[1000001 0100000 0010000 0001000 0000100 0000010 0000001]0000001
[1000000 0100001 0010000 0001001 0000100 0000011 0000001]0000001
[1000000 0100100 0010000 0001100 0000100 0000010 0000001]0000000
[1000100 0110100 0010000 0011000 0000100 0000010 0000001]0010000
[1000001 0100101 0010000 0001001 0000100 0000011 0000001]0000100
stabSize=32

anf=1+abc+cd+bde+f+bf+abg+adg+afg
[1000001 0100000 0010000 0001000 0000100 0000010 0000001]0000001
[1000000 0100001 0010000 0001001 0000100 0000011 0000001]0000001
[1000000 0100100 0010000 0001100 0000100 0000010 0000001]0000000
[1000100 0110100 0010000 0011000 0000100 0000010 0000001]0010000
[1000001 0100101 0010000 0001001 0000100 0000011 0000001]0000100
stabSize=32

anf=c+abc+cd+e+bde+bf+abg+adg+afg
[1000001 0100001 0010000 0001001 0000100 0000011 0000001]0000000
[1000000 0110100 0010000 0001100 0000100 0000010 0000001]0010100
[1000001 0100000 0010000 0001000 0000100 0000010 0000001]0000001
stabSize=8

anf=abc+cd+e+bde+bf+abg+adg+afg
[1000011 0100101 0010000 0001101 0000100 0000011 0000001]0010010
[1000010 0100100 0010000 0001100 0000100 0000010 0000001]0010010
[1000010 0110100 0010000 0001000 0000100 0000010 0000001]0000010
stabSize=16

anf=1+abc+cd+e+bde+bf+abg+adg+afg
[1000011 0100101 0010000 0001101 0000100 0000011 0000001]0010010
[1000010 0100100 0010000 0001100 0000100 0000010 0000001]0010010
[1000010 0110100 0010000 0001000 0000100 0000010 0000001]0000010
stabSize=16

anf=a+b+c+abc+cd+bde+bf+abg+adg+afg
[1000100 0100000 0010000 0011100 0000100 0000010 0000001]0000100
[1000011 0110001 0010000 0001101 0000100 0000011 0000001]0000010
[1000110 0110100 0010000 0011100 0000100 0000010 0000001]0000110
[1000001 0100101 0010000 0001001 0000100 0000011 0000001]0000100
[1000100 0100100 0010000 0011000 0000100 0000010 0000001]0000100
stabSize=64

anf=1+a+b+c+abc+cd+bde+bf+abg+adg+afg
[1000100 0100000 0010000 0011100 0000100 0000010 0000001]0000100
[1000011 0110001 0010000 0001101 0000100 0000011 0000001]0000010
[1000110 0110100 0010000 0011100 0000100 0000010 0000001]0000110
[1000001 0100101 0010000 0001001 0000100 0000011 0000001]0000100
[1000100 0100100 0010000 0011000 0000100 0000010 0000001]0000100
stabSize=64

anf=b+c+abc+cd+bde+bf+abg+adg+afg
[1000100 0100000 0010000 0011100 0000100 0000010 0000001]0000100
[1000011 0110001 0010000 0001101 0000100 0000011 0000001]0000010
[1000110 0110100 0010000 0011100 0000100 0000010 0000001]0000110
[1000001 0100101 0010000 0001001 0000100 0000011 0000001]0000100
[1000100 0100100 0010000 0011000 0000100 0000010 0000001]0000100
stabSize=64

anf=1+b+c+abc+cd+bde+bf+abg+adg+afg
[1000100 0100000 0010000 0011100 0000100 0000010 0000001]0000100
[1000011 0110001 0010000 0001101 0000100 0000011 0000001]0000010
[1000110 0110100 0010000 0011100 0000100 0000010 0000001]0000110
[1000001 0100101 0010000 0001001 0000100 0000011 0000001]0000100
[1000100 0100100 0010000 0011000 0000100 0000010 0000001]0000100
stabSize=64

anf=a+c+abc+cd+bde+bf+abg+adg+afg
[1000100 0100000 0010000 0011100 0000100 0000010 0000001]0000100
[1000011 0110001 0010000 0001101 0000100 0000011 0000001]0000010
[1000110 0110100 0010000 0011100 0000100 0000010 0000001]0000110
[1000001 0100101 0010000 0001001 0000100 0000011 0000001]0000100
[1000100 0100100 0010000 0011000 0000100 0000010 0000001]0000100
stabSize=64

anf=1+a+c+abc+cd+bde+bf+abg+adg+afg
[1000100 0100000 0010000 0011100 0000100 0000010 0000001]0000100
[1000011 0110001 0010000 0001101 0000100 0000011 0000001]0000010
[1000110 0110100 0010000 0011100 0000100 0000010 0000001]0000110
[1000001 0100101 0010000 0001001 0000100 0000011 0000001]0000100
[1000100 0100100 0010000 0011000 0000100 0000010 0000001]0000100
stabSize=64

anf=c+abc+cd+bde+bf+abg+adg+afg
[1000100 0100000 0010000 0011100 0000100 0000010 0000001]0000100
[1000011 0110001 0010000 0001101 0000100 0000011 0000001]0000010
[1000110 0110100 0010000 0011100 0000100 0000010 0000001]0000110
[1000001 0100101 0010000 0001001 0000100 0000011 0000001]0000100
[1000100 0100100 0010000 0011000 0000100 0000010 0000001]0000100
stabSize=64

anf=1+c+abc+cd+bde+bf+abg+adg+afg
[1000100 0100000 0010000 0011100 0000100 0000010 0000001]0000100
[1000011 0110001 0010000 0001101 0000100 0000011 0000001]0000010
[1000110 0110100 0010000 0011100 0000100 0000010 0000001]0000110
[1000001 0100101 0010000 0001001 0000100 0000011 0000001]0000100
[1000100 0100100 0010000 0011000 0000100 0000010 0000001]0000100
stabSize=64

anf=a+abc+cd+bde+bf+abg+adg+afg
[1000001 0100000 0010000 0001000 0000100 0000010 0000001]0000001
[1000000 0100001 0010000 0001001 0000100 0000011 0000001]0000001
[1000000 0100100 0010000 0001100 0000100 0000010 0000001]0000000
[1000100 0110100 0010000 0011000 0000100 0000010 0000001]0010000
[1000001 0100101 0010000 0001001 0000100 0000011 0000001]0000100
stabSize=32

anf=1+a+abc+cd+bde+bf+abg+adg+afg
[1000001 0100000 0010000 0001000 0000100 0000010 0000001]0000001
[1000000 0100001 0010000 0001001 0000100 0000011 0000001]0000001
[1000000 0100100 0010000 0001100 0000100 0000010 0000001]0000000
[1000100 0110100 0010000 0011000 0000100 0000010 0000001]0010000
[1000001 0100101 0010000 0001001 0000100 0000011 0000001]0000100
stabSize=32

anf=abc+cd+bde+bf+abg+adg+afg
[1000001 0100000 0010000 0001000 0000100 0000010 0000001]0000001
[1000000 0100001 0010000 0001001 0000100 0000011 0000001]0000001
[1000000 0100100 0010000 0001100 0000100 0000010 0000001]0000000
[1000100 0110100 0010000 0011000 0000100 0000010 0000001]0010000
[1000001 0100101 0010000 0001001 0000100 0000011 0000001]0000100
stabSize=32

anf=1+abc+cd+bde+bf+abg+adg+afg
[1000001 0100000 0010000 0001000 0000100 0000010 0000001]0000001
[1000000 0100001 0010000 0001001 0000100 0000011 0000001]0000001
[1000000 0100100 0010000 0001100 0000100 0000010 0000001]0000000
[1000100 0110100 0010000 0011000 0000100 0000010 0000001]0010000
[1000001 0100101 0010000 0001001 0000100 0000011 0000001]0000100
stabSize=32

anf=abc+ad+e+bde+bf+g+abg+adg+afg
[0110101 1000101 0010000 0001000 0010001 0011010 0010100]0010000
[1011011 0110101 0010000 0011000 0010100 0010010 0000001]0000101
[1010111 0110111 0010000 0001000 0000100 0010010 0010001]0010111
[1001010 0101010 0010000 0001000 0010100 0000010 0000001]0001010
stabSize=256

anf=abc+ad+e+bde+f+bf+abg+adg+afg
[1001110 0111111 0010000 0011001 0010100 0000011 0000001]0001111
[1010001 0100011 0010000 0011000 0000100 0010010 0010001]0010001
[1001111 0101111 0010000 0001000 0010100 0010010 0000001]0001111
[1010001 0110001 0010000 0011000 0000100 0010010 0000001]0010001
[1001011 0110001 0010000 0011000 0010100 0010010 0000001]0010001
[1010111 0110111 0010000 0001000 0000100 0010010 0010001]0010111
stabSize=512

anf=1+abc+ad+e+bde+f+bf+abg+adg+afg
[1001110 0111111 0010000 0011001 0010100 0000011 0000001]0001111
[1010001 0100011 0010000 0011000 0000100 0010010 0010001]0010001
[1001111 0101111 0010000 0001000 0010100 0010010 0000001]0001111
[1010001 0110001 0010000 0011000 0000100 0010010 0000001]0010001
[1001011 0110001 0010000 0011000 0010100 0010010 0000001]0010001
[1010111 0110111 0010000 0001000 0000100 0010010 0010001]0010111
stabSize=512

anf=a+abc+ad+bde+f+bf+abg+adg+afg
[1000101 0100000 0010000 0011100 0000100 0000010 0000001]0000101
[1000100 0100100 0010000 0011000 0000100 0000010 0000001]0000100
[1001111 0110001 0010000 0001000 0010100 0010010 0000001]0000001
[1010001 0100100 0010000 0011001 0000100 0010011 0000001]0000100
[1010001 0110001 0010000 0011000 0000100 0010010 0000001]0010001
[1001100 0111001 0010000 0011100 0010100 0010010 0010001]0001100
[1001000 0111111 0010000 0001100 0010100 0010010 0000001]0001000
stabSize=2048

anf=abc+ad+bde+f+bf+abg+adg+afg
[1011000 0111000 0010000 0001000 0010100 0000010 0010001]0011000
[0101111 1001000 0010000 0001001 0010001 0001010 0000100]0011000
[0111011 1011001 0010000 0011101 0010001 0011110 0000100]0001001
[1001100 0111111 0010000 0001000 0010100 0010010 0000001]0001100
stabSize=4096

anf=1+abc+ad+bde+f+bf+abg+adg+afg
[1011000 0111000 0010000 0001000 0010100 0000010 0010001]0011000
[0101111 1001000 0010000 0001001 0010001 0001010 0000100]0011000
[0111011 1011001 0010000 0011101 0010001 0011110 0000100]0001001
[1001100 0111111 0010000 0001000 0010100 0010010 0000001]0001100
stabSize=4096

anf=abc+ad+e+bde+bf+abg+adg+afg
[1011011 0111011 0010000 0011000 0010100 0010010 0000001]0011011
[1000100 0101011 0010000 0011001 0000100 0000011 0000001]0011011
[1010000 0100000 0010000 0001000 0000100 0000010 0000001]0010000
[1001111 0100001 0010000 0001000 0010100 0010010 0000001]0010001
[1010011 0110011 0010000 0011000 0000100 0010010 0010001]0010011
[1010010 0110011 0010000 0011000 0000100 0010010 0010001]0010010
stabSize=256

anf=abc+d+ad+bde+bf+abg+adg+afg
[1010001 0110101 0010000 0011100 0000100 0010010 0000001]0010001
[1010001 0110100 0010000 0011001 0000100 0010011 0000001]0010100
[1010001 0110001 0010000 0011000 0000100 0010010 0000001]0010001
[1010111 0110111 0010000 0001000 0000100 0010010 0010001]0010111
[1000100 0100100 0010000 0011000 0000100 0000010 0000001]0000100
[1010010 0110111 0010000 0011100 0000100 0010010 0010001]0010010
[1001111 0110001 0010000 0001000 0010100 0010010 0000001]0000001
stabSize=1024

anf=1+abc+d+ad+bde+bf+abg+adg+afg
[1010001 0110101 0010000 0011100 0000100 0010010 0000001]0010001
[1010001 0110100 0010000 0011001 0000100 0010011 0000001]0010100
[1010001 0110001 0010000 0011000 0000100 0010010 0000001]0010001
[1010111 0110111 0010000 0001000 0000100 0010010 0010001]0010111
[1000100 0100100 0010000 0011000 0000100 0000010 0000001]0000100
[1010010 0110111 0010000 0011100 0000100 0010010 0010001]0010010
[1001111 0110001 0010000 0001000 0010100 0010010 0000001]0000001
stabSize=1024

anf=c+abc+ad+bde+bf+abg+adg+afg
[0111100 1001011 0010000 0001001 0000001 0001010 0000100]0001011
[1000011 0110100 0010000 0001100 0000100 0000010 0000001]0000011
[1000000 0100101 0010000 0001001 0000100 0000011 0000001]0000101
stabSize=128

anf=1+c+abc+ad+bde+bf+abg+adg+afg
[0111100 1001011 0010000 0001001 0000001 0001010 0000100]0001011
[1000011 0110100 0010000 0001100 0000100 0000010 0000001]0000011
[1000000 0100101 0010000 0001001 0000100 0000011 0000001]0000101
stabSize=128

anf=abc+ad+bde+bf+abg+adg+afg
[1000010 0110110 0010000 0001100 0000100 0000010 0010001]0000010
[1010111 0110111 0010000 0001000 0000100 0010010 0010001]0010111
[1000100 0100100 0010000 0011000 0000100 0000010 0000001]0000100
[1010010 0110111 0010000 0011100 0000100 0010010 0010001]0010010
[0110110 1010011 0010000 0001100 0000001 0001110 0010100]0010110
stabSize=2048

anf=1+abc+ad+bde+bf+abg+adg+afg
[1000010 0110110 0010000 0001100 0000100 0000010 0010001]0000010
[1010111 0110111 0010000 0001000 0000100 0010010 0010001]0010111
[1000100 0100100 0010000 0011000 0000100 0000010 0000001]0000100
[1010010 0110111 0010000 0011100 0000100 0010010 0010001]0010010
[0110110 1010011 0010000 0001100 0000001 0001110 0010100]0010110
stabSize=2048

anf=b+ac+abc+cd+e+ae+bde+f+abg+adg+afg
[1000110 0100000 0010000 0011100 0000100 0000010 0000001]0000110
[1010000 0110000 0010000 0001100 0000100 0000010 0000001]0010000
[1010011 0100001 0010000 0001101 0000100 0000011 0000001]0010110
[1010011 0100000 0010000 0001100 0000100 0000010 0000001]0010111
stabSize=32

anf=ac+abc+cd+e+ae+bde+f+abg+adg+afg
[1000110 0100000 0010000 0011100 0000100 0000010 0000001]0000110
[1010000 0110000 0010000 0001100 0000100 0000010 0000001]0010000
[1011111 0100001 0010000 0001101 0010100 0000011 0000001]0110110
[1001000 0100000 0010000 0001000 0010100 0000010 0000001]0100000
stabSize=64

anf=1+ac+abc+cd+e+ae+bde+f+abg+adg+afg
[1000110 0100000 0010000 0011100 0000100 0000010 0000001]0000110
[1010000 0110000 0010000 0001100 0000100 0000010 0000001]0010000
[1011111 0100001 0010000 0001101 0010100 0000011 0000001]0110110
[1001000 0100000 0010000 0001000 0010100 0000010 0000001]0100000
stabSize=64

anf=c+ac+abc+cd+ae+bde+f+abg+adg+afg
[1000000 0100001 0010000 0001001 0000100 0000011 0000001]0000001
[1000001 0100000 0010000 0001000 0000100 0000010 0000001]0000001
[1010000 0100100 0010000 0001100 0000100 0000010 0000001]0000000
[1000100 0100000 0010000 0011100 0000100 0000010 0000001]0000100
stabSize=16

anf=1+c+ac+abc+cd+ae+bde+f+abg+adg+afg
[1000000 0100001 0010000 0001001 0000100 0000011 0000001]0000001
[1000001 0100000 0010000 0001000 0000100 0000010 0000001]0000001
[1010000 0100100 0010000 0001100 0000100 0000010 0000001]0000000
[1000100 0100000 0010000 0011100 0000100 0000010 0000001]0000100
stabSize=16

anf=b+ac+abc+cd+ae+bde+f+abg+adg+afg
[1001111 0100001 0010000 0011001 0010100 0000011 0000001]0110010
[1001111 0100000 0010000 0011000 0010100 0000010 0000001]0110011
[1000100 0100101 0010000 0011101 0000100 0000011 0000001]0010001
[1000001 0100000 0010000 0001000 0000100 0000010 0000001]0000001
stabSize=32

anf=ac+abc+cd+ae+bde+f+abg+adg+afg
[1000000 0100001 0010000 0001001 0000100 0000011 0000001]0000001
[1000100 0100101 0010000 0011101 0000100 0000011 0000001]0010001
[1001000 0100000 0010000 0001000 0010100 0000010 0000001]0100000
stabSize=32

anf=b+ac+abc+cd+e+ae+bde+abg+adg+afg
[1010011 0110011 0010000 0001111 0000100 0000001 0000010]0010011
[1000101 0110011 0010000 0011111 0000100 0000001 0000011]0000000
[1000011 0100011 0010000 0001011 0000100 0000001 0000010]0000011
stabSize=96

anf=ac+abc+cd+e+ae+bde+abg+adg+afg
[1010011 0110011 0010000 0001111 0000100 0000001 0000010]0010011
[1011011 0110001 0010000 0011101 0010100 0000011 0000010]0110001
[1010010 0110000 0010000 0001100 0000100 0000010 0000001]0010010
stabSize=192

anf=1+ac+abc+cd+e+ae+bde+abg+adg+afg
[1010011 0110011 0010000 0001111 0000100 0000001 0000010]0010011
[1011011 0110001 0010000 0011101 0010100 0000011 0000010]0110001
[1010010 0110000 0010000 0001100 0000100 0000010 0000001]0010010
stabSize=192

anf=a+c+ac+abc+cd+ae+bde+abg+adg+afg
[1000011 0100011 0010000 0001011 0000100 0000001 0000010]0000011
[1000001 0100000 0010000 0001000 0000100 0000010 0000001]0000001
[1010010 0100111 0010000 0001111 0000100 0000001 0000011]0000011
[1000100 0100000 0010000 0011100 0000100 0000010 0000001]0000100
stabSize=96

anf=1+a+c+ac+abc+cd+ae+bde+abg+adg+afg
[1000011 0100011 0010000 0001011 0000100 0000001 0000010]0000011
[1000001 0100000 0010000 0001000 0000100 0000010 0000001]0000001
[1010010 0100111 0010000 0001111 0000100 0000001 0000011]0000011
[1000100 0100000 0010000 0011100 0000100 0000010 0000001]0000100
stabSize=96

anf=c+ac+abc+cd+ae+bde+abg+adg+afg
[1000011 0100011 0010000 0001011 0000100 0000001 0000010]0000011
[1000001 0100000 0010000 0001000 0000100 0000010 0000001]0000001
[1010010 0100111 0010000 0001111 0000100 0000001 0000011]0000011
[1000100 0100000 0010000 0011100 0000100 0000010 0000001]0000100
stabSize=96

anf=1+c+ac+abc+cd+ae+bde+abg+adg+afg
[1000011 0100011 0010000 0001011 0000100 0000001 0000010]0000011
[1000001 0100000 0010000 0001000 0000100 0000010 0000001]0000001
[1010010 0100111 0010000 0001111 0000100 0000001 0000011]0000011
[1000100 0100000 0010000 0011100 0000100 0000010 0000001]0000100
stabSize=96

anf=b+ac+abc+cd+ae+bde+abg+adg+afg
[1010011 0110101 0010000 0001101 0000100 0000011 0000010]0000101
[1010111 0110011 0010000 0011011 0000100 0000001 0000010]0010111
[1010111 0110000 0010000 0011000 0000100 0000010 0000001]0010111
stabSize=96

anf=ac+abc+cd+ae+bde+abg+adg+afg
[1010011 0110101 0010000 0001101 0000100 0000011 0000010]0000101
[1010111 0110011 0010000 0011011 0000100 0000001 0000010]0010111
[1001000 0100000 0010000 0001000 0010100 0000010 0000001]0100000
stabSize=192

anf=1+ac+abc+cd+ae+bde+abg+adg+afg
[1010011 0110101 0010000 0001101 0000100 0000011 0000010]0000101
[1010111 0110011 0010000 0011011 0000100 0000001 0000010]0010111
[1001000 0100000 0010000 0001000 0010100 0000010 0000001]0100000
stabSize=192

anf=ac+abc+cd+e+bde+f+abg+adg+afg
[1010110 0110000 0010000 0011000 0000100 0000010 0000001]0010110
[1001001 0100001 0010000 0001001 0010100 0000011 0000001]0100000
[1001000 0100000 0010000 0001000 0010100 0000010 0000001]0100000
stabSize=16

anf=b+ac+abc+d+cd+bde+f+abg+adg+afg
[1001011 0100000 0010000 0001000 0010100 0000010 0000001]0100011
[1010101 0110000 0010000 0011000 0000100 0000010 0000001]0010101
[1010100 0110100 0010000 0011100 0000100 0000010 0000001]0010100
[1001011 0100101 0010000 0011101 0010100 0000011 0000001]0110110
[1000001 0110000 0010000 0001100 0000100 0000010 0000001]0000001
stabSize=128

anf=1+b+ac+abc+d+cd+bde+f+abg+adg+afg
[1001011 0100000 0010000 0001000 0010100 0000010 0000001]0100011
[1010101 0110000 0010000 0011000 0000100 0000010 0000001]0010101
[1010100 0110100 0010000 0011100 0000100 0000010 0000001]0010100
[1001011 0100101 0010000 0011101 0010100 0000011 0000001]0110110
[1000001 0110000 0010000 0001100 0000100 0000010 0000001]0000001
stabSize=128

anf=ac+abc+d+cd+bde+f+abg+adg+afg
[1010101 0110000 0010000 0011000 0000100 0000010 0000001]0010101
[1010100 0110100 0010000 0011100 0000100 0000010 0000001]0010100
[1010100 0100101 0010000 0011101 0000100 0000011 0000001]0010001
[1000001 0110000 0010000 0001100 0000100 0000010 0000001]0000001
[1000000 0100100 0010000 0001100 0000100 0000010 0000001]0000000
[1010101 0110000 0010000 0011100 0000100 0000010 0000001]0010001
stabSize=64

anf=c+ac+abc+cd+bde+f+abg+adg+afg
[1000001 0100000 0010000 0001000 0000100 0000010 0000001]0000001
[1000000 0100100 0010000 0001100 0000100 0000010 0000001]0000000
[1000000 0100101 0010000 0001101 0000100 0000011 0000001]0000001
[1000001 0100001 0010000 0001101 0000100 0000011 0000001]0000100
stabSize=16

anf=1+c+ac+abc+cd+bde+f+abg+adg+afg
[1000001 0100000 0010000 0001000 0000100 0000010 0000001]0000001
[1000000 0100100 0010000 0001100 0000100 0000010 0000001]0000000
[1000000 0100101 0010000 0001101 0000100 0000011 0000001]0000001
[1000001 0100001 0010000 0001101 0000100 0000011 0000001]0000100
stabSize=16

anf=b+ac+abc+cd+bde+f+abg+adg+afg
[1010100 0100101 0010000 0011101 0000100 0000011 0000001]0010001
[1010100 0110100 0010000 0011100 0000100 0000010 0000001]0010100
[1000001 0110000 0010000 0001100 0000100 0000010 0000001]0000001
[1010101 0110000 0010000 0011000 0000100 0000010 0000001]0010101
[1000000 0100100 0010000 0001100 0000100 0000010 0000001]0000000
[1010101 0110000 0010000 0011100 0000100 0000010 0000001]0010001
stabSize=64

anf=ac+abc+cd+bde+f+abg+adg+afg
[1010100 0100101 0010000 0011101 0000100 0000011 0000001]0010001
[1010100 0110100 0010000 0011100 0000100 0000010 0000001]0010100
[1000001 0110000 0010000 0001100 0000100 0000010 0000001]0000001
[1001000 0100000 0010000 0001000 0010100 0000010 0000001]0100000
stabSize=128

anf=1+ac+abc+cd+bde+f+abg+adg+afg
[1010100 0100101 0010000 0011101 0000100 0000011 0000001]0010001
[1010100 0110100 0010000 0011100 0000100 0000010 0000001]0010100
[1000001 0110000 0010000 0001100 0000100 0000010 0000001]0000001
[1001000 0100000 0010000 0001000 0010100 0000010 0000001]0100000
stabSize=128

anf=ac+abc+cd+e+bde+abg+adg+afg
[1000011 0100011 0010000 0001011 0000100 0000001 0000010]0000011
[1001000 0100000 0010000 0001000 0010100 0000010 0000001]0100000
[1000000 0100000 0010000 0001000 0000100 0000010 0000011]0000010
stabSize=48

anf=b+ac+abc+d+cd+bde+abg+adg+afg
[1010111 0100000 0010000 0011100 0000100 0000010 0000001]0010111
[1000011 0100011 0010000 0001011 0000100 0000001 0000010]0000011
[1010111 0110111 0010000 0011111 0000100 0000001 0000010]0010111
[1000001 0110000 0010000 0001100 0000100 0000010 0000001]0000001
[1000011 0110001 0010000 0001001 0000100 0000011 0000010]0000101
stabSize=384

anf=1+b+ac+abc+d+cd+bde+abg+adg+afg
[1010111 0100000 0010000 0011100 0000100 0000010 0000001]0010111
[1000011 0100011 0010000 0001011 0000100 0000001 0000010]0000011
[1010111 0110111 0010000 0011111 0000100 0000001 0000010]0010111
[1000001 0110000 0010000 0001100 0000100 0000010 0000001]0000001
[1000011 0110001 0010000 0001001 0000100 0000011 0000010]0000101
stabSize=384

anf=ac+abc+d+cd+bde+abg+adg+afg
[1010111 0100000 0010000 0011100 0000100 0000010 0000001]0010111
[1000011 0100011 0010000 0001011 0000100 0000001 0000010]0000011
[1010111 0110111 0010000 0011111 0000100 0000001 0000010]0010111
[1000001 0110000 0010000 0001100 0000100 0000010 0000001]0000001
[1000011 0110001 0010000 0001001 0000100 0000011 0000010]0000101
stabSize=384

anf=1+ac+abc+d+cd+bde+abg+adg+afg
[1010111 0100000 0010000 0011100 0000100 0000010 0000001]0010111
[1000011 0100011 0010000 0001011 0000100 0000001 0000010]0000011
[1010111 0110111 0010000 0011111 0000100 0000001 0000010]0010111
[1000001 0110000 0010000 0001100 0000100 0000010 0000001]0000001
[1000011 0110001 0010000 0001001 0000100 0000011 0000010]0000101
stabSize=384

anf=a+c+ac+abc+cd+bde+abg+adg+afg
[1000001 0100111 0010000 0001111 0000100 0000001 0000010]0000001
[1000001 0100000 0010000 0001000 0000100 0000010 0000001]0000001
[1000001 0100001 0010000 0001101 0000100 0000011 0000010]0000111
[1000011 0100011 0010000 0001011 0000100 0000001 0000010]0000011
stabSize=96

anf=1+a+c+ac+abc+cd+bde+abg+adg+afg
[1000001 0100111 0010000 0001111 0000100 0000001 0000010]0000001
[1000001 0100000 0010000 0001000 0000100 0000010 0000001]0000001
[1000001 0100001 0010000 0001101 0000100 0000011 0000010]0000111
[1000011 0100011 0010000 0001011 0000100 0000001 0000010]0000011
stabSize=96

anf=c+ac+abc+cd+bde+abg+adg+afg
[1000001 0100111 0010000 0001111 0000100 0000001 0000010]0000001
[1000001 0100000 0010000 0001000 0000100 0000010 0000001]0000001
[1000001 0100001 0010000 0001101 0000100 0000011 0000010]0000111
[1000011 0100011 0010000 0001011 0000100 0000001 0000010]0000011
stabSize=96

anf=1+c+ac+abc+cd+bde+abg+adg+afg
[1000001 0100111 0010000 0001111 0000100 0000001 0000010]0000001
[1000001 0100000 0010000 0001000 0000100 0000010 0000001]0000001
[1000001 0100001 0010000 0001101 0000100 0000011 0000010]0000111
[1000011 0100011 0010000 0001011 0000100 0000001 0000010]0000011
stabSize=96

anf=a+b+ac+abc+cd+bde+abg+adg+afg
[1000011 0100011 0010000 0001011 0000100 0000001 0000010]0000011
[1010111 0110111 0010000 0011111 0000100 0000001 0000010]0010111
[1000001 0110000 0010000 0001100 0000100 0000010 0000001]0000001
[1000010 0110011 0010000 0001011 0000100 0000001 0000011]0000111
[1000000 0100111 0010000 0001111 0000100 0000001 0000010]0000000
stabSize=384

anf=b+ac+abc+cd+bde+abg+adg+afg
[1000011 0100011 0010000 0001011 0000100 0000001 0000010]0000011
[1010111 0110111 0010000 0011111 0000100 0000001 0000010]0010111
[1000001 0110000 0010000 0001100 0000100 0000010 0000001]0000001
[1000010 0110011 0010000 0001011 0000100 0000001 0000011]0000111
[1000000 0100111 0010000 0001111 0000100 0000001 0000010]0000000
stabSize=384

anf=a+ac+abc+cd+bde+abg+adg+afg
[1000011 0100011 0010000 0001011 0000100 0000001 0000010]0000011
[1010111 0110111 0010000 0011111 0000100 0000001 0000010]0010111
[1000001 0110000 0010000 0001100 0000100 0000010 0000001]0000001
[1001000 0100000 0010000 0001000 0010100 0000010 0000001]0100000
[1001001 0110011 0010000 0001011 0010100 0000001 0000011]0110100
stabSize=768

anf=1+a+ac+abc+cd+bde+abg+adg+afg
[1000011 0100011 0010000 0001011 0000100 0000001 0000010]0000011
[1010111 0110111 0010000 0011111 0000100 0000001 0000010]0010111
[1000001 0110000 0010000 0001100 0000100 0000010 0000001]0000001
[1001000 0100000 0010000 0001000 0010100 0000010 0000001]0100000
[1001001 0110011 0010000 0001011 0010100 0000001 0000011]0110100
stabSize=768

anf=ac+abc+cd+bde+abg+adg+afg
[1000011 0100011 0010000 0001011 0000100 0000001 0000010]0000011
[1010111 0110111 0010000 0011111 0000100 0000001 0000010]0010111
[1000001 0110000 0010000 0001100 0000100 0000010 0000001]0000001
[1001000 0100000 0010000 0001000 0010100 0000010 0000001]0100000
[1001001 0110011 0010000 0001011 0010100 0000001 0000011]0110100
stabSize=768

anf=1+ac+abc+cd+bde+abg+adg+afg
[1000011 0100011 0010000 0001011 0000100 0000001 0000010]0000011
[1010111 0110111 0010000 0011111 0000100 0000001 0000010]0010111
[1000001 0110000 0010000 0001100 0000100 0000010 0000001]0000001
[1001000 0100000 0010000 0001000 0010100 0000010 0000001]0100000
[1001001 0110011 0010000 0001011 0010100 0000001 0000011]0110100
stabSize=768

anf=c+abc+cd+e+bde+f+abg+adg+afg
[1000000 0110100 0010000 0001100 0000100 0000010 0000001]0010100
[1000000 0110101 0010000 0001101 0000100 0000011 0000001]0010101
[1000001 0100000 0010000 0001000 0000100 0000010 0000001]0000001
stabSize=8

anf=abc+cd+e+bde+f+abg+adg+afg
[1000110 0100000 0010000 0011100 0000100 0000010 0000001]0000110
[1000001 0110000 0010000 0001100 0000100 0000010 0000001]0010001
[1000110 0100001 0010000 0011101 0000100 0000011 0000001]0000111
stabSize=16

anf=1+abc+cd+e+bde+f+abg+adg+afg
[1000110 0100000 0010000 0011100 0000100 0000010 0000001]0000110
[1000001 0110000 0010000 0001100 0000100 0000010 0000001]0010001
[1000110 0100001 0010000 0011101 0000100 0000011 0000001]0000111
stabSize=16

anf=b+c+abc+cd+bde+f+abg+adg+afg
[1000101 0100000 0010000 0011100 0000100 0000010 0000001]0000101
[1000001 0100000 0010000 0001000 0000100 0000010 0000001]0000001
[1000101 0100101 0010000 0011101 0000100 0000011 0000001]0000000
[1000101 0100000 0010000 0011000 0000100 0000010 0000001]0000001
[1000100 0100100 0010000 0011000 0000100 0000010 0000001]0000100
stabSize=32

anf=1+b+c+abc+cd+bde+f+abg+adg+afg
[1000101 0100000 0010000 0011100 0000100 0000010 0000001]0000101
[1000001 0100000 0010000 0001000 0000100 0000010 0000001]0000001
[1000101 0100101 0010000 0011101 0000100 0000011 0000001]0000000
[1000101 0100000 0010000 0011000 0000100 0000010 0000001]0000001
[1000100 0100100 0010000 0011000 0000100 0000010 0000001]0000100
stabSize=32

anf=c+abc+cd+bde+f+abg+adg+afg
[1000101 0100000 0010000 0011100 0000100 0000010 0000001]0000101
[1000001 0100000 0010000 0001000 0000100 0000010 0000001]0000001
[1000101 0100101 0010000 0011101 0000100 0000011 0000001]0000000
[1000101 0100000 0010000 0011000 0000100 0000010 0000001]0000001
[1000100 0100100 0010000 0011000 0000100 0000010 0000001]0000100
stabSize=32

anf=1+c+abc+cd+bde+f+abg+adg+afg
[1000101 0100000 0010000 0011100 0000100 0000010 0000001]0000101
[1000001 0100000 0010000 0001000 0000100 0000010 0000001]0000001
[1000101 0100101 0010000 0011101 0000100 0000011 0000001]0000000
[1000101 0100000 0010000 0011000 0000100 0000010 0000001]0000001
[1000100 0100100 0010000 0011000 0000100 0000010 0000001]0000100
stabSize=32

anf=b+abc+cd+bde+f+abg+adg+afg
[1000001 0100000 0010000 0001000 0000100 0000010 0000001]0000001
[1000000 0100100 0010000 0001100 0000100 0000010 0000001]0000000
[1000100 0110100 0010000 0011000 0000100 0000010 0000001]0010000
[1000001 0100100 0010000 0001000 0000100 0000010 0000001]0000101
[1000101 0110001 0010000 0011001 0000100 0000011 0000001]0010100
stabSize=32

anf=1+b+abc+cd+bde+f+abg+adg+afg
[1000001 0100000 0010000 0001000 0000100 0000010 0000001]0000001
[1000000 0100100 0010000 0001100 0000100 0000010 0000001]0000000
[1000100 0110100 0010000 0011000 0000100 0000010 0000001]0010000
[1000001 0100100 0010000 0001000 0000100 0000010 0000001]0000101
[1000101 0110001 0010000 0011001 0000100 0000011 0000001]0010100
stabSize=32

anf=abc+cd+bde+f+abg+adg+afg
[1000001 0100000 0010000 0001000 0000100 0000010 0000001]0000001
[1000000 0100100 0010000 0001100 0000100 0000010 0000001]0000000
[1000100 0110100 0010000 0011000 0000100 0000010 0000001]0010000
[1000001 0100100 0010000 0001000 0000100 0000010 0000001]0000101
[1000101 0110001 0010000 0011001 0000100 0000011 0000001]0010100
stabSize=32

anf=1+abc+cd+bde+f+abg+adg+afg
[1000001 0100000 0010000 0001000 0000100 0000010 0000001]0000001
[1000000 0100100 0010000 0001100 0000100 0000010 0000001]0000000
[1000100 0110100 0010000 0011000 0000100 0000010 0000001]0010000
[1000001 0100100 0010000 0001000 0000100 0000010 0000001]0000101
[1000101 0110001 0010000 0011001 0000100 0000011 0000001]0010100
stabSize=32

anf=c+abc+cd+e+bde+abg+adg+afg
[1000011 0100011 0010000 0001011 0000100 0000001 0000010]0000011
[1000011 0110100 0010000 0001100 0000100 0000010 0000011]0010101
stabSize=48

anf=1+c+abc+cd+e+bde+abg+adg+afg
[1000011 0100011 0010000 0001011 0000100 0000001 0000010]0000011
[1000011 0110100 0010000 0001100 0000100 0000010 0000011]0010101
stabSize=48

anf=abc+cd+e+bde+abg+adg+afg
[1000000 0110011 0010000 0001111 0000100 0000001 0000011]0010001
[1000011 0100011 0010000 0001011 0000100 0000001 0000010]0000011
stabSize=48

anf=1+abc+cd+e+bde+abg+adg+afg
[1000000 0110011 0010000 0001111 0000100 0000001 0000011]0010001
[1000011 0100011 0010000 0001011 0000100 0000001 0000010]0000011
stabSize=48

anf=a+b+c+abc+cd+bde+abg+adg+afg
[1000100 0100100 0010000 0011000 0000100 0000010 0000001]0000100
[1000111 0100111 0010000 0011011 0000100 0000001 0000010]0000111
[1000110 0100000 0010000 0011000 0000100 0000010 0000001]0000010
[1000100 0100011 0010000 0011111 0000100 0000001 0000011]0000101
stabSize=192

anf=1+a+b+c+abc+cd+bde+abg+adg+afg
[1000100 0100100 0010000 0011000 0000100 0000010 0000001]0000100
[1000111 0100111 0010000 0011011 0000100 0000001 0000010]0000111
[1000110 0100000 0010000 0011000 0000100 0000010 0000001]0000010
[1000100 0100011 0010000 0011111 0000100 0000001 0000011]0000101
stabSize=192

anf=b+c+abc+cd+bde+abg+adg+afg
[1000100 0100100 0010000 0011000 0000100 0000010 0000001]0000100
[1000111 0100111 0010000 0011011 0000100 0000001 0000010]0000111
[1000110 0100000 0010000 0011000 0000100 0000010 0000001]0000010
[1000100 0100011 0010000 0011111 0000100 0000001 0000011]0000101
stabSize=192

anf=1+b+c+abc+cd+bde+abg+adg+afg
[1000100 0100100 0010000 0011000 0000100 0000010 0000001]0000100
[1000111 0100111 0010000 0011011 0000100 0000001 0000010]0000111
[1000110 0100000 0010000 0011000 0000100 0000010 0000001]0000010
[1000100 0100011 0010000 0011111 0000100 0000001 0000011]0000101
stabSize=192

anf=a+c+abc+cd+bde+abg+adg+afg
[1000100 0100100 0010000 0011000 0000100 0000010 0000001]0000100
[1000111 0100111 0010000 0011011 0000100 0000001 0000010]0000111
[1000110 0100000 0010000 0011000 0000100 0000010 0000001]0000010
[1000100 0100011 0010000 0011111 0000100 0000001 0000011]0000101
stabSize=192

anf=1+a+c+abc+cd+bde+abg+adg+afg
[1000100 0100100 0010000 0011000 0000100 0000010 0000001]0000100
[1000111 0100111 0010000 0011011 0000100 0000001 0000010]0000111
[1000110 0100000 0010000 0011000 0000100 0000010 0000001]0000010
[1000100 0100011 0010000 0011111 0000100 0000001 0000011]0000101
stabSize=192

anf=c+abc+cd+bde+abg+adg+afg
[1000100 0100100 0010000 0011000 0000100 0000010 0000001]0000100
[1000111 0100111 0010000 0011011 0000100 0000001 0000010]0000111
[1000110 0100000 0010000 0011000 0000100 0000010 0000001]0000010
[1000100 0100011 0010000 0011111 0000100 0000001 0000011]0000101
stabSize=192

anf=1+c+abc+cd+bde+abg+adg+afg
[1000100 0100100 0010000 0011000 0000100 0000010 0000001]0000100
[1000111 0100111 0010000 0011011 0000100 0000001 0000010]0000111
[1000110 0100000 0010000 0011000 0000100 0000010 0000001]0000010
[1000100 0100011 0010000 0011111 0000100 0000001 0000011]0000101
stabSize=192

anf=a+b+abc+cd+bde+abg+adg+afg
[1000011 0100011 0010000 0001011 0000100 0000001 0000010]0000011
[1000011 0100111 0010000 0001111 0000100 0000001 0000010]0000011
[1000101 0110100 0010000 0011100 0000100 0000010 0000011]0010111
[1000111 0110101 0010000 0011001 0000100 0000011 0000001]0010010
stabSize=192

anf=1+a+b+abc+cd+bde+abg+adg+afg
[1000011 0100011 0010000 0001011 0000100 0000001 0000010]0000011
[1000011 0100111 0010000 0001111 0000100 0000001 0000010]0000011
[1000101 0110100 0010000 0011100 0000100 0000010 0000011]0010111
[1000111 0110101 0010000 0011001 0000100 0000011 0000001]0010010
stabSize=192

anf=b+abc+cd+bde+abg+adg+afg
[1000011 0100011 0010000 0001011 0000100 0000001 0000010]0000011
[1000011 0100111 0010000 0001111 0000100 0000001 0000010]0000011
[1000101 0110100 0010000 0011100 0000100 0000010 0000011]0010111
[1000111 0110101 0010000 0011001 0000100 0000011 0000001]0010010
stabSize=192

anf=1+b+abc+cd+bde+abg+adg+afg
[1000011 0100011 0010000 0001011 0000100 0000001 0000010]0000011
[1000011 0100111 0010000 0001111 0000100 0000001 0000010]0000011
[1000101 0110100 0010000 0011100 0000100 0000010 0000011]0010111
[1000111 0110101 0010000 0011001 0000100 0000011 0000001]0010010
stabSize=192

anf=a+abc+cd+bde+abg+adg+afg
[1000011 0100011 0010000 0001011 0000100 0000001 0000010]0000011
[1000011 0100111 0010000 0001111 0000100 0000001 0000010]0000011
[1000101 0110100 0010000 0011100 0000100 0000010 0000011]0010111
[1000111 0110101 0010000 0011001 0000100 0000011 0000001]0010010
stabSize=192

anf=1+a+abc+cd+bde+abg+adg+afg
[1000011 0100011 0010000 0001011 0000100 0000001 0000010]0000011
[1000011 0100111 0010000 0001111 0000100 0000001 0000010]0000011
[1000101 0110100 0010000 0011100 0000100 0000010 0000011]0010111
[1000111 0110101 0010000 0011001 0000100 0000011 0000001]0010010
stabSize=192

anf=abc+cd+bde+abg+adg+afg
[1000011 0100011 0010000 0001011 0000100 0000001 0000010]0000011
[1000011 0100111 0010000 0001111 0000100 0000001 0000010]0000011
[1000101 0110100 0010000 0011100 0000100 0000010 0000011]0010111
[1000111 0110101 0010000 0011001 0000100 0000011 0000001]0010010
stabSize=192

anf=1+abc+cd+bde+abg+adg+afg
[1000011 0100011 0010000 0001011 0000100 0000001 0000010]0000011
[1000011 0100111 0010000 0001111 0000100 0000001 0000010]0000011
[1000101 0110100 0010000 0011100 0000100 0000010 0000011]0010111
[1000111 0110101 0010000 0011001 0000100 0000011 0000001]0010010
stabSize=192

anf=bc+abc+ad+e+bde+f+abg+adg+afg
[1000100 0101011 0010000 0011001 0000100 0000011 0000001]0011111
[1001000 0100000 0010000 0001000 0010100 0000010 0000001]0001000
[1011000 0110001 0010000 0001001 0010100 0000011 0000001]0011001
[1010000 0110000 0010000 0001000 0000100 0000010 0000001]0010000
[1001111 0110000 0010000 0011000 0010100 0000010 0000001]0001111
stabSize=128

anf=1+bc+abc+ad+e+bde+f+abg+adg+afg
[1000100 0101011 0010000 0011001 0000100 0000011 0000001]0011111
[1001000 0100000 0010000 0001000 0010100 0000010 0000001]0001000
[1011000 0110001 0010000 0001001 0010100 0000011 0000001]0011001
[1010000 0110000 0010000 0001000 0000100 0000010 0000001]0010000
[1001111 0110000 0010000 0011000 0010100 0000010 0000001]0001111
stabSize=128

anf=bc+abc+d+ad+bde+f+abg+adg+afg
[1010000 0110000 0010000 0001000 0000100 0000010 0000001]0010000
[1000100 0100100 0010000 0011100 0000100 0000010 0000001]0000100
[1001110 0100100 0010000 0001100 0010100 0000010 0000001]0001110
[1001111 0100001 0010000 0011001 0010100 0000011 0000001]0011110
[1010101 0110100 0010000 0011100 0000100 0000010 0000001]0010101
[1010100 0110100 0010000 0011000 0000100 0000010 0000001]0010000
stabSize=256

anf=1+bc+abc+d+ad+bde+f+abg+adg+afg
[1010000 0110000 0010000 0001000 0000100 0000010 0000001]0010000
[1000100 0100100 0010000 0011100 0000100 0000010 0000001]0000100
[1001110 0100100 0010000 0001100 0010100 0000010 0000001]0001110
[1001111 0100001 0010000 0011001 0010100 0000011 0000001]0011110
[1010101 0110100 0010000 0011100 0000100 0000010 0000001]0010101
[1010100 0110100 0010000 0011000 0000100 0000010 0000001]0010000
stabSize=256

anf=c+bc+abc+ad+bde+f+abg+adg+afg
[1000000 0100100 0010000 0001100 0000100 0000010 0000001]0000000
[1000000 0100001 0010000 0001101 0000100 0000011 0000001]0000101
[1010001 0101111 0010000 0001101 0000100 0000011 0000001]0011010
[1000001 0100000 0010000 0001000 0000100 0000010 0000001]0000001
stabSize=32

anf=b+bc+abc+ad+bde+f+abg+adg+afg
[1010000 0110000 0010000 0001000 0000100 0000010 0000001]0010000
[1011001 0110000 0010000 0001000 0010100 0000010 0000001]0011001
[1010111 0101010 0010000 0011000 0000100 0000010 0000001]0011101
[1000011 0111011 0010000 0001101 0000100 0000011 0000001]0001100
[1010101 0110100 0010000 0011100 0000100 0000010 0000001]0010101
stabSize=512

anf=1+b+bc+abc+ad+bde+f+abg+adg+afg
[1010000 0110000 0010000 0001000 0000100 0000010 0000001]0010000
[1011001 0110000 0010000 0001000 0010100 0000010 0000001]0011001
[1010111 0101010 0010000 0011000 0000100 0000010 0000001]0011101
[1000011 0111011 0010000 0001101 0000100 0000011 0000001]0001100
[1010101 0110100 0010000 0011100 0000100 0000010 0000001]0010101
stabSize=512

anf=bc+abc+ad+bde+f+abg+adg+afg
[1010000 0110000 0010000 0001000 0000100 0000010 0000001]0010000
[1011001 0110000 0010000 0001000 0010100 0000010 0000001]0011001
[1010111 0101010 0010000 0011000 0000100 0000010 0000001]0011101
[1000011 0111011 0010000 0001101 0000100 0000011 0000001]0001100
[1010101 0110100 0010000 0011100 0000100 0000010 0000001]0010101
stabSize=512

anf=1+bc+abc+ad+bde+f+abg+adg+afg
[1010000 0110000 0010000 0001000 0000100 0000010 0000001]0010000
[1011001 0110000 0010000 0001000 0010100 0000010 0000001]0011001
[1010111 0101010 0010000 0011000 0000100 0000010 0000001]0011101
[1000011 0111011 0010000 0001101 0000100 0000011 0000001]0001100
[1010101 0110100 0010000 0011100 0000100 0000010 0000001]0010101
stabSize=512

anf=bc+abc+ad+e+bde+abg+adg+afg
[1001010 0100011 0010000 0001011 0010100 0000001 0000010]0001010
[1000100 0111101 0010000 0011011 0000100 0000001 0000010]0001010
[1010011 0110011 0010000 0001011 0000100 0000001 0000010]0010011
[1000001 0110011 0010000 0001011 0000100 0000001 0000011]0010000
[1000011 0100011 0010000 0001011 0000100 0000001 0000010]0000011
stabSize=384

anf=1+bc+abc+ad+e+bde+abg+adg+afg
[1001010 0100011 0010000 0001011 0010100 0000001 0000010]0001010
[1000100 0111101 0010000 0011011 0000100 0000001 0000010]0001010
[1010011 0110011 0010000 0001011 0000100 0000001 0000010]0010011
[1000001 0110011 0010000 0001011 0000100 0000001 0000011]0010000
[1000011 0100011 0010000 0001011 0000100 0000001 0000010]0000011
stabSize=384

anf=b+bc+abc+d+ad+bde+abg+adg+afg
[1010011 0110100 0010000 0001100 0000100 0000010 0000001]0010011
[1010011 0110011 0010000 0001011 0000100 0000001 0000010]0010011
[1000111 0110111 0010000 0011111 0000100 0000001 0000011]0010110
[1010100 0110100 0010000 0011100 0000100 0000010 0000001]0010100
[1001101 0101010 0010000 0001100 0010100 0000010 0000001]0010011
stabSize=1536

anf=1+b+bc+abc+d+ad+bde+abg+adg+afg
[1010011 0110100 0010000 0001100 0000100 0000010 0000001]0010011
[1010011 0110011 0010000 0001011 0000100 0000001 0000010]0010011
[1000111 0110111 0010000 0011111 0000100 0000001 0000011]0010110
[1010100 0110100 0010000 0011100 0000100 0000010 0000001]0010100
[1001101 0101010 0010000 0001100 0010100 0000010 0000001]0010011
stabSize=1536

anf=bc+abc+d+ad+bde+abg+adg+afg
[1010011 0110100 0010000 0001100 0000100 0000010 0000001]0010011
[1010011 0110011 0010000 0001011 0000100 0000001 0000010]0010011
[1000111 0110111 0010000 0011111 0000100 0000001 0000011]0010110
[1010100 0110100 0010000 0011100 0000100 0000010 0000001]0010100
[1001101 0101010 0010000 0001100 0010100 0000010 0000001]0010011
stabSize=1536

anf=1+bc+abc+d+ad+bde+abg+adg+afg
[1010011 0110100 0010000 0001100 0000100 0000010 0000001]0010011
[1010011 0110011 0010000 0001011 0000100 0000001 0000010]0010011
[1000111 0110111 0010000 0011111 0000100 0000001 0000011]0010110
[1010100 0110100 0010000 0011100 0000100 0000010 0000001]0010100
[1001101 0101010 0010000 0001100 0010100 0000010 0000001]0010011
stabSize=1536

anf=c+bc+abc+ad+bde+abg+adg+afg
[1010001 0111011 0010000 0001001 0000100 0000011 0000001]0001010
[1000011 0100111 0010000 0001111 0000100 0000001 0000010]0000011
[1000001 0100100 0010000 0001100 0000100 0000010 0000001]0000001
stabSize=192

anf=1+c+bc+abc+ad+bde+abg+adg+afg
[1010001 0111011 0010000 0001001 0000100 0000011 0000001]0001010
[1000011 0100111 0010000 0001111 0000100 0000001 0000010]0000011
[1000001 0100100 0010000 0001100 0000100 0000010 0000001]0000001
stabSize=192

anf=a+bc+abc+ad+bde+abg+adg+afg
[1010011 0110011 0010000 0001011 0000100 0000001 0000010]0010011
[1000111 0110111 0010000 0011111 0000100 0000001 0000011]0010110
[1010101 0110100 0010000 0011100 0000100 0000010 0000001]0010101
[1011001 0100111 0010000 0011111 0010100 0000001 0000010]0011001
[1000011 0100011 0010000 0001011 0000100 0000001 0000010]0000011
[1010011 0110000 0010000 0001100 0000100 0000010 0000001]0010111
stabSize=1536

anf=1+a+bc+abc+ad+bde+abg+adg+afg
[1010011 0110011 0010000 0001011 0000100 0000001 0000010]0010011
[1000111 0110111 0010000 0011111 0000100 0000001 0000011]0010110
[1010101 0110100 0010000 0011100 0000100 0000010 0000001]0010101
[1011001 0100111 0010000 0011111 0010100 0000001 0000010]0011001
[1000011 0100011 0010000 0001011 0000100 0000001 0000010]0000011
[1010011 0110000 0010000 0001100 0000100 0000010 0000001]0010111
stabSize=1536

anf=bc+abc+ad+bde+abg+adg+afg
[1010011 0110011 0010000 0001011 0000100 0000001 0000010]0010011
[1000111 0110111 0010000 0011111 0000100 0000001 0000011]0010110
[1010101 0110100 0010000 0011100 0000100 0000010 0000001]0010101
[1011001 0100111 0010000 0011111 0010100 0000001 0000010]0011001
[1000011 0100011 0010000 0001011 0000100 0000001 0000010]0000011
[1010011 0110000 0010000 0001100 0000100 0000010 0000001]0010111
stabSize=1536

anf=1+bc+abc+ad+bde+abg+adg+afg
[1010011 0110011 0010000 0001011 0000100 0000001 0000010]0010011
[1000111 0110111 0010000 0011111 0000100 0000001 0000011]0010110
[1010101 0110100 0010000 0011100 0000100 0000010 0000001]0010101
[1011001 0100111 0010000 0011111 0010100 0000001 0000010]0011001
[1000011 0100011 0010000 0001011 0000100 0000001 0000010]0000011
[1010011 0110000 0010000 0001100 0000100 0000010 0000001]0010111
stabSize=1536

anf=abc+ad+e+bde+f+abg+adg+afg
[1000110 0100110 0010000 0011000 0000100 0000010 0010001]0000110
[1010001 0110001 0010000 0011000 0000100 0010010 0000001]0010001
[1000100 0101111 0010000 0001000 0000100 0010010 0000001]0001110
[1000100 0111111 0010000 0011001 0000100 0000011 0000001]0001111
[1011110 0111111 0010000 0001000 0010100 0010010 0000001]0011110
[1001110 0101110 0010000 0011000 0010100 0000010 0000001]0001110
stabSize=256

anf=abc+d+ad+bde+f+abg+adg+afg
[1011010 0111111 0010000 0001100 0010100 0010010 0000001]0011010
[1010101 0110101 0010000 0001000 0000100 0010010 0000001]0010101
[1011111 0111111 0010000 0001000 0010100 0010010 0000001]0011111
[1001011 0111111 0010000 0001001 0010100 0000011 0000001]0001110
[1000100 0100100 0010000 0011000 0000100 0000010 0000001]0000100
[1011110 0111111 0010000 0001000 0010100 0010010 0000001]0011110
[1001010 0111011 0010000 0001100 0010100 0010010 0000001]0001110
stabSize=512

anf=abc+ad+bde+f+abg+adg+afg
[1011000 0111000 0010000 0001000 0010100 0000010 0010001]0011000
[1000100 0110101 0010000 0001000 0000100 0010010 0000001]0000100
[1011010 0100100 0010000 0001000 0010100 0000010 0000001]0010100
[1010111 0101100 0010000 0011101 0000100 0000011 0010001]0001000
[1001101 0111000 0010000 0001100 0010100 0000010 0010001]0001101
stabSize=1024

anf=1+abc+ad+bde+f+abg+adg+afg
[1011000 0111000 0010000 0001000 0010100 0000010 0010001]0011000
[1000100 0110101 0010000 0001000 0000100 0010010 0000001]0000100
[1011010 0100100 0010000 0001000 0010100 0000010 0000001]0010100
[1010111 0101100 0010000 0011101 0000100 0000011 0010001]0001000
[1001101 0111000 0010000 0001100 0010100 0000010 0010001]0001101
stabSize=1024

anf=abc+ad+e+bde+abg+adg+afg
[1000010 0100010 0010000 0001000 0000100 0000010 0010001]0000010
[1001010 0111010 0010000 0011011 0010100 0010001 0010010]0001010
[1011010 0111010 0010000 0011011 0010100 0010001 0010010]0011010
[1001111 0110000 0010000 0001011 0010100 0010001 0000011]0010000
[1010000 0100010 0010000 0001011 0000100 0000001 0010010]0010000
stabSize=1536

anf=1+abc+ad+e+bde+abg+adg+afg
[1000010 0100010 0010000 0001000 0000100 0000010 0010001]0000010
[1001010 0111010 0010000 0011011 0010100 0010001 0010010]0001010
[1011010 0111010 0010000 0011011 0010100 0010001 0010010]0011010
[1001111 0110000 0010000 0001011 0010100 0010001 0000011]0010000
[1010000 0100010 0010000 0001011 0000100 0000001 0010010]0010000
stabSize=1536

anf=a+abc+d+ad+bde+abg+adg+afg
[1000111 0100011 0010000 0001100 0000100 0010010 0010001]0000111
[1010000 0100010 0010000 0001011 0000100 0000001 0010010]0010000
[1011010 0110001 0010000 0011011 0010100 0010001 0010011]0000001
[1010101 0110101 0010000 0001000 0000100 0010010 0000001]0010101
stabSize=6144

anf=1+a+abc+d+ad+bde+abg+adg+afg
[1000111 0100011 0010000 0001100 0000100 0010010 0010001]0000111
[1010000 0100010 0010000 0001011 0000100 0000001 0010010]0010000
[1011010 0110001 0010000 0011011 0010100 0010001 0010011]0000001
[1010101 0110101 0010000 0001000 0000100 0010010 0000001]0010101
stabSize=6144

anf=abc+d+ad+bde+abg+adg+afg
[1000111 0100011 0010000 0001100 0000100 0010010 0010001]0000111
[1010000 0100010 0010000 0001011 0000100 0000001 0010010]0010000
[1011010 0110001 0010000 0011011 0010100 0010001 0010011]0000001
[1010101 0110101 0010000 0001000 0000100 0010010 0000001]0010101
stabSize=6144

anf=1+abc+d+ad+bde+abg+adg+afg
[1000111 0100011 0010000 0001100 0000100 0010010 0010001]0000111
[1010000 0100010 0010000 0001011 0000100 0000001 0010010]0010000
[1011010 0110001 0010000 0011011 0010100 0010001 0010011]0000001
[1010101 0110101 0010000 0001000 0000100 0010010 0000001]0010101
stabSize=6144

anf=c+abc+ad+bde+abg+adg+afg
[1000011 0100011 0010000 0001011 0000100 0000001 0000010]0000011
[1000001 0100100 0010000 0001100 0000100 0000010 0000001]0000001
[1000010 0100101 0010000 0001001 0000100 0000011 0000010]0000100
[1010000 0101011 0010000 0001001 0000100 0000011 0000001]0001011
stabSize=192

anf=1+c+abc+ad+bde+abg+adg+afg
[1000011 0100011 0010000 0001011 0000100 0000001 0000010]0000011
[1000001 0100100 0010000 0001100 0000100 0000010 0000001]0000001
[1000010 0100101 0010000 0001001 0000100 0000011 0000010]0000100
[1010000 0101011 0010000 0001001 0000100 0000011 0000001]0001011
stabSize=192

anf=b+abc+ad+bde+abg+adg+afg
[1000111 0100011 0010000 0001100 0000100 0010010 0010001]0000111
[1001110 0101110 0010000 0001011 0010100 0010001 0010010]0001110
[1011110 0111111 0010000 0001000 0010100 0010010 0000001]0011110
[1010000 0100111 0010000 0011000 0000100 0010010 0000011]0000110
stabSize=6144

anf=1+b+abc+ad+bde+abg+adg+afg
[1000111 0100011 0010000 0001100 0000100 0010010 0010001]0000111
[1001110 0101110 0010000 0001011 0010100 0010001 0010010]0001110
[1011110 0111111 0010000 0001000 0010100 0010010 0000001]0011110
[1010000 0100111 0010000 0011000 0000100 0010010 0000011]0000110
stabSize=6144

anf=abc+ad+bde+abg+adg+afg
[1000111 0100011 0010000 0001100 0000100 0010010 0010001]0000111
[1001110 0101110 0010000 0001011 0010100 0010001 0010010]0001110
[1011110 0111111 0010000 0001000 0010100 0010010 0000001]0011110
[1010000 0100111 0010000 0011000 0000100 0010010 0000011]0000110
stabSize=6144

anf=1+abc+ad+bde+abg+adg+afg
[1000111 0100011 0010000 0001100 0000100 0010010 0010001]0000111
[1001110 0101110 0010000 0001011 0010100 0010001 0010010]0001110
[1011110 0111111 0010000 0001000 0010100 0010010 0000001]0011110
[1010000 0100111 0010000 0011000 0000100 0010010 0000011]0000110
stabSize=6144

anf=c+ac+bc+abc+bde+f+abg+adg+afg
[0111100 1011001 0010000 0001001 0000001 0001010 0000100]0001100
[1000000 0110001 0010000 0001001 0000100 0000011 0000001]0000001
[1000000 0110000 0010000 0001000 0000100 0000010 0000001]0000000
[1000001 0110100 0010000 0001100 0000100 0000010 0000001]0000001
stabSize=128

anf=1+c+ac+bc+abc+bde+f+abg+adg+afg
[0111100 1011001 0010000 0001001 0000001 0001010 0000100]0001100
[1000000 0110001 0010000 0001001 0000100 0000011 0000001]0000001
[1000000 0110000 0010000 0001000 0000100 0000010 0000001]0000000
[1000001 0110100 0010000 0001100 0000100 0000010 0000001]0000001
stabSize=128

anf=ac+bc+abc+bde+f+abg+adg+afg
[1000001 0100100 0010000 0001100 0000100 0000010 0000001]0000001
[0101000 1001000 0010000 0001000 0000001 0001010 0000100]0001000
[0110010 1011011 0010000 0001000 0000001 0001010 0000100]0000001
stabSize=64

anf=a+c+ac+bc+abc+d+bde+abg+adg+afg
[1000011 0100011 0010000 0001011 0000100 0000001 0000010]0000011
[1000010 0100100 0010000 0001100 0000100 0000010 0000001]0000010
[1010001 0110001 0010000 0001001 0000100 0000011 0000010]0000011
[1000011 0110011 0010000 0001111 0000100 0000001 0000011]0000110
[1000011 0110111 0010000 0001111 0000100 0000001 0000010]0000011
stabSize=384

anf=1+a+c+ac+bc+abc+d+bde+abg+adg+afg
[1000011 0100011 0010000 0001011 0000100 0000001 0000010]0000011
[1000010 0100100 0010000 0001100 0000100 0000010 0000001]0000010
[1010001 0110001 0010000 0001001 0000100 0000011 0000010]0000011
[1000011 0110011 0010000 0001111 0000100 0000001 0000011]0000110
[1000011 0110111 0010000 0001111 0000100 0000001 0000010]0000011
stabSize=384

anf=c+ac+bc+abc+d+bde+abg+adg+afg
[1000011 0100011 0010000 0001011 0000100 0000001 0000010]0000011
[1000010 0100100 0010000 0001100 0000100 0000010 0000001]0000010
[1010001 0110001 0010000 0001001 0000100 0000011 0000010]0000011
[1000011 0110011 0010000 0001111 0000100 0000001 0000011]0000110
[1000011 0110111 0010000 0001111 0000100 0000001 0000010]0000011
stabSize=384

anf=1+c+ac+bc+abc+d+bde+abg+adg+afg
[1000011 0100011 0010000 0001011 0000100 0000001 0000010]0000011
[1000010 0100100 0010000 0001100 0000100 0000010 0000001]0000010
[1010001 0110001 0010000 0001001 0000100 0000011 0000010]0000011
[1000011 0110011 0010000 0001111 0000100 0000001 0000011]0000110
[1000011 0110111 0010000 0001111 0000100 0000001 0000010]0000011
stabSize=384

anf=ac+bc+abc+d+bde+abg+adg+afg
[1000000 0100011 0010000 0001111 0000100 0000001 0000011]0000101
[1000000 0100111 0010000 0001111 0000100 0000001 0000010]0000000
[1000000 0100100 0010000 0001100 0000100 0000010 0000001]0000000
[1000001 0100111 0010000 0001111 0000100 0000001 0000010]0000001
stabSize=96

anf=a+b+c+ac+bc+abc+bde+abg+adg+afg
[1000011 0110111 0010000 0001111 0000100 0000001 0000010]0000011
[0110110 1000111 0010000 0000101 0000011 0000100 0001110]0000010
[1000000 0100000 0010000 0000110 0001010 0000010 0000001]0000000
stabSize=4608

anf=1+a+b+c+ac+bc+abc+bde+abg+adg+afg
[1000011 0110111 0010000 0001111 0000100 0000001 0000010]0000011
[0110110 1000111 0010000 0000101 0000011 0000100 0001110]0000010
[1000000 0100000 0010000 0000110 0001010 0000010 0000001]0000000
stabSize=4608

anf=a+c+ac+bc+abc+bde+abg+adg+afg
[1010000 0111111 0010000 0001001 0000100 0000011 0000001]0001111
[1010001 0111101 0010000 0001111 0000100 0000001 0000010]0001011
[1000011 0110111 0010000 0001111 0000100 0000001 0000010]0000011
[1000000 0101001 0010000 0001111 0001010 0000001 0000010]0000000
stabSize=2304

anf=1+a+c+ac+bc+abc+bde+abg+adg+afg
[1010000 0111111 0010000 0001001 0000100 0000011 0000001]0001111
[1010001 0111101 0010000 0001111 0000100 0000001 0000010]0001011
[1000011 0110111 0010000 0001111 0000100 0000001 0000010]0000011
[1000000 0101001 0010000 0001111 0001010 0000001 0000010]0000000
stabSize=2304

anf=c+ac+bc+abc+bde+abg+adg+afg
[1000011 0110111 0010000 0001111 0000100 0000001 0000010]0000011
[0110110 1000111 0010000 0000101 0000011 0000100 0001110]0000010
[1000000 0100000 0010000 0000110 0001010 0000010 0000001]0000000
stabSize=4608

anf=1+c+ac+bc+abc+bde+abg+adg+afg
[1000011 0110111 0010000 0001111 0000100 0000001 0000010]0000011
[0110110 1000111 0010000 0000101 0000011 0000100 0001110]0000010
[1000000 0100000 0010000 0000110 0001010 0000010 0000001]0000000
stabSize=4608

anf=ac+bc+abc+bde+abg+adg+afg
[0101000 1001010 0010000 0001011 0000011 0001010 0001110]0000001
[1000000 0101001 0010000 0001111 0001010 0000001 0000010]0000000
stabSize=1152

anf=1+ac+bc+abc+bde+abg+adg+afg
[0101000 1001010 0010000 0001011 0000011 0001010 0001110]0000001
[1000000 0101001 0010000 0001111 0001010 0000001 0000010]0000000
stabSize=1152

anf=ac+abc+d+bde+f+abg+adg+afg
[1000000 0100000 0010000 0010111 0001010 0010011 0000001]0000000
[1010000 0101111 0010000 0000111 0001010 0000011 0000001]0011111
[1010000 0100000 0010000 0001000 0000100 0000010 0000001]0010000
[1010000 0110000 0010000 0001000 0000100 0000010 0000001]0010000
[1010000 0100101 0010000 0001001 0000100 0000011 0000001]0010101
[1000001 0100100 0010000 0011101 0000100 0010011 0000001]0000001
stabSize=768

anf=1+ac+abc+d+bde+f+abg+adg+afg
[1000000 0100000 0010000 0010111 0001010 0010011 0000001]0000000
[1010000 0101111 0010000 0000111 0001010 0000011 0000001]0011111
[1010000 0100000 0010000 0001000 0000100 0000010 0000001]0010000
[1010000 0110000 0010000 0001000 0000100 0000010 0000001]0010000
[1010000 0100101 0010000 0001001 0000100 0000011 0000001]0010101
[1000001 0100100 0010000 0011101 0000100 0010011 0000001]0000001
stabSize=768

anf=ac+abc+bde+f+abg+adg+afg
[1010001 0101000 0010000 0001001 0000100 0000011 0010001]0011001
[1010000 0100100 0010000 0011101 0000100 0010011 0000001]0010000
[1010000 0100000 0010000 0001000 0000100 0000010 0000001]0010000
[1010000 0110000 0010000 0001000 0000100 0000010 0000001]0010000
[1000000 0100000 0010000 0011001 0000100 0010011 0000001]0000000
[1000001 0100100 0010000 0011101 0000100 0010011 0000001]0000001
stabSize=256

anf=1+ac+abc+bde+f+abg+adg+afg
[1010001 0101000 0010000 0001001 0000100 0000011 0010001]0011001
[1010000 0100100 0010000 0011101 0000100 0010011 0000001]0010000
[1010000 0100000 0010000 0001000 0000100 0000010 0000001]0010000
[1010000 0110000 0010000 0001000 0000100 0000010 0000001]0010000
[1000000 0100000 0010000 0011001 0000100 0010011 0000001]0000000
[1000001 0100100 0010000 0011101 0000100 0010011 0000001]0000001
stabSize=256

anf=c+ac+abc+d+bde+abg+adg+afg
[1000001 0100101 0010000 0001001 0000100 0000011 0000001]0000100
[1000011 0100000 0010000 0001100 0000100 0000010 0000011]0000101
[1000011 0100011 0010000 0001011 0000100 0000001 0000010]0000011
stabSize=96

anf=a+ac+abc+d+bde+abg+adg+afg
[1010000 0110100 0010000 0011011 0000100 0010001 0000011]0010110
[1010000 0110000 0010000 0001000 0000100 0000010 0000001]0010000
[1000011 0110100 0010000 0011101 0000100 0010011 0000001]0000011
[1000010 0110001 0010000 0011100 0000100 0010010 0000001]0000111
stabSize=1536

anf=1+a+ac+abc+d+bde+abg+adg+afg
[1010000 0110100 0010000 0011011 0000100 0010001 0000011]0010110
[1010000 0110000 0010000 0001000 0000100 0000010 0000001]0010000
[1000011 0110100 0010000 0011101 0000100 0010011 0000001]0000011
[1000010 0110001 0010000 0011100 0000100 0010010 0000001]0000111
stabSize=1536

anf=ac+abc+d+bde+abg+adg+afg
[1010000 0110100 0010000 0011011 0000100 0010001 0000011]0010110
[1010000 0110000 0010000 0001000 0000100 0000010 0000001]0010000
[1000011 0110100 0010000 0011101 0000100 0010011 0000001]0000011
[1000010 0110001 0010000 0011100 0000100 0010010 0000001]0000111
stabSize=1536

anf=1+ac+abc+d+bde+abg+adg+afg
[1010000 0110100 0010000 0011011 0000100 0010001 0000011]0010110
[1010000 0110000 0010000 0001000 0000100 0000010 0000001]0010000
[1000011 0110100 0010000 0011101 0000100 0010011 0000001]0000011
[1000010 0110001 0010000 0011100 0000100 0010010 0000001]0000111
stabSize=1536

anf=c+ac+abc+bde+abg+adg+afg
[1000001 0101010 0010000 0001000 0001110 0000010 0000001]0000001
[1000001 0100011 0010000 0000101 0001010 0000001 0000010]0000001
[1000011 0101011 0010000 0000111 0001010 0000011 0000010]0001011
stabSize=576

anf=1+c+ac+abc+bde+abg+adg+afg
[1000001 0101010 0010000 0001000 0001110 0000010 0000001]0000001
[1000001 0100011 0010000 0000101 0001010 0000001 0000010]0000001
[1000011 0101011 0010000 0000111 0001010 0000011 0000010]0001011
stabSize=576

anf=a+b+ac+abc+bde+abg+adg+afg
[1010000 0111001 0010000 0011101 0001010 0010011 0000010]0010000
[1000000 0101100 0010000 0000111 0001110 0000011 0010001]0001000
[1010001 0100100 0010000 0011101 0000100 0010011 0000001]0010001
stabSize=9216

anf=1+a+b+ac+abc+bde+abg+adg+afg
[1010000 0111001 0010000 0011101 0001010 0010011 0000010]0010000
[1000000 0101100 0010000 0000111 0001110 0000011 0010001]0001000
[1010001 0100100 0010000 0011101 0000100 0010011 0000001]0010001
stabSize=9216

anf=b+ac+abc+bde+abg+adg+afg
[1010000 0111001 0010000 0011101 0001010 0010011 0000010]0010000
[1000000 0101100 0010000 0000111 0001110 0000011 0010001]0001000
[1010001 0100100 0010000 0011101 0000100 0010011 0000001]0010001
stabSize=9216

anf=1+b+ac+abc+bde+abg+adg+afg
[1010000 0111001 0010000 0011101 0001010 0010011 0000010]0010000
[1000000 0101100 0010000 0000111 0001110 0000011 0010001]0001000
[1010001 0100100 0010000 0011101 0000100 0010011 0000001]0010001
stabSize=9216

anf=a+ac+abc+bde+abg+adg+afg
[1010000 0111001 0010000 0011101 0001010 0010011 0000010]0010000
[1000000 0101100 0010000 0000111 0001110 0000011 0010001]0001000
[1010001 0100100 0010000 0011101 0000100 0010011 0000001]0010001
stabSize=9216

anf=1+a+ac+abc+bde+abg+adg+afg
[1010000 0111001 0010000 0011101 0001010 0010011 0000010]0010000
[1000000 0101100 0010000 0000111 0001110 0000011 0010001]0001000
[1010001 0100100 0010000 0011101 0000100 0010011 0000001]0010001
stabSize=9216

anf=ac+abc+bde+abg+adg+afg
[1010000 0111001 0010000 0011101 0001010 0010011 0000010]0010000
[1000000 0101100 0010000 0000111 0001110 0000011 0010001]0001000
[1010001 0100100 0010000 0011101 0000100 0010011 0000001]0010001
stabSize=9216

anf=1+ac+abc+bde+abg+adg+afg
[1010000 0111001 0010000 0011101 0001010 0010011 0000010]0010000
[1000000 0101100 0010000 0000111 0001110 0000011 0010001]0001000
[1010001 0100100 0010000 0011101 0000100 0010011 0000001]0010001
stabSize=9216

anf=abc+bde+f+abg+adg+afg
[0110100 1000001 0010000 0001000 0010001 0001010 0010100]0010101
[1010001 0110000 0010000 0001100 0000100 0000010 0000001]0000101
[1011000 0111001 0010000 0001101 0010100 0010011 0010001]0011101
[1001000 0101000 0010000 0001000 0010100 0000010 0010001]0001000
stabSize=1024

anf=abc+d+bde+abg+adg+afg
[1000000 0100000 0010000 0011011 0000100 0010001 0010010]0000000
[1010101 0110101 0010000 0001000 0000100 0010010 0000001]0010101
[1010011 0110010 0010000 0001111 0000100 0000001 0010011]0000110
[1010110 0100111 0010000 0001000 0000100 0010010 0010001]0010110
[1000110 0110001 0010000 0001111 0000100 0010001 0000010]0000110
stabSize=3072

anf=1+abc+d+bde+abg+adg+afg
[1000000 0100000 0010000 0011011 0000100 0010001 0010010]0000000
[1010101 0110101 0010000 0001000 0000100 0010010 0000001]0010101
[1010011 0110010 0010000 0001111 0000100 0000001 0010011]0000110
[1010110 0100111 0010000 0001000 0000100 0010010 0010001]0010110
[1000110 0110001 0010000 0001111 0000100 0010001 0000010]0000110
stabSize=3072

anf=c+abc+bde+abg+adg+afg
[1000011 0100000 0010000 0000110 0001010 0000010 0000001]0000011
[0100110 1000111 0010000 0000111 0000010 0000100 0001010]0000101
stabSize=1152

anf=1+c+abc+bde+abg+adg+afg
[1000011 0100000 0010000 0000110 0001010 0000010 0000001]0000011
[0100110 1000111 0010000 0000111 0000010 0000100 0001010]0000101
stabSize=1152

anf=a+b+abc+bde+abg+adg+afg
[0110111 1011111 0010000 0000110 0000001 0010100 0011110]0000001
[1010010 0101010 0010000 0001000 0001110 0000010 0000001]0010010
stabSize=73728

anf=1+a+b+abc+bde+abg+adg+afg
[0110111 1011111 0010000 0000110 0000001 0010100 0011110]0000001
[1010010 0101010 0010000 0001000 0001110 0000010 0000001]0010010
stabSize=73728

anf=a+abc+bde+abg+adg+afg
[1011001 0110000 0010000 0001101 0010100 0010011 0010010]0010101
[1011010 0101100 0010000 0010101 0011110 0000001 0010010]0001010
stabSize=36864

anf=1+a+abc+bde+abg+adg+afg
[1011001 0110000 0010000 0001101 0010100 0010011 0010010]0010101
[1011010 0101100 0010000 0010101 0011110 0000001 0010010]0001010
stabSize=36864

anf=abc+bde+abg+adg+afg
[0110111 1011111 0010000 0000110 0000001 0010100 0011110]0000001
[1010010 0101010 0010000 0001000 0001110 0000010 0000001]0010010
stabSize=73728

anf=1+abc+bde+abg+adg+afg
[0110111 1011111 0010000 0000110 0000001 0010100 0011110]0000001
[1010010 0101010 0010000 0001000 0001110 0000010 0000001]0010010
stabSize=73728

anf=a+acd+bcd+be+ace+f+af+df+adf+abg+bdg+deg
[1111000 0110000 0000001 0011001 0100111 0000010 0010000]0000001
[1110111 0000111 0000001 0111110 0110110 0000010 0010001]0110111
[1000000 0100000 0010000 0001010 0000100 0000010 0000001]0000000
stabSize=96

anf=1+a+acd+bcd+be+ace+f+af+df+adf+abg+bdg+deg
[1111000 0110000 0000001 0011001 0100111 0000010 0010000]0000001
[1110111 0000111 0000001 0111110 0110110 0000010 0010001]0110111
[1000000 0100000 0010000 0001010 0000100 0000010 0000001]0000000
stabSize=96

anf=acd+bcd+be+ace+f+af+df+adf+abg+bdg+deg
[1111100 0100101 0010000 1000111 0110010 0000010 0000001]0000101
[1000101 0100100 0010001 0001110 0100010 0000010 0010000]0010101
[1010100 0110100 0010001 1111100 0000101 0000010 0000001]0010100
stabSize=288

anf=1+acd+bcd+be+ace+f+af+df+adf+abg+bdg+deg
[1111100 0100101 0010000 1000111 0110010 0000010 0000001]0000101
[1000101 0100100 0010001 0001110 0100010 0000010 0010000]0010101
[1010100 0110100 0010001 1111100 0000101 0000010 0000001]0010100
stabSize=288

anf=c+acd+bcd+be+ace+af+df+adf+abg+bdg+deg
[1000110 0100110 0010001 1101111 0000100 0000010 0000001]0000110
[1101100 0100101 0010000 1010110 0110000 0000010 0000001]0000101
[1111110 0010101 0010011 0001000 0110010 0000010 0000001]0110110
stabSize=48

anf=b+acd+bcd+be+ace+af+df+adf+abg+bdg+deg
[1010000 0110000 0010000 0001000 0010111 0000010 0000001]0010000
[1010100 0110100 0010001 1111110 0000101 0000010 0000001]0010100
[1110111 0000110 0000001 1011100 0100010 0000010 0010000]0110111
[0011010 0010101 0010010 1101101 0100101 0000010 0000001]0110110
stabSize=1152

anf=1+b+acd+bcd+be+ace+af+df+adf+abg+bdg+deg
[1010000 0110000 0010000 0001000 0010111 0000010 0000001]0010000
[1010100 0110100 0010001 1111110 0000101 0000010 0000001]0010100
[1110111 0000110 0000001 1011100 0100010 0000010 0010000]0110111
[0011010 0010101 0010010 1101101 0100101 0000010 0000001]0110110
stabSize=1152

anf=acd+bcd+be+ace+af+df+adf+abg+bdg+deg
[0011110 0100111 0000001 1010111 0010111 0000010 0010000]0010110
[1000101 0100101 0010001 1111100 0010111 0000010 0000001]0000101
[1110101 0110000 0010010 0111000 0010111 0000010 0000011]0000001
stabSize=384

anf=1+acd+bcd+be+ace+af+df+adf+abg+bdg+deg
[0011110 0100111 0000001 1010111 0010111 0000010 0010000]0010110
[1000101 0100101 0010001 1111100 0010111 0000010 0000001]0000101
[1110101 0110000 0010010 0111000 0010111 0000010 0000011]0000001
stabSize=384

anf=a+acd+bcd+ace+f+af+df+adf+abg+bdg+deg
[1001011 0000001 0100000 0101011 0010001 0000010 0000100]0100001
[1011011 0100101 0110101 0111100 0010101 0000010 0100001]0000101
stabSize=480

anf=1+a+acd+bcd+ace+f+af+df+adf+abg+bdg+deg
[1001011 0000001 0100000 0101011 0010001 0000010 0000100]0100001
[1011011 0100101 0110101 0111100 0010101 0000010 0100001]0000101
stabSize=480

anf=acd+bcd+ace+f+af+df+adf+abg+bdg+deg
[0001100 0100100 0000001 1101110 0100000 0000010 0010001]0000100
[1110001 0010001 0100100 1011001 0010000 0000010 0100000]0110001
[1011011 0100101 0110101 0111100 0010101 0000010 0100001]0000101
stabSize=1440

anf=1+acd+bcd+ace+f+af+df+adf+abg+bdg+deg
[0001100 0100100 0000001 1101110 0100000 0000010 0010001]0000100
[1110001 0010001 0100100 1011001 0010000 0000010 0100000]0110001
[1011011 0100101 0110101 0111100 0010101 0000010 0100001]0000101
stabSize=1440

anf=b+acd+bcd+ace+af+df+adf+abg+bdg+deg
[0101011 0100100 0000001 1010011 0000110 0000010 0010010]0000100
[1101110 0100100 0010000 0001100 0000100 0000010 0010001]0000100
[1010011 0110011 0010000 0011010 0000101 0000010 0000001]0010011
stabSize=384

anf=1+b+acd+bcd+ace+af+df+adf+abg+bdg+deg
[0101011 0100100 0000001 1010011 0000110 0000010 0010010]0000100
[1101110 0100100 0010000 0001100 0000100 0000010 0010001]0000100
[1010011 0110011 0010000 0011010 0000101 0000010 0000001]0010011
stabSize=384

anf=acd+bcd+ace+af+df+adf+abg+bdg+deg
[1000011 0100011 0110011 1011001 0110101 0000010 0000101]0000011
[0111000 0000111 0100110 1110111 0110011 0000010 0100000]0100111
stabSize=5760

anf=1+acd+bcd+ace+af+df+adf+abg+bdg+deg
[1000011 0100011 0110011 1011001 0110101 0000010 0000101]0000011
[0111000 0000111 0100110 1110111 0110011 0000010 0100000]0100111
stabSize=5760

anf=b+acd+bcd+be+ace+cf+adf+g+abg+bdg+deg
[1011101 0100110 0010110 1010101 0100000 0000010 0100011]1011011
stabSize=3

anf=b+c+acd+bcd+be+ace+f+cf+adf+abg+bdg+deg
[0001000 0100000 0010001 1000000 0100100 0000010 0000001]0000000
[1111100 0100100 0010000 1000101 0100000 0000010 0000001]0000100
stabSize=6

anf=1+b+c+acd+bcd+be+ace+f+cf+adf+abg+bdg+deg
[0001000 0100000 0010001 1000000 0100100 0000010 0000001]0000000
[1111100 0100100 0010000 1000101 0100000 0000010 0000001]0000100
stabSize=6

anf=b+acd+bcd+be+ace+f+cf+adf+abg+bdg+deg
[0001000 0100000 0010001 1000000 0100100 0000010 0000001]0000000
stabSize=2

anf=1+b+acd+bcd+be+ace+f+cf+adf+abg+bdg+deg
[0001000 0100000 0010001 1000000 0100100 0000010 0000001]0000000
stabSize=2

anf=a+acd+bcd+be+ace+f+cf+adf+abg+bdg+deg
[1001101 0000110 0010101 0001000 0100010 0000010 0100111]0101110
stabSize=2

anf=1+a+acd+bcd+be+ace+f+cf+adf+abg+bdg+deg
[1001101 0000110 0010101 0001000 0100010 0000010 0100111]0101110
stabSize=2

anf=acd+bcd+be+ace+f+cf+adf+abg+bdg+deg
[0111001 0100000 0110111 1110100 0100110 0000010 0100011]1111100
[0111100 0000110 0010100 1111100 0100110 0000010 0100011]1011010
stabSize=6

anf=1+acd+bcd+be+ace+f+cf+adf+abg+bdg+deg
[0111001 0100000 0110111 1110100 0100110 0000010 0100011]1111100
[0111100 0000110 0010100 1111100 0100110 0000010 0100011]1011010
stabSize=6

anf=a+b+c+acd+bcd+be+ace+cf+adf+abg+bdg+deg
[1101101 0000110 0010111 0101110 0100010 0000010 0100111]0001011
[1000110 0100000 0010010 0101110 0000100 0000010 0000001]0000011
[1011101 0000100 0010001 0101101 0100000 0000010 0000001]0100100
stabSize=8

anf=b+c+acd+bcd+be+ace+cf+adf+abg+bdg+deg
[0011101 0100000 0110101 1110000 0100110 0000010 0100011]1011101
[0111100 0000110 0010100 1111100 0100110 0000010 0100011]1011010
[1101101 0100110 0110100 1000000 0100010 0000010 0000111]1000110
stabSize=48

anf=1+b+c+acd+bcd+be+ace+cf+adf+abg+bdg+deg
[0011101 0100000 0110101 1110000 0100110 0000010 0100011]1011101
[0111100 0000110 0010100 1111100 0100110 0000010 0100011]1011010
[1101101 0100110 0110100 1000000 0100010 0000010 0000111]1000110
stabSize=48

anf=b+acd+bcd+be+ace+cf+adf+abg+bdg+deg
[1101101 0000110 0010111 0101110 0100010 0000010 0100111]0001011
[1101101 0100110 0110100 1000000 0100010 0000010 0000111]1000110
stabSize=12

anf=1+b+acd+bcd+be+ace+cf+adf+abg+bdg+deg
[1101101 0000110 0010111 0101110 0100010 0000010 0100111]0001011
[1101101 0100110 0110100 1000000 0100010 0000010 0000111]1000110
stabSize=12

anf=a+acd+bcd+be+ace+cf+adf+abg+bdg+deg
[1000011 0100100 0010011 1011110 0000100 0000010 0000001]0000111
stabSize=2

anf=1+a+acd+bcd+be+ace+cf+adf+abg+bdg+deg
[1000011 0100100 0010011 1011110 0000100 0000010 0000001]0000111
stabSize=2

anf=acd+bcd+be+ace+cf+adf+abg+bdg+deg
[1000101 0100100 0010001 1111100 0000100 0000010 0000001]0000100
stabSize=2

anf=1+acd+bcd+be+ace+cf+adf+abg+bdg+deg
[1000101 0100100 0010001 1111100 0000100 0000010 0000001]0000100
stabSize=2

anf=b+c+ac+acd+bcd+ace+f+bf+adf+g+abg+bdg+deg
[1000011 0110000 0010000 0001000 0010101 0000010 0000001]0000011
[1010010 0110010 0010000 0011001 0010101 0000010 0000001]0010010
[0001111 0100100 0000001 1010110 0000100 0000010 0010000]0010001
stabSize=16

anf=1+b+c+ac+acd+bcd+ace+f+bf+adf+g+abg+bdg+deg
[1000011 0110000 0010000 0001000 0010101 0000010 0000001]0000011
[1010010 0110010 0010000 0011001 0010101 0000010 0000001]0010010
[0001111 0100100 0000001 1010110 0000100 0000010 0010000]0010001
stabSize=16

anf=a+c+ac+acd+bcd+ace+f+bf+adf+g+abg+bdg+deg
[1010010 0110010 0010000 0011001 0010101 0000010 0000001]0010010
[1000011 0100010 0010000 0011010 0000100 0000010 0000001]0000000
[1000011 0110000 0010000 0001000 0010101 0000010 0000001]0000011
stabSize=8

anf=1+a+c+ac+acd+bcd+ace+f+bf+adf+g+abg+bdg+deg
[1010010 0110010 0010000 0011001 0010101 0000010 0000001]0010010
[1000011 0100010 0010000 0011010 0000100 0000010 0000001]0000000
[1000011 0110000 0010000 0001000 0010101 0000010 0000001]0000011
stabSize=8

anf=c+ac+acd+bcd+ace+f+bf+adf+g+abg+bdg+deg
[1000011 0110000 0010000 0001000 0010101 0000010 0000001]0000011
[1010010 0110010 0010000 0011001 0010101 0000010 0000001]0010010
[0001111 0100100 0000001 1010110 0000100 0000010 0010000]0010001
stabSize=16

anf=1+c+ac+acd+bcd+ace+f+bf+adf+g+abg+bdg+deg
[1000011 0110000 0010000 0001000 0010101 0000010 0000001]0000011
[1010010 0110010 0010000 0011001 0010101 0000010 0000001]0010010
[0001111 0100100 0000001 1010110 0000100 0000010 0010000]0010001
stabSize=16

anf=c+ac+acd+bcd+ace+bf+adf+g+abg+bdg+deg
[0001100 0100100 0000001 1000100 0000100 0000010 0010000]0000000
[1010011 0110010 0010000 0001010 0010101 0000010 0000001]0010001
stabSize=4

anf=1+c+ac+acd+bcd+ace+bf+adf+g+abg+bdg+deg
[0001100 0100100 0000001 1000100 0000100 0000010 0010000]0000000
[1010011 0110010 0010000 0001010 0010101 0000010 0000001]0010001
stabSize=4

anf=ac+acd+bcd+e+ace+f+bf+adf+abg+bdg+deg
[1010000 0110011 0010000 0001001 0000101 0000010 0000001]0010000
[1010000 0110000 0010000 0011000 0010101 0000010 0000001]0010001
[1000001 0110001 0010000 0011000 0000101 0000010 0000001]0000001
stabSize=8

anf=1+ac+acd+bcd+e+ace+f+bf+adf+abg+bdg+deg
[1010000 0110011 0010000 0001001 0000101 0000010 0000001]0010000
[1010000 0110000 0010000 0011000 0010101 0000010 0000001]0010001
[1000001 0110001 0010000 0011000 0000101 0000010 0000001]0000001
stabSize=8

anf=c+ac+acd+bcd+ace+f+bf+adf+abg+bdg+deg
[1010010 0110001 0010000 0001000 0000101 0000010 0000001]0010011
stabSize=2

anf=1+c+ac+acd+bcd+ace+f+bf+adf+abg+bdg+deg
[1010010 0110001 0010000 0001000 0000101 0000010 0000001]0010011
stabSize=2

anf=a+ac+acd+bcd+ace+f+bf+adf+abg+bdg+deg
[1010000 0110011 0010000 0001001 0000101 0000010 0000001]0010000
[0011110 0110100 0000001 1010110 0000101 0000010 0010000]0010000
[1000001 0110001 0010000 0011000 0000101 0000010 0000001]0000001
stabSize=16

anf=1+a+ac+acd+bcd+ace+f+bf+adf+abg+bdg+deg
[1010000 0110011 0010000 0001001 0000101 0000010 0000001]0010000
[0011110 0110100 0000001 1010110 0000101 0000010 0010000]0010000
[1000001 0110001 0010000 0011000 0000101 0000010 0000001]0000001
stabSize=16

anf=ac+acd+bcd+ace+f+bf+adf+abg+bdg+deg
[1010000 0110011 0010000 0001001 0000101 0000010 0000001]0010000
[0001101 0110111 0000001 1010100 0010100 0000010 0010000]0000001
[1000001 0110001 0010000 0011000 0000101 0000010 0000001]0000001
stabSize=16

anf=1+ac+acd+bcd+ace+f+bf+adf+abg+bdg+deg
[1010000 0110011 0010000 0001001 0000101 0000010 0000001]0010000
[0001101 0110111 0000001 1010100 0010100 0000010 0010000]0000001
[1000001 0110001 0010000 0011000 0000101 0000010 0000001]0000001
stabSize=16

anf=ac+d+acd+bcd+e+ace+bf+adf+abg+bdg+deg
[1010010 0110010 0010000 0011001 0010101 0000010 0000001]0010010
[0001101 0110111 0000001 1010100 0010100 0000010 0010000]0000001
[1000001 0110001 0010000 0011000 0000101 0000010 0000001]0000001
stabSize=32

anf=1+ac+d+acd+bcd+e+ace+bf+adf+abg+bdg+deg
[1010010 0110010 0010000 0011001 0010101 0000010 0000001]0010010
[0001101 0110111 0000001 1010100 0010100 0000010 0010000]0000001
[1000001 0110001 0010000 0011000 0000101 0000010 0000001]0000001
stabSize=32

anf=a+ac+acd+bcd+e+ace+bf+adf+abg+bdg+deg
[1010010 0110010 0010000 0011001 0010101 0000010 0000001]0010010
[0001101 0110111 0000001 1010100 0010100 0000010 0010000]0000001
[1000001 0110001 0010000 0011000 0000101 0000010 0000001]0000001
stabSize=32

anf=1+a+ac+acd+bcd+e+ace+bf+adf+abg+bdg+deg
[1010010 0110010 0010000 0011001 0010101 0000010 0000001]0010010
[0001101 0110111 0000001 1010100 0010100 0000010 0010000]0000001
[1000001 0110001 0010000 0011000 0000101 0000010 0000001]0000001
stabSize=32

anf=ac+acd+bcd+e+ace+bf+adf+abg+bdg+deg
[1010010 0110010 0010000 0011001 0010101 0000010 0000001]0010010
[1010000 0110000 0010000 0011000 0010101 0000010 0000001]0010001
[1000001 0110001 0010000 0011000 0000101 0000010 0000001]0000001
[1010001 0110011 0010000 0011010 0000101 0000010 0000001]0010011
stabSize=16

anf=1+ac+acd+bcd+e+ace+bf+adf+abg+bdg+deg
[1010010 0110010 0010000 0011001 0010101 0000010 0000001]0010010
[1010000 0110000 0010000 0011000 0010101 0000010 0000001]0010001
[1000001 0110001 0010000 0011000 0000101 0000010 0000001]0000001
[1010001 0110011 0010000 0011010 0000101 0000010 0000001]0010011
stabSize=16

anf=a+ac+d+acd+bcd+ace+bf+adf+abg+bdg+deg
[1010001 0110011 0010000 0011010 0000101 0000010 0000001]0010011
[0011110 0110100 0000001 1010110 0000101 0000010 0010000]0010000
[1010010 0110010 0010000 0011001 0010101 0000010 0000001]0010010
stabSize=32

anf=1+a+ac+d+acd+bcd+ace+bf+adf+abg+bdg+deg
[1010001 0110011 0010000 0011010 0000101 0000010 0000001]0010011
[0011110 0110100 0000001 1010110 0000101 0000010 0010000]0010000
[1010010 0110010 0010000 0011001 0010101 0000010 0000001]0010010
stabSize=32

anf=b+c+ac+acd+bcd+ace+bf+adf+abg+bdg+deg
[1000000 0110001 0010000 0001011 0000101 0000010 0000001]0000010
[1000010 0110011 0010000 0001010 0000101 0000010 0000001]0000001
stabSize=4

anf=1+b+c+ac+acd+bcd+ace+bf+adf+abg+bdg+deg
[1000000 0110001 0010000 0001011 0000101 0000010 0000001]0000010
[1000010 0110011 0010000 0001010 0000101 0000010 0000001]0000001
stabSize=4

anf=c+ac+acd+bcd+ace+bf+adf+abg+bdg+deg
[1000000 0110001 0010000 0001011 0000101 0000010 0000001]0000010
[1000010 0110011 0010000 0001010 0000101 0000010 0000001]0000001
stabSize=4

anf=1+c+ac+acd+bcd+ace+bf+adf+abg+bdg+deg
[1000000 0110001 0010000 0001011 0000101 0000010 0000001]0000010
[1000010 0110011 0010000 0001010 0000101 0000010 0000001]0000001
stabSize=4

anf=a+ac+acd+bcd+ace+bf+adf+abg+bdg+deg
[1010010 0110010 0010000 0011001 0010101 0000010 0000001]0010010
[1010000 0110000 0010000 0011000 0010101 0000010 0000001]0010001
[1000001 0110001 0010000 0011000 0000101 0000010 0000001]0000001
[1010001 0110011 0010000 0011010 0000101 0000010 0000001]0010011
stabSize=16

anf=1+a+ac+acd+bcd+ace+bf+adf+abg+bdg+deg
[1010010 0110010 0010000 0011001 0010101 0000010 0000001]0010010
[1010000 0110000 0010000 0011000 0010101 0000010 0000001]0010001
[1000001 0110001 0010000 0011000 0000101 0000010 0000001]0000001
[1010001 0110011 0010000 0011010 0000101 0000010 0000001]0010011
stabSize=16

anf=ac+acd+bcd+ace+bf+adf+abg+bdg+deg
[1010001 0110011 0010000 0011010 0000101 0000010 0000001]0010011
[0011110 0110100 0000001 1010110 0000101 0000010 0010000]0010000
[1010010 0110010 0010000 0011001 0010101 0000010 0000001]0010010
stabSize=32

anf=1+ac+acd+bcd+ace+bf+adf+abg+bdg+deg
[1010001 0110011 0010000 0011010 0000101 0000010 0000001]0010011
[0011110 0110100 0000001 1010110 0000101 0000010 0010000]0010000
[1010010 0110010 0010000 0011001 0010101 0000010 0000001]0010010
stabSize=32

anf=acd+bcd+e+ace+f+bf+adf+abg+bdg+deg
[1111111 0100110 0010000 0011110 0000100 0000010 0010001]0000110
[1010110 0110110 0010001 1111111 0000101 0000010 0000001]0010110
[1101111 0110111 0010000 0011111 0010100 0000010 0010001]0010111
stabSize=24

anf=1+acd+bcd+e+ace+f+bf+adf+abg+bdg+deg
[1111111 0100110 0010000 0011110 0000100 0000010 0010001]0000110
[1010110 0110110 0010001 1111111 0000101 0000010 0000001]0010110
[1101111 0110111 0010000 0011111 0010100 0000010 0010001]0010111
stabSize=24

anf=a+c+acd+bcd+ace+f+bf+adf+abg+bdg+deg
[1010011 0110011 0010000 0011010 0000101 0000010 0000001]0010011
[1000001 0100000 0010000 0011011 0000100 0000010 0000001]0000001
stabSize=4

anf=c+acd+bcd+ace+f+bf+adf+abg+bdg+deg
[1010111 0110110 0010001 1101101 0000101 0000010 0000001]0010111
[1000100 0100100 0010001 1101100 0000100 0000010 0000001]0000100
[1010110 0110110 0010001 1111111 0000101 0000010 0000001]0010110
stabSize=8

anf=1+c+acd+bcd+ace+f+bf+adf+abg+bdg+deg
[1010111 0110110 0010001 1101101 0000101 0000010 0000001]0010111
[1000100 0100100 0010001 1101100 0000100 0000010 0000001]0000100
[1010110 0110110 0010001 1111111 0000101 0000010 0000001]0010110
stabSize=8

anf=acd+bcd+ace+f+bf+adf+abg+bdg+deg
[1000100 0100100 0010001 1101100 0000100 0000010 0000001]0000100
[0011001 0100001 0010001 1101000 0010100 0000010 0010000]0000001
stabSize=24

anf=1+acd+bcd+ace+f+bf+adf+abg+bdg+deg
[1000100 0100100 0010001 1101100 0000100 0000010 0000001]0000100
[0011001 0100001 0010001 1101000 0010100 0000010 0010000]0000001
stabSize=24

anf=a+acd+bcd+e+ace+bf+adf+abg+bdg+deg
[1010000 0100010 0010000 0001010 0000100 0000010 0000001]0010010
[1010011 0110011 0010000 0011010 0000101 0000010 0000001]0010011
[1000001 0100000 0010000 0011011 0000100 0000010 0000001]0000001
[1000010 0100001 0010000 0011010 0010100 0000010 0000001]0010000
[1010011 0110000 0010000 0001001 0010101 0000010 0000001]0000000
stabSize=32

anf=1+a+acd+bcd+e+ace+bf+adf+abg+bdg+deg
[1010000 0100010 0010000 0001010 0000100 0000010 0000001]0010010
[1010011 0110011 0010000 0011010 0000101 0000010 0000001]0010011
[1000001 0100000 0010000 0011011 0000100 0000010 0000001]0000001
[1000010 0100001 0010000 0011010 0010100 0000010 0000001]0010000
[1010011 0110000 0010000 0001001 0010101 0000010 0000001]0000000
stabSize=32

anf=acd+bcd+e+ace+bf+adf+abg+bdg+deg
[1111001 0110011 0000001 1000000 0000101 0000010 0010001]0000011
[0011000 0110001 0010001 1101010 0000101 0000010 0010000]0000001
[1000001 0100000 0010000 0011011 0000100 0000010 0000001]0000001
stabSize=96

anf=1+acd+bcd+e+ace+bf+adf+abg+bdg+deg
[1111001 0110011 0000001 1000000 0000101 0000010 0010001]0000011
[0011000 0110001 0010001 1101010 0000101 0000010 0010000]0000001
[1000001 0100000 0010000 0011011 0000100 0000010 0000001]0000001
stabSize=96

anf=a+b+d+acd+bcd+ace+bf+adf+abg+bdg+deg
[1010110 0110110 0010001 1111111 0000101 0000010 0000001]0010110
[0011000 0110001 0010001 1101010 0000101 0000010 0010000]0000001
[1101111 0110111 0010000 0011111 0010100 0000010 0010001]0010111
[1010011 0110011 0010000 0011010 0000101 0000010 0000001]0010011
stabSize=192

anf=1+a+b+d+acd+bcd+ace+bf+adf+abg+bdg+deg
[1010110 0110110 0010001 1111111 0000101 0000010 0000001]0010110
[0011000 0110001 0010001 1101010 0000101 0000010 0010000]0000001
[1101111 0110111 0010000 0011111 0010100 0000010 0010001]0010111
[1010011 0110011 0010000 0011010 0000101 0000010 0000001]0010011
stabSize=192

anf=c+acd+bcd+ace+bf+adf+abg+bdg+deg
[1000110 0100110 0010001 1101101 0000100 0000010 0000001]0000111
[1000100 0100100 0010001 1101100 0000100 0000010 0000001]0000100
stabSize=4

anf=1+c+acd+bcd+ace+bf+adf+abg+bdg+deg
[1000110 0100110 0010001 1101101 0000100 0000010 0000001]0000111
[1000100 0100100 0010001 1101100 0000100 0000010 0000001]0000100
stabSize=4

anf=b+acd+bcd+ace+bf+adf+abg+bdg+deg
[1010011 0110011 0010000 0011010 0000101 0000010 0000001]0010011
[0011101 0100110 0000001 1010101 0000100 0000010 0010000]0010111
[1000001 0100000 0010000 0011011 0000100 0000010 0000001]0000001
[0001111 0100100 0000001 1010110 0000100 0000010 0010000]0010101
stabSize=64

anf=1+b+acd+bcd+ace+bf+adf+abg+bdg+deg
[1010011 0110011 0010000 0011010 0000101 0000010 0000001]0010011
[0011101 0100110 0000001 1010101 0000100 0000010 0010000]0010111
[1000001 0100000 0010000 0011011 0000100 0000010 0000001]0000001
[0001111 0100100 0000001 1010110 0000100 0000010 0010000]0010101
stabSize=64

anf=a+acd+bcd+ace+bf+adf+abg+bdg+deg
[1010011 0110011 0010000 0011010 0000101 0000010 0000001]0010011
[1111111 0110101 0010000 0011101 0010100 0000010 0010001]0000101
[1010010 0110011 0010000 0001001 0000101 0000010 0000001]0010010
[1101111 0110111 0010000 0011111 0010100 0000010 0010001]0010111
stabSize=64

anf=1+a+acd+bcd+ace+bf+adf+abg+bdg+deg
[1010011 0110011 0010000 0011010 0000101 0000010 0000001]0010011
[1111111 0110101 0010000 0011101 0010100 0000010 0010001]0000101
[1010010 0110011 0010000 0001001 0000101 0000010 0000001]0010010
[1101111 0110111 0010000 0011111 0010100 0000010 0010001]0010111
stabSize=64

anf=acd+bcd+ace+bf+adf+abg+bdg+deg
[1010110 0110110 0010001 1111111 0000101 0000010 0000001]0010110
[0011000 0110001 0010001 1101010 0000101 0000010 0010000]0000001
[1101111 0110111 0010000 0011111 0010100 0000010 0010001]0010111
[1010011 0110011 0010000 0011010 0000101 0000010 0000001]0010011
stabSize=192

anf=1+acd+bcd+ace+bf+adf+abg+bdg+deg
[1010110 0110110 0010001 1111111 0000101 0000010 0000001]0010110
[0011000 0110001 0010001 1101010 0000101 0000010 0010000]0000001
[1101111 0110111 0010000 0011111 0010100 0000010 0010001]0010111
[1010011 0110011 0010000 0011010 0000101 0000010 0000001]0010011
stabSize=192

anf=ac+acd+bcd+ce+ace+adf+g+abg+bdg+deg
[1001110 0100100 0010110 0101000 0000100 0000010 0110111]0001110
[0001010 0100000 0010011 1100110 0100100 0000010 0000001]0100100
[1100010 0000100 0100011 1001010 0100000 0000010 0010100]1000000
stabSize=384

anf=ac+acd+bcd+ce+ace+f+adf+abg+bdg+deg
[1010011 0100000 0010000 0011000 0000100 0000010 0000001]0000001
[0011000 0100100 0100011 1101111 0100000 0000010 0110101]0111101
[1001100 0100100 0010100 0001000 0000100 0000010 0110101]0001100
stabSize=48

anf=1+ac+acd+bcd+ce+ace+f+adf+abg+bdg+deg
[1010011 0100000 0010000 0011000 0000100 0000010 0000001]0000001
[0011000 0100100 0100011 1101111 0100000 0000010 0110101]0111101
[1001100 0100100 0010100 0001000 0000100 0000010 0110101]0001100
stabSize=48

anf=b+c+ac+acd+bcd+ce+ace+adf+abg+bdg+deg
[1010011 0100000 0010010 0111100 0000100 0000010 0000011]0000001
[1000010 0100010 0010010 0111101 0000110 0000010 0000011]0000010
[1000100 0100000 0010000 0001000 0000100 0000010 0000011]0000000
[1001100 0100100 0010100 0001000 0000100 0000010 0110101]0001100
stabSize=128

anf=1+b+c+ac+acd+bcd+ce+ace+adf+abg+bdg+deg
[1010011 0100000 0010010 0111100 0000100 0000010 0000011]0000001
[1000010 0100010 0010010 0111101 0000110 0000010 0000011]0000010
[1000100 0100000 0010000 0001000 0000100 0000010 0000011]0000000
[1001100 0100100 0010100 0001000 0000100 0000010 0110101]0001100
stabSize=128

anf=a+c+ac+acd+bcd+ce+ace+adf+abg+bdg+deg
[1010000 0100010 0010100 0101000 0000100 0000010 0100001]0100110
[1100011 0100000 0010000 0001111 0000110 0000010 0000011]0100011
[1000001 0100000 0010110 0101011 0000110 0000010 0100011]0100101
[1000000 0100000 0010010 0101100 0000100 0000010 0000011]0000000
stabSize=256

anf=b+ac+acd+bcd+ce+ace+adf+abg+bdg+deg
[1101111 0100110 0010010 0011001 0000110 0000010 0010001]0011011
[1000001 0100000 0010000 0001001 0000110 0000010 0000001]0000001
stabSize=64

anf=ac+acd+bcd+ce+ace+adf+abg+bdg+deg
[1011001 0100110 0010000 0111100 0000100 0000010 0010001]0111101
[1000000 0100000 0010010 0101100 0000100 0000010 0000011]0000000
[1100000 0100000 0010000 0001100 0000100 0000010 0000011]0100000
[1101000 0100110 0010110 0001111 0000110 0000010 0110101]0101000
[1000010 0100010 0010010 0111101 0000110 0000010 0000011]0000010
stabSize=512

anf=1+ac+acd+bcd+ce+ace+adf+abg+bdg+deg
[1011001 0100110 0010000 0111100 0000100 0000010 0010001]0111101
[1000000 0100000 0010010 0101100 0000100 0000010 0000011]0000000
[1100000 0100000 0010000 0001100 0000100 0000010 0000011]0100000
[1101000 0100110 0010110 0001111 0000110 0000010 0110101]0101000
[1000010 0100010 0010010 0111101 0000110 0000010 0000011]0000010
stabSize=512

anf=acd+bcd+ce+ace+f+adf+abg+bdg+deg
[0111000 0010001 0100001 1001000 0000001 0000010 0110101]0001001
[1010001 0010100 0000001 1101100 0100001 0000010 0010000]1000001
[1101001 0010001 0010100 0101100 0010000 0000010 0110101]0111100
stabSize=144

anf=1+acd+bcd+ce+ace+f+adf+abg+bdg+deg
[0111000 0010001 0100001 1001000 0000001 0000010 0110101]0001001
[1010001 0010100 0000001 1101100 0100001 0000010 0010000]1000001
[1101001 0010001 0010100 0101100 0010000 0000010 0110101]0111100
stabSize=144

anf=b+c+acd+bcd+ce+ace+adf+abg+bdg+deg
[0111001 0100011 0010011 1110001 0110111 0000010 0000001]0110000
[0001100 0010001 0100001 1111101 0000011 0000010 0110111]0111110
[1000010 0100010 0010010 0111111 0000110 0000010 0000011]0000010
stabSize=192

anf=b+acd+bcd+ce+ace+adf+abg+bdg+deg
[1000010 0100010 0010000 0011011 0000110 0000010 0000001]0000010
[1010001 0100001 0010000 0001000 0010100 0000010 0000001]0010000
[1000111 0100001 0010000 0001000 0010100 0000010 0000011]0010010
[1000011 0100000 0010000 0001001 0000110 0000010 0000001]0000011
[1001010 0100100 0010000 0001000 0000100 0000010 0010011]0001010
stabSize=256

anf=1+b+acd+bcd+ce+ace+adf+abg+bdg+deg
[1000010 0100010 0010000 0011011 0000110 0000010 0000001]0000010
[1010001 0100001 0010000 0001000 0010100 0000010 0000001]0010000
[1000111 0100001 0010000 0001000 0010100 0000010 0000011]0010010
[1000011 0100000 0010000 0001001 0000110 0000010 0000001]0000011
[1001010 0100100 0010000 0001000 0000100 0000010 0010011]0001010
stabSize=256

anf=a+acd+bcd+ce+ace+adf+abg+bdg+deg
[1000010 0100010 0010010 0111111 0000110 0000010 0000011]0000010
[1111101 0010011 0000100 0111111 0010000 0000010 0100100]0111101
[1100001 0000001 0000100 0101001 0010000 0000010 0100000]0100001
[1100100 0000011 0010100 0111000 0010000 0000010 0100011]0110011
stabSize=3072

anf=1+a+acd+bcd+ce+ace+adf+abg+bdg+deg
[1000010 0100010 0010010 0111111 0000110 0000010 0000011]0000010
[1111101 0010011 0000100 0111111 0010000 0000010 0100100]0111101
[1100001 0000001 0000100 0101001 0010000 0000010 0100000]0100001
[1100100 0000011 0010100 0111000 0010000 0000010 0100011]0110011
stabSize=3072

anf=acd+bcd+ce+ace+adf+abg+bdg+deg
[1111101 0010011 0000100 0111111 0010000 0000010 0100100]0111101
[1100001 0000001 0000100 0101001 0010000 0000010 0100000]0100001
[1001110 0010000 0110111 1110101 0010011 0000010 0010100]1000111
stabSize=9216

anf=1+acd+bcd+ce+ace+adf+abg+bdg+deg
[1111101 0010011 0000100 0111111 0010000 0000010 0100100]0111101
[1100001 0000001 0000100 0101001 0010000 0000010 0100000]0100001
[1001110 0010000 0110111 1110101 0010011 0000010 0010100]1000111
stabSize=9216

anf=acd+bcd+be+ace+f+adf+abg+bdg+deg
[0001101 0100100 0000001 1010100 0000100 0000010 0010000]0010101
[1100111 0010111 0000001 0101110 0100111 0000010 0010001]0100110
stabSize=24

anf=1+acd+bcd+be+ace+f+adf+abg+bdg+deg
[0001101 0100100 0000001 1010100 0000100 0000010 0010000]0010101
[1100111 0010111 0000001 0101110 0100111 0000010 0010001]0100110
stabSize=24

anf=a+d+acd+bcd+be+ace+adf+abg+bdg+deg
[0001101 0110110 0000001 1000100 0000111 0000010 0010000]0000110
[1010011 0100010 0010000 0011011 0000100 0000010 0000001]0010011
[0111011 0110000 0010011 1100001 0100101 0000010 0000001]0100011
stabSize=384

anf=1+a+d+acd+bcd+be+ace+adf+abg+bdg+deg
[0001101 0110110 0000001 1000100 0000111 0000010 0010000]0000110
[1010011 0100010 0010000 0011011 0000100 0000010 0000001]0010011
[0111011 0110000 0010011 1100001 0100101 0000010 0000001]0100011
stabSize=384

anf=a+c+acd+bcd+be+ace+adf+abg+bdg+deg
[0101101 0110001 0010011 1100111 0110100 0000010 0000011]0110111
[1000100 0110001 0010010 0001111 0000111 0000010 0000011]0000100
stabSize=64

anf=1+a+c+acd+bcd+be+ace+adf+abg+bdg+deg
[0101101 0110001 0010011 1100111 0110100 0000010 0000011]0110111
[1000100 0110001 0010010 0001111 0000111 0000010 0000011]0000100
stabSize=64

anf=c+acd+bcd+be+ace+adf+abg+bdg+deg
[1000100 0110001 0010010 0001111 0000111 0000010 0000011]0000100
[1110101 0110010 0010000 0111110 0010101 0000010 0000011]0110110
stabSize=32

anf=a+acd+bcd+be+ace+adf+abg+bdg+deg
[1100000 0110100 0010011 0111011 0110011 0000010 0010000]0110011
[1000111 0000100 0000001 0011110 0100110 0000010 0010011]0000110
[1010010 0100010 0010000 0011010 0000110 0000010 0000001]0010010
stabSize=192

anf=1+a+acd+bcd+be+ace+adf+abg+bdg+deg
[1100000 0110100 0010011 0111011 0110011 0000010 0010000]0110011
[1000111 0000100 0000001 0011110 0100110 0000010 0010011]0000110
[1010010 0100010 0010000 0011010 0000110 0000010 0000001]0010010
stabSize=192

anf=acd+bcd+be+ace+adf+abg+bdg+deg
[0001101 0110110 0000001 1000100 0000111 0000010 0010000]0000110
[1010011 0100010 0010000 0011011 0000100 0000010 0000001]0010011
[0111011 0110000 0010011 1100001 0100101 0000010 0000001]0100011
stabSize=384

anf=1+acd+bcd+be+ace+adf+abg+bdg+deg
[0001101 0110110 0000001 1000100 0000111 0000010 0010000]0000110
[1010011 0100010 0010000 0011011 0000100 0000010 0000001]0010011
[0111011 0110000 0010011 1100001 0100101 0000010 0000001]0100011
stabSize=384

anf=c+bc+acd+bcd+ace+f+adf+abg+bdg+deg
[1001001 0010011 0000111 0011010 0010010 0000010 0110110]0001001
[1100000 0100000 0110100 0101100 0000100 0000010 0000101]0100000
stabSize=48

anf=1+c+bc+acd+bcd+ace+f+adf+abg+bdg+deg
[1001001 0010011 0000111 0011010 0010010 0000010 0110110]0001001
[1100000 0100000 0110100 0101100 0000100 0000010 0000101]0100000
stabSize=48

anf=bc+acd+bcd+ace+f+adf+abg+bdg+deg
[1101000 0100000 0000101 0001000 0100100 0000010 0110100]0101000
[1100100 0100000 0110100 0001100 0000100 0000010 0000101]0100100
stabSize=8

anf=c+bc+acd+bcd+e+ace+adf+abg+bdg+deg
[1000000 0100000 0010010 0111100 0000110 0000010 0000011]0000000
[1011100 0100000 0000101 0111100 0100110 0000010 0110100]0011100
[1000010 0100000 0010010 0111110 0000110 0000010 0000011]0000000
stabSize=32

anf=1+c+bc+acd+bcd+e+ace+adf+abg+bdg+deg
[1000000 0100000 0010010 0111100 0000110 0000010 0000011]0000000
[1011100 0100000 0000101 0111100 0100110 0000010 0110100]0011100
[1000010 0100000 0010010 0111110 0000110 0000010 0000011]0000000
stabSize=32

anf=bc+acd+bcd+e+ace+adf+abg+bdg+deg
[1001001 0110011 0000011 0011010 0110110 0000010 0010010]0001001
[1010011 0110011 0010000 0011010 0000101 0000010 0000001]0010011
[1010000 0110011 0010000 0011001 0000111 0000010 0000001]0010010
[1000000 0100000 0010000 0011010 0000110 0000010 0000001]0000000
stabSize=64

anf=1+bc+acd+bcd+e+ace+adf+abg+bdg+deg
[1001001 0110011 0000011 0011010 0110110 0000010 0010010]0001001
[1010011 0110011 0010000 0011010 0000101 0000010 0000001]0010011
[1010000 0110011 0010000 0011001 0000111 0000010 0000001]0010010
[1000000 0100000 0010000 0011010 0000110 0000010 0000001]0000000
stabSize=64

anf=bc+d+acd+bcd+ace+adf+abg+bdg+deg
[1010011 0110011 0010000 0011010 0000101 0000010 0000001]0010011
[1100011 0110011 0100110 0011001 0000111 0000010 0000100]0100001
[1000000 0100000 0010000 0011010 0000110 0000010 0000001]0000000
stabSize=384

anf=1+bc+d+acd+bcd+ace+adf+abg+bdg+deg
[1010011 0110011 0010000 0011010 0000101 0000010 0000001]0010011
[1100011 0110011 0100110 0011001 0000111 0000010 0000100]0100001
[1000000 0100000 0010000 0011010 0000110 0000010 0000001]0000000
stabSize=384

anf=a+b+bc+acd+bcd+ace+adf+abg+bdg+deg
[1010111 0110011 0010010 0011110 0000111 0000010 0000011]0010101
[1000101 0100000 0010010 0001111 0000110 0000010 0000011]0000101
[1010011 0110011 0010000 0011010 0000101 0000010 0000001]0010011
[1000000 0100000 0010000 0011010 0000110 0000010 0000001]0000000
stabSize=64

anf=1+a+b+bc+acd+bcd+ace+adf+abg+bdg+deg
[1010111 0110011 0010010 0011110 0000111 0000010 0000011]0010101
[1000101 0100000 0010010 0001111 0000110 0000010 0000011]0000101
[1010011 0110011 0010000 0011010 0000101 0000010 0000001]0010011
[1000000 0100000 0010000 0011010 0000110 0000010 0000001]0000000
stabSize=64

anf=b+bc+acd+bcd+ace+adf+abg+bdg+deg
[1010111 0110011 0010010 0011110 0000111 0000010 0000011]0010101
[1000101 0100000 0010010 0001111 0000110 0000010 0000011]0000101
[1010011 0110011 0010000 0011010 0000101 0000010 0000001]0010011
[1000000 0100000 0010000 0011010 0000110 0000010 0000001]0000000
stabSize=64

anf=1+b+bc+acd+bcd+ace+adf+abg+bdg+deg
[1010111 0110011 0010010 0011110 0000111 0000010 0000011]0010101
[1000101 0100000 0010010 0001111 0000110 0000010 0000011]0000101
[1010011 0110011 0010000 0011010 0000101 0000010 0000001]0010011
[1000000 0100000 0010000 0011010 0000110 0000010 0000001]0000000
stabSize=64

anf=a+bc+acd+bcd+ace+adf+abg+bdg+deg
[1010011 0110011 0010000 0011010 0000101 0000010 0000001]0010011
[1111101 0010011 0000101 0101111 0010000 0000010 0110100]0111101
[1000000 0100000 0010000 0011010 0000110 0000010 0000001]0000000
[1001100 0110011 0000110 0101110 0110110 0000010 0100100]0001110
stabSize=768

anf=1+a+bc+acd+bcd+ace+adf+abg+bdg+deg
[1010011 0110011 0010000 0011010 0000101 0000010 0000001]0010011
[1111101 0010011 0000101 0101111 0010000 0000010 0110100]0111101
[1000000 0100000 0010000 0011010 0000110 0000010 0000001]0000000
[1001100 0110011 0000110 0101110 0110110 0000010 0100100]0001110
stabSize=768

anf=bc+acd+bcd+ace+adf+abg+bdg+deg
[1010011 0110011 0010000 0011010 0000101 0000010 0000001]0010011
[1111101 0010011 0000101 0101111 0010000 0000010 0110100]0111101
[1000000 0100000 0010000 0011010 0000110 0000010 0000001]0000000
[1001100 0110011 0000110 0101110 0110110 0000010 0100100]0001110
stabSize=768

anf=1+bc+acd+bcd+ace+adf+abg+bdg+deg
[1010011 0110011 0010000 0011010 0000101 0000010 0000001]0010011
[1111101 0010011 0000101 0101111 0010000 0000010 0110100]0111101
[1000000 0100000 0010000 0011010 0000110 0000010 0000001]0000000
[1001100 0110011 0000110 0101110 0110110 0000010 0100100]0001110
stabSize=768

anf=acd+bcd+ace+f+adf+abg+bdg+deg
[0111100 0110000 0000100 1110000 0100101 0000010 0100100]0010000
[0101100 0000100 0010000 1100100 0100000 0000010 0010001]0100100
stabSize=120

anf=1+acd+bcd+ace+f+adf+abg+bdg+deg
[0111100 0110000 0000100 1110000 0100101 0000010 0100100]0010000
[0101100 0000100 0010000 1100100 0100000 0000010 0010001]0100100
stabSize=120

anf=a+d+acd+bcd+ace+adf+abg+bdg+deg
[0001101 0000110 0010110 1100111 0100000 0000010 0110101]0000011
[1010011 0000001 0000110 0011011 0010010 0000010 0100010]0010011
[1010100 0100011 0000100 0111110 0010110 0000010 0100010]0110000
stabSize=7680

anf=1+a+d+acd+bcd+ace+adf+abg+bdg+deg
[0001101 0000110 0010110 1100111 0100000 0000010 0110101]0000011
[1010011 0000001 0000110 0011011 0010010 0000010 0100010]0010011
[1010100 0100011 0000100 0111110 0010110 0000010 0100010]0110000
stabSize=7680

anf=a+b+acd+bcd+ace+adf+abg+bdg+deg
[1010001 0100010 0010000 0011011 0000100 0000010 0000001]0010001
[1000001 0100011 0010000 0001000 0010100 0000010 0000001]0010010
[1010011 0100010 0010000 0011001 0000100 0000010 0000001]0010001
[1010100 0110000 0010010 0001101 0010111 0000010 0000011]0000110
[1010111 0100010 0010010 0011111 0000100 0000010 0000011]0010111
stabSize=128

anf=b+acd+bcd+ace+adf+abg+bdg+deg
[1010001 0100010 0010000 0011011 0000100 0000010 0000001]0010001
[0001000 0100111 0000011 1010011 0010101 0000010 0010010]0000001
[1000101 0100000 0010010 0001111 0000110 0000010 0000011]0000101
[0011011 0110110 0000011 1000001 0000101 0000010 0010010]0000000
stabSize=256

anf=1+b+acd+bcd+ace+adf+abg+bdg+deg
[1010001 0100010 0010000 0011011 0000100 0000010 0000001]0010001
[0001000 0100111 0000011 1010011 0010101 0000010 0010010]0000001
[1000101 0100000 0010010 0001111 0000110 0000010 0000011]0000101
[0011011 0110110 0000011 1000001 0000101 0000010 0010010]0000000
stabSize=256

anf=a+acd+bcd+ace+adf+abg+bdg+deg
[1010011 0000001 0000110 0011011 0010010 0000010 0100010]0010011
[1010100 0100011 0000100 0111110 0010110 0000010 0100010]0110000
[1000110 0010011 0100110 0001100 0000011 0000010 0000100]0000110
stabSize=3840

anf=1+a+acd+bcd+ace+adf+abg+bdg+deg
[1010011 0000001 0000110 0011011 0010010 0000010 0100010]0010011
[1010100 0100011 0000100 0111110 0010110 0000010 0100010]0110000
[1000110 0010011 0100110 0001100 0000011 0000010 0000100]0000110
stabSize=3840

anf=acd+bcd+ace+adf+abg+bdg+deg
[0001101 0000110 0010110 1100111 0100000 0000010 0110101]0000011
[1010011 0000001 0000110 0011011 0010010 0000010 0100010]0010011
[1010100 0100011 0000100 0111110 0010110 0000010 0100010]0110000
stabSize=7680

anf=1+acd+bcd+ace+adf+abg+bdg+deg
[0001101 0000110 0010110 1100111 0100000 0000010 0110101]0000011
[1010011 0000001 0000110 0011011 0010010 0000010 0100010]0010011
[1010100 0100011 0000100 0111110 0010110 0000010 0100010]0110000
stabSize=7680

anf=a+ab+ac+bc+ad+bd+abd+ce+bce+af+cdf+aef+acg+deg+bfg
[0101010 1001100 1111111 1000011 1100100 1010010 0010101]1110100
[1010010 1011000 0101111 1101101 0101001 1000000 1101000]0100001
stabSize=56

anf=1+a+ab+ac+bc+ad+bd+abd+ce+bce+af+cdf+aef+acg+deg+bfg
[0101010 1001100 1111111 1000011 1100100 1010010 0010101]1110100
[1010010 1011000 0101111 1101101 0101001 1000000 1101000]0100001
stabSize=56

anf=ab+ac+bc+ad+bd+abd+ce+bce+af+cdf+aef+acg+deg+bfg
[0100110 1100100 1010010 1110000 0101010 0101001 0011010]0100001
[0110111 0110001 1101110 0010110 0101010 1111111 0000010]0010001
stabSize=56

anf=1+ab+ac+bc+ad+bd+abd+ce+bce+af+cdf+aef+acg+deg+bfg
[0100110 1100100 1010010 1110000 0101010 0101001 0011010]0100001
[0110111 0110001 1101110 0010110 0101010 1111111 0000010]0010001
stabSize=56

anf=b+ab+ac+d+ad+abd+cd+ce+bce+cdf+aef+acg+deg+bfg
[1000011 1110101 0000010 1101110 1100100 1010001 1101011]0101000
[0001011 0110111 1001100 1000011 1011000 0000010 0000001]1001011
[0100101 0110111 1100010 1000011 1011000 0000010 0101111]1100101
stabSize=96

anf=1+b+ab+ac+d+ad+abd+cd+ce+bce+cdf+aef+acg+deg+bfg
[1000011 1110101 0000010 1101110 1100100 1010001 1101011]0101000
[0001011 0110111 1001100 1000011 1011000 0000010 0000001]1001011
[0100101 0110111 1100010 1000011 1011000 0000010 0101111]1100101
stabSize=96

anf=ab+c+ac+ad+abd+cd+ce+bce+cdf+aef+acg+deg+bfg
[1000000 1101011 1001100 0001000 1011000 0010101 0010110]0000000
[1101110 0001110 0111110 0100110 0101010 0101100 0101111]0000000
[1001010 1111010 0101001 0111011 1001111 0100000 0001101]1100011
stabSize=48

anf=1+ab+c+ac+ad+abd+cd+ce+bce+cdf+aef+acg+deg+bfg
[1000000 1101011 1001100 0001000 1011000 0010101 0010110]0000000
[1101110 0001110 0111110 0100110 0101010 0101100 0101111]0000000
[1001010 1111010 0101001 0111011 1001111 0100000 0001101]1100011
stabSize=48

anf=b+ab+ac+ad+abd+cd+ce+bce+cdf+aef+acg+deg+bfg
[1110011 1111100 1101110 0111011 1101101 0000100 1011011]0110011
[0101010 1101000 0000010 1100010 1011101 1111001 1101101]1111110
stabSize=24

anf=1+b+ab+ac+ad+abd+cd+ce+bce+cdf+aef+acg+deg+bfg
[1110011 1111100 1101110 0111011 1101101 0000100 1011011]0110011
[0101010 1101000 0000010 1100010 1011101 1111001 1101101]1111110
stabSize=24

anf=ab+ac+ad+abd+cd+ce+bce+cdf+aef+acg+deg+bfg
[1001100 0100000 1110011 0101010 0000010 0100110 0011100]0001100
[1101110 0001110 0111110 0100110 0101010 0101100 0101111]0000000
[1110110 1111111 0000010 0111110 1011101 0110010 0100110]0100010
stabSize=96

anf=1+ab+ac+ad+abd+cd+ce+bce+cdf+aef+acg+deg+bfg
[1001100 0100000 1110011 0101010 0000010 0100110 0011100]0001100
[1101110 0001110 0111110 0100110 0101010 0101100 0101111]0000000
[1110110 1111111 0000010 0111110 1011101 0110010 0100110]0100010
stabSize=96

anf=a+ab+bc+d+ad+abd+be+bce+cdf+aef+acg+deg+bfg
[1010111 1101011 1110101 0001000 1110110 0111011 0101111]0010111
[1101101 1010001 1110110 0100101 1100010 0111000 0111011]0010111
[0001011 0110100 0000001 1000011 0000010 0010000 0000100]0000011
stabSize=128

anf=1+a+ab+bc+d+ad+abd+be+bce+cdf+aef+acg+deg+bfg
[1010111 1101011 1110101 0001000 1110110 0111011 0101111]0010111
[1101101 1010001 1110110 0100101 1100010 0111000 0111011]0010111
[0001011 0110100 0000001 1000011 0000010 0010000 0000100]0000011
stabSize=128

anf=ab+c+bc+ad+abd+be+bce+cdf+aef+acg+deg+bfg
[1110000 0010011 1111010 1011101 0011100 0110111 1000110]1110111
[1111010 1010001 0111101 0110010 0101001 1100100 1100111]0000000
stabSize=32

anf=1+ab+c+bc+ad+abd+be+bce+cdf+aef+acg+deg+bfg
[1110000 0010011 1111010 1011101 0011100 0110111 1000110]1110111
[1111010 1010001 0111101 0110010 0101001 1100100 1100111]0000000
stabSize=32

anf=a+ab+bc+ad+abd+be+bce+cdf+aef+acg+deg+bfg
[1010111 0110111 0000100 0011111 0010000 0000001 0000010]0010111
[0011001 1010100 0101010 0011010 1100010 1001001 0010110]1001011
[1010111 0110111 0010000 0011111 0000100 0000010 0000001]0010111
[0001000 0110100 0010011 1000000 0000111 1011101 1011110]1001011
stabSize=128

anf=1+a+ab+bc+ad+abd+be+bce+cdf+aef+acg+deg+bfg
[1010111 0110111 0000100 0011111 0010000 0000001 0000010]0010111
[0011001 1010100 0101010 0011010 1100010 1001001 0010110]1001011
[1010111 0110111 0010000 0011111 0000100 0000010 0000001]0010111
[0001000 0110100 0010011 1000000 0000111 1011101 1011110]1001011
stabSize=128

anf=ab+bc+ad+abd+be+bce+cdf+aef+acg+deg+bfg
[1010111 1111100 0111101 0001000 0111110 1110011 1100111]0010111
[0001011 0110100 0000001 1000011 0000010 0010000 0000100]0000011
[0001011 1111100 0000111 1000011 0010011 0000010 0000001]0000000
stabSize=64

anf=1+ab+bc+ad+abd+be+bce+cdf+aef+acg+deg+bfg
[1010111 1111100 0111101 0001000 0111110 1110011 1100111]0010111
[0001011 0110100 0000001 1000011 0000010 0010000 0000100]0000011
[0001011 1111100 0000111 1000011 0010011 0000010 0000001]0000000
stabSize=64

anf=a+ac+bd+abd+e+ae+bce+f+cdf+aef+acg+deg+bfg
[1000110 1111010 1011101 0011001 1011110 0010011 0000111]1001101
[0011010 1111010 1110000 1010010 1100100 1110101 1110110]1011010
[0011010 1101101 1011101 1000101 1011110 1011000 1001100]1011010
[1111111 0011111 0000001 0110111 0010101 0010011 0010000]0000110
stabSize=128

anf=1+a+ac+bd+abd+e+ae+bce+f+cdf+aef+acg+deg+bfg
[1000110 1111010 1011101 0011001 1011110 0010011 0000111]1001101
[0011010 1111010 1110000 1010010 1100100 1110101 1110110]1011010
[0011010 1101101 1011101 1000101 1011110 1011000 1001100]1011010
[1111111 0011111 0000001 0110111 0010101 0010011 0010000]0000110
stabSize=128

anf=a+c+ac+bd+abd+ae+bce+f+cdf+aef+acg+deg+bfg
[0100110 0001101 1110101 1101110 1100001 0111011 0111000]1001011
[0001011 0110111 0111110 1010100 0111101 1110000 1100100]0010111
[1010111 0100000 0101001 0001000 0101010 0101100 0111000]0010111
[0011100 1111100 1011011 1010100 1001111 1001001 1001010]1011100
[0001011 1101011 1011011 1000011 1001111 1001001 1001010]1001011
stabSize=64

anf=c+ac+bd+abd+e+ae+bce+cdf+aef+acg+deg+bfg
[1000000 0100000 0000100 0001000 0010000 0000001 0000010]0000000
[0001011 1101011 1011011 1000011 1001111 1001001 1001010]1001011
[0011111 0110100 1011000 1010111 1001100 0000001 0000010]1011100
[1010111 0110111 0000100 0011111 0010000 0000001 0000010]0010111
[0001011 0110111 0111110 1010100 0111101 1110000 1100100]0010111
[1010111 0100000 0101001 0001000 0101010 0101100 0111000]0010111
stabSize=128

anf=1+c+ac+bd+abd+e+ae+bce+cdf+aef+acg+deg+bfg
[1000000 0100000 0000100 0001000 0010000 0000001 0000010]0000000
[0001011 1101011 1011011 1000011 1001111 1001001 1001010]1001011
[0011111 0110100 1011000 1010111 1001100 0000001 0000010]1011100
[1010111 0110111 0000100 0011111 0010000 0000001 0000010]0010111
[0001011 0110111 0111110 1010100 0111101 1110000 1100100]0010111
[1010111 0100000 0101001 0001000 0101010 0101100 0111000]0010111
stabSize=128

anf=a+b+ac+d+bd+abd+ae+bce+cdf+aef+acg+deg+bfg
[0100110 1010001 0010011 1111001 0010000 0010110 0000010]0000000
[1010111 0110111 0000100 0011111 0010000 0000001 0000010]0010111
[1010001 0100110 0010110 0001110 0010101 0010011 0000111]0010001
[1111111 0011111 0000001 0110111 0010101 0010011 0010000]0000110
[0100110 0011010 1011000 1111001 1011011 0010110 0000010]1001011
stabSize=256

anf=1+a+b+ac+d+bd+abd+ae+bce+cdf+aef+acg+deg+bfg
[0100110 1010001 0010011 1111001 0010000 0010110 0000010]0000000
[1010111 0110111 0000100 0011111 0010000 0000001 0000010]0010111
[1010001 0100110 0010110 0001110 0010101 0010011 0000111]0010001
[1111111 0011111 0000001 0110111 0010101 0010011 0010000]0000110
[0100110 0011010 1011000 1111001 1011011 0010110 0000010]1001011
stabSize=256

anf=b+c+ac+bd+abd+ae+bce+cdf+aef+acg+deg+bfg
[1100111 0010000 0100011 1100100 1111100 0110001 1111001]0000011
[1100111 1011011 1101000 1100100 0110111 0110001 1111001]1001000
[0110010 1010010 1110101 1111010 1100001 1100111 1100100]1001011
[0001011 1101011 1011011 1000011 1001111 1001001 1001010]1001011
stabSize=32

anf=a+c+ac+bd+abd+ae+bce+cdf+aef+acg+deg+bfg
[1000110 0100110 0101111 0001110 0111011 0111101 0111110]0000110
[1101110 0001110 0101001 0100110 0111101 0111011 0111000]0000000
[0101001 0000010 1101101 0111101 0100101 0100011 1111100]0000101
stabSize=16

anf=c+ac+bd+abd+ae+bce+cdf+aef+acg+deg+bfg
[0111101 0000001 0011100 0111110 1000011 1000101 0001101]0000101
[0001110 0100101 1100111 1000110 1110011 0111110 0111101]1001101
[0001101 1101101 1100100 1000101 1110000 1110110 1110101]1001101
stabSize=64

anf=1+c+ac+bd+abd+ae+bce+cdf+aef+acg+deg+bfg
[0111101 0000001 0011100 0111110 1000011 1000101 0001101]0000101
[0001110 0100101 1100111 1000110 1110011 0111110 0111101]1001101
[0001101 1101101 1100100 1000101 1110000 1110110 1110101]1001101
stabSize=64

anf=a+b+ac+bd+abd+ae+bce+cdf+aef+acg+deg+bfg
[1010001 0110001 0101111 0011001 0111011 0111101 0111110]0010001
[0100110 1010001 0010011 1111001 0010000 0010110 0000010]0000000
[1000000 0100000 0000100 0001000 0010000 0000001 0000010]0000000
[1010111 0100000 0101001 0001000 0101010 0101100 0111000]0010111
stabSize=64

anf=1+a+b+ac+bd+abd+ae+bce+cdf+aef+acg+deg+bfg
[1010001 0110001 0101111 0011001 0111011 0111101 0111110]0010001
[0100110 1010001 0010011 1111001 0010000 0010110 0000010]0000000
[1000000 0100000 0000100 0001000 0010000 0000001 0000010]0000000
[1010111 0100000 0101001 0001000 0101010 0101100 0111000]0010111
stabSize=64

anf=a+ac+bd+abd+ae+bce+cdf+aef+acg+deg+bfg
[1000110 0110001 0010110 0011001 0010101 0010011 0000111]0000110
[1000000 0100000 0000100 0001000 0010000 0000001 0000010]0000000
[1111111 0011111 0000001 0110111 0010101 0010011 0010000]0000110
stabSize=32

anf=ac+bd+abd+ae+bce+cdf+aef+acg+deg+bfg
[0100110 1010001 0010011 1111001 0010000 0010110 0000010]0000000
[1010111 0110111 0000100 0011111 0010000 0000001 0000010]0010111
[1010001 0100110 0010110 0001110 0010101 0010011 0000111]0010001
[1111111 0011111 0000001 0110111 0010101 0010011 0010000]0000110
[0100110 0011010 1011000 1111001 1011011 0010110 0000010]1001011
stabSize=256

anf=1+ac+bd+abd+ae+bce+cdf+aef+acg+deg+bfg
[0100110 1010001 0010011 1111001 0010000 0010110 0000010]0000000
[1010111 0110111 0000100 0011111 0010000 0000001 0000010]0010111
[1010001 0100110 0010110 0001110 0010101 0010011 0000111]0010001
[1111111 0011111 0000001 0110111 0010101 0010011 0010000]0000110
[0100110 0011010 1011000 1111001 1011011 0010110 0000010]1001011
stabSize=256

anf=a+b+ac+d+ad+abd+e+ae+bce+f+cdf+aef+acg+deg+bfg
[0100110 1000110 0101001 1101110 0111101 0101100 0101111]0000000
[0001101 1101101 1100100 1000101 1110000 1110110 1110101]1001101
[0100011 0010011 1100100 1001001 1010010 0100110 0101001]1100011
stabSize=1536

anf=1+a+b+ac+d+ad+abd+e+ae+bce+f+cdf+aef+acg+deg+bfg
[0100110 1000110 0101001 1101110 0111101 0101100 0101111]0000000
[0001101 1101101 1100100 1000101 1110000 1110110 1110101]1001101
[0100011 0010011 1100100 1001001 1010010 0100110 0101001]1100011
stabSize=1536

anf=a+b+c+ac+ad+abd+e+ae+bce+cdf+aef+acg+deg+bfg
[0011100 1111100 1001100 1010100 1011000 1011110 1011101]1011100
[0011100 1111100 1011000 1010100 1001100 1011101 1011110]1011100
[0000100 0001110 0010000 0011111 1010111 1010001 0111000]0101110
[0001011 0100000 1100001 1010100 1100010 0101111 0111011]1001011
stabSize=768

anf=1+a+b+c+ac+ad+abd+e+ae+bce+cdf+aef+acg+deg+bfg
[0011100 1111100 1001100 1010100 1011000 1011110 1011101]1011100
[0011100 1111100 1011000 1010100 1001100 1011101 1011110]1011100
[0000100 0001110 0010000 0011111 1010111 1010001 0111000]0101110
[0001011 0100000 1100001 1010100 1100010 0101111 0111011]1001011
stabSize=768

anf=a+b+ac+d+ad+abd+ae+bce+cdf+aef+acg+deg+bfg
[1010111 0110111 0000100 0011111 0010000 0000001 0000010]0010111
[1111111 0100110 0010101 0001110 0111000 0101001 0010011]0111111
[1010001 0110001 0111000 0011001 0101100 0101010 0101001]0010001
[0110001 1010001 0111101 1111001 0101001 0101111 0101100]0010111
stabSize=256

anf=b+c+ac+ad+abd+ae+bce+cdf+aef+acg+deg+bfg
[1010100 1001001 0110010 1011000 1100010 1100100 0011010]1100101
[0011100 1111100 1001100 1010100 1011000 1011110 1011101]1011100
[1111001 1111100 0010000 0001000 0111101 1100111 1011101]0111001
[1000000 1110011 0011111 0111110 0111101 1100111 1101011]0000000
[1000000 1111100 0010000 0001000 0000100 1011110 1011101]0000000
stabSize=128

anf=a+b+ac+ad+abd+ae+bce+cdf+aef+acg+deg+bfg
[1000000 0100000 0000100 0001000 0010000 0000001 0000010]0000000
[0101010 1110011 0001000 0000111 1111001 0100011 1000101]0010111
[0011100 1111100 1001100 1010100 1011000 1011110 1011101]1011100
[1010111 1101011 0010000 0011111 0000100 1011110 1011101]0010111
[0001101 1111010 1001010 1010010 1001001 1001111 1011011]1001101
stabSize=256

anf=1+a+b+ac+ad+abd+ae+bce+cdf+aef+acg+deg+bfg
[1000000 0100000 0000100 0001000 0010000 0000001 0000010]0000000
[0101010 1110011 0001000 0000111 1111001 0100011 1000101]0010111
[0011100 1111100 1001100 1010100 1011000 1011110 1011101]1011100
[1010111 1101011 0010000 0011111 0000100 1011110 1011101]0010111
[0001101 1111010 1001010 1010010 1001001 1001111 1011011]1001101
stabSize=256

anf=b+ac+ad+abd+ae+bce+cdf+aef+acg+deg+bfg
[1000000 0100000 0000100 0001000 0010000 0000001 0000010]0000000
[1010001 0100110 0010110 0001110 0010101 0010011 0000111]0010001
[1100111 1001100 0110100 1100100 1101011 1111010 0110010]1100011
stabSize=64

anf=a+ac+ad+abd+ae+bce+cdf+aef+acg+deg+bfg
[1000110 0100110 0101100 0001110 0111000 0101001 0101010]0000110
[0100011 1001111 1101011 1001001 1011101 1001100 1000011]1011010
[0100011 0010011 1100100 1001001 1010010 0100110 0101001]1100011
stabSize=1536

anf=1+a+ac+ad+abd+ae+bce+cdf+aef+acg+deg+bfg
[1000110 0100110 0101100 0001110 0111000 0101001 0101010]0000110
[0100011 1001111 1101011 1001001 1011101 1001100 1000011]1011010
[0100011 0010011 1100100 1001001 1010010 0100110 0101001]1100011
stabSize=1536

anf=ac+ad+abd+ae+bce+cdf+aef+acg+deg+bfg
[1010001 0110001 0111000 0011001 0101100 0101010 0101001]0010001
[0001000 0111000 0000100 0111110 1101110 1000110 0010101]0111001
[1000110 0100110 0101100 0001110 0111000 0101001 0101010]0000110
stabSize=1536

anf=1+ac+ad+abd+ae+bce+cdf+aef+acg+deg+bfg
[1010001 0110001 0111000 0011001 0101100 0101010 0101001]0010001
[0001000 0111000 0000100 0111110 1101110 1000110 0010101]0111001
[1000110 0100110 0101100 0001110 0111000 0101001 0101010]0000110
stabSize=1536

anf=a+b+c+ac+bc+d+abd+cd+e+bce+f+cdf+aef+g+acg+deg+bfg
[1110011 0010011 1101101 1100010 1000101 1111111 1000000]0110011
[0111000 0010011 0110001 1100010 1010010 1101000 0011100]1111000
[1101110 1111111 0101100 1000101 1110101 0000100 1001010]0101110
[1101011 0001011 1001001 1010001 0101111 1011011 0101010]1100101
[0110010 1010010 1110000 1101000 0010011 1100010 0010110]1110010
stabSize=6144

anf=1+a+b+c+ac+bc+d+abd+cd+e+bce+f+cdf+aef+g+acg+deg+bfg
[1110011 0010011 1101101 1100010 1000101 1111111 1000000]0110011
[0111000 0010011 0110001 1100010 1010010 1101000 0011100]1111000
[1101110 1111111 0101100 1000101 1110101 0000100 1001010]0101110
[1101011 0001011 1001001 1010001 0101111 1011011 0101010]1100101
[0110010 1010010 1110000 1101000 0010011 1100010 0010110]1110010
stabSize=6144

anf=a+c+ac+bc+d+abd+cd+e+bce+cdf+aef+acg+deg+bfg
[0110010 1010010 0000111 0011111 1110110 0010101 1110011]1110010
[0001011 1000101 0101001 0001000 1110110 0010101 1011101]1001011
[0011100 0110111 0010000 1010100 0000100 1001001 1001010]1011100
[0110001 1010010 1100010 1111001 1110110 0111000 0111011]1011100
[1000000 0100000 0000111 0001000 0010011 0010101 0010110]0000000
[1010111 0110111 0000111 0011111 0010011 0010101 0010110]0010111
[0100101 1111111 0101010 0001000 1011011 1001001 0101111]1100101
stabSize=512

anf=b+c+ac+bc+abd+cd+e+bce+cdf+aef+acg+deg+bfg
[1100100 0000100 0001101 0000010 0110111 0011111 0110010]0100100
[0000001 1100001 0011010 0000010 1000101 0001000 1000000]1000001
[1000000 1000101 0111110 1000011 1100001 1001001 0000001]0000000
[0110010 0100011 1011000 0110001 0000111 1110000 0111000]0010111
[1000000 0100000 0000111 0001000 0010011 0010101 0010110]0000000
[0010110 1001100 1111100 1011110 1101000 0011111 0011100]1010110
[0110001 1010010 1100010 1111001 1110110 0111000 0111011]1011100
stabSize=1024

anf=1+b+c+ac+bc+abd+cd+e+bce+cdf+aef+acg+deg+bfg
[1100100 0000100 0001101 0000010 0110111 0011111 0110010]0100100
[0000001 1100001 0011010 0000010 1000101 0001000 1000000]1000001
[1000000 1000101 0111110 1000011 1100001 1001001 0000001]0000000
[0110010 0100011 1011000 0110001 0000111 1110000 0111000]0010111
[1000000 0100000 0000111 0001000 0010011 0010101 0010110]0000000
[0010110 1001100 1111100 1011110 1101000 0011111 0011100]1010110
[0110001 1010010 1100010 1111001 1110110 0111000 0111011]1011100
stabSize=1024

anf=a+b+ac+bc+d+abd+cd+bce+cdf+aef+acg+deg+bfg
[1010111 0110111 0000111 0011111 0010011 0010101 0010110]0010111
[0011100 0110111 0010000 1010100 0000100 1001001 1001010]1011100
[1101110 1111111 0101100 1000101 1110101 0000100 1001010]0101110
[1101011 0001011 1001001 1010001 0101111 1011011 0101010]1100101
[0110010 1010010 1110000 1101000 0010011 1100010 0010110]1110010
stabSize=3072

anf=1+a+b+ac+bc+d+abd+cd+bce+cdf+aef+acg+deg+bfg
[1010111 0110111 0000111 0011111 0010011 0010101 0010110]0010111
[0011100 0110111 0010000 1010100 0000100 1001001 1001010]1011100
[1101110 1111111 0101100 1000101 1110101 0000100 1001010]0101110
[1101011 0001011 1001001 1010001 0101111 1011011 0101010]1100101
[0110010 1010010 1110000 1101000 0010011 1100010 0010110]1110010
stabSize=3072

anf=a+c+ac+bc+abd+cd+bce+cdf+aef+acg+deg+bfg
[1100100 0000010 0011010 0000100 0001000 0100000 0100101]0100100
[0010011 0101001 0011111 1011101 0100011 1111001 1010010]1111000
[1100100 0000100 0011010 0000010 0100000 0001000 0100101]0100100
stabSize=64

anf=c+ac+bc+abd+cd+bce+cdf+aef+acg+deg+bfg
[0000001 1100001 0011010 0000010 1000101 0001000 1000000]1000001
[1001010 1001001 0011010 1100001 1000011 1000101 0001011]0001010
[0100110 0001011 0111110 1101011 1001010 1001111 0101100]1100101
stabSize=384

anf=1+c+ac+bc+abd+cd+bce+cdf+aef+acg+deg+bfg
[0000001 1100001 0011010 0000010 1000101 0001000 1000000]1000001
[1001010 1001001 0011010 1100001 1000011 1000101 0001011]0001010
[0100110 0001011 0111110 1101011 1001010 1001111 0101100]1100101
stabSize=384

anf=a+b+ac+bc+abd+cd+bce+cdf+aef+acg+deg+bfg
[1010111 0110111 1110000 1101000 1110110 1100010 1110011]0010111
[0100101 1000101 0000111 0001000 1110110 0010101 1110011]1100101
[0110010 1010010 0000111 0011111 1110110 0010101 1110011]1110010
[0100110 1010001 0000100 0001011 1110101 0000001 1100111]1100101
[1010111 0110111 0000111 0011111 0010011 0010101 0010110]0010111
stabSize=128

anf=a+ac+bc+abd+cd+bce+cdf+aef+acg+deg+bfg
[1001010 0000010 0110100 0000100 0001000 0100000 0001011]0001010
[1111100 0110010 0101100 0001101 0000001 0010000 0101010]0111001
[1100100 0000100 0011010 0000010 0100000 0001000 0100101]0100100
[1000000 0100000 0000111 0001000 0010011 0010101 0010110]0000000
stabSize=256

anf=1+a+ac+bc+abd+cd+bce+cdf+aef+acg+deg+bfg
[1001010 0000010 0110100 0000100 0001000 0100000 0001011]0001010
[1111100 0110010 0101100 0001101 0000001 0010000 0101010]0111001
[1100100 0000100 0011010 0000010 0100000 0001000 0100101]0100100
[1000000 0100000 0000111 0001000 0010011 0010101 0010110]0000000
stabSize=256

anf=ac+bc+abd+cd+bce+cdf+aef+acg+deg+bfg
[1110011 0010011 1101101 1100010 1000101 1111111 1000000]0110011
[0111000 0010011 0110001 1100010 1010010 1101000 0011100]1111000
[1101110 1111111 0101100 1000101 1110101 0000100 1001010]0101110
[1101011 0001011 1001001 1010001 0101111 1011011 0101010]1100101
[0110010 1010010 1110000 1101000 0010011 1100010 0010110]1110010
stabSize=6144

anf=1+ac+bc+abd+cd+bce+cdf+aef+acg+deg+bfg
[1110011 0010011 1101101 1100010 1000101 1111111 1000000]0110011
[0111000 0010011 0110001 1100010 1010010 1101000 0011100]1111000
[1101110 1111111 0101100 1000101 1110101 0000100 1001010]0101110
[1101011 0001011 1001001 1010001 0101111 1011011 0101010]1100101
[0110010 1010010 1110000 1101000 0010011 1100010 0010110]1110010
stabSize=6144

anf=a+b+ab+c+bc+ad+abd+e+bce+f+cdf+aef+g+acg+deg+bfg
[0101100 1011000 0100000 0101111 1111111 1111010 0110010]0100001
[1110000 1011000 0110100 1110011 1101011 0100101 1101101]0100010
[0011100 1101000 1011011 1010100 1001111 0000001 0000010]1011100
stabSize=32

anf=ab+c+bc+ad+abd+bce+f+cdf+aef+acg+deg+bfg
[0001110 1011101 0110001 0011010 0110010 1011011 0000100]1001111
stabSize=4

anf=a+b+ab+c+bc+ad+abd+e+bce+cdf+aef+acg+deg+bfg
[0011100 1101000 1011011 1010100 1001111 0000001 0000010]1011100
[0011100 1111111 0010011 1010100 0000111 1001001 1001010]1001011
[1010100 1101011 0010011 0011100 0000111 0000010 0000001]0010111
[1010100 0110100 1001111 0011100 1011011 1011101 1011110]0010100
stabSize=16

anf=a+ab+bc+ad+abd+e+bce+cdf+aef+acg+deg+bfg
[0011111 0100000 1011000 1010111 1001100 1001001 1001010]0000000
[1010111 0100011 0010000 0011111 0000100 1001010 1001001]1001011
stabSize=4

anf=b+ab+c+bc+ad+abd+bce+cdf+aef+acg+deg+bfg
[0001011 1111100 0010011 1000011 0000111 0000001 0000010]0000000
[0001011 0100011 1001111 1000011 1011011 1011110 1011101]0000011
stabSize=4

anf=1+b+ab+c+bc+ad+abd+bce+cdf+aef+acg+deg+bfg
[0001011 1111100 0010011 1000011 0000111 0000001 0000010]0000000
[0001011 0100011 1001111 1000011 1011011 1011110 1011101]0000011
stabSize=4

anf=a+ab+c+bc+ad+abd+bce+cdf+aef+acg+deg+bfg
[0011111 0100000 1011000 1010111 1001100 1001001 1001010]0000000
[0111011 0000100 1111100 0111000 0100011 1101101 0100101]0100010
stabSize=8

anf=1+a+ab+c+bc+ad+abd+bce+cdf+aef+acg+deg+bfg
[0011111 0100000 1011000 1010111 1001100 1001001 1001010]0000000
[0111011 0000100 1111100 0111000 0100011 1101101 0100101]0100010
stabSize=8

anf=a+b+ab+bc+ad+abd+bce+cdf+aef+acg+deg+bfg
[0011100 1111111 0010011 1010100 0000111 1001001 1001010]1001011
[0001000 1111100 0000100 1000000 0010000 1011110 1011101]1001000
[1010100 0110100 1001111 0011100 1011011 1011101 1011110]0010100
[0001000 0110100 0010000 1000000 0000100 1001001 1001010]1011100
stabSize=16

anf=1+a+b+ab+bc+ad+abd+bce+cdf+aef+acg+deg+bfg
[0011100 1111111 0010011 1010100 0000111 1001001 1001010]1001011
[0001000 1111100 0000100 1000000 0010000 1011110 1011101]1001000
[1010100 0110100 1001111 0011100 1011011 1011101 1011110]0010100
[0001000 0110100 0010000 1000000 0000100 1001001 1001010]1011100
stabSize=16

anf=a+ab+bc+ad+abd+bce+cdf+aef+acg+deg+bfg
[0101010 1101110 1001010 1110101 0000010 1101011 1111111]0010101
[0101100 1011000 0100000 0101111 1111111 1111010 0110010]0100001
stabSize=64

anf=1+a+ab+bc+ad+abd+bce+cdf+aef+acg+deg+bfg
[0101010 1101110 1001010 1110101 0000010 1101011 1111111]0010101
[0101100 1011000 0100000 0101111 1111111 1111010 0110010]0100001
stabSize=64

anf=ab+bc+ad+abd+bce+cdf+aef+acg+deg+bfg
[0001011 0110100 0000111 1000011 0010011 0010110 0010101]0010100
[0011111 0110111 0010000 1010111 0000100 0000001 0000010]0010111
stabSize=4

anf=1+ab+bc+ad+abd+bce+cdf+aef+acg+deg+bfg
[0001011 0110100 0000111 1000011 0010011 0010110 0010101]0010100
[0011111 0110111 0010000 1010111 0000100 0000001 0000010]0010111
stabSize=4

anf=a+b+bc+d+ad+abd+bce+cdf+aef+acg+deg+bfg
[0011100 0100011 0000111 1010100 0010011 0010110 0010101]0000011
[0011100 1101011 0010011 1010100 0000111 0000001 0000010]0010111
[0001000 1101000 0000100 1000000 0010000 0010110 0010101]0010100
stabSize=8

anf=1+a+b+bc+d+ad+abd+bce+cdf+aef+acg+deg+bfg
[0011100 0100011 0000111 1010100 0010011 0010110 0010101]0000011
[0011100 1101011 0010011 1010100 0000111 0000001 0000010]0010111
[0001000 1101000 0000100 1000000 0010000 0010110 0010101]0010100
stabSize=8

anf=b+c+bc+ad+abd+bce+cdf+aef+acg+deg+bfg
[1000000 0110111 1001111 0001000 1011011 1011101 1011110]0000000
[0001000 0100000 0010000 1000000 0000100 0000001 0000010]0000000
[0011111 0100011 0010011 1010111 0000111 1011101 1011110]1011100
stabSize=8

anf=1+b+c+bc+ad+abd+bce+cdf+aef+acg+deg+bfg
[1000000 0110111 1001111 0001000 1011011 1011101 1011110]0000000
[0001000 0100000 0010000 1000000 0000100 0000001 0000010]0000000
[0011111 0100011 0010011 1010111 0000111 1011101 1011110]1011100
stabSize=8

anf=a+c+bc+ad+abd+bce+cdf+aef+acg+deg+bfg
[0011100 0110100 1011000 1010100 1001100 1001001 1001010]0000011
stabSize=2

anf=1+a+c+bc+ad+abd+bce+cdf+aef+acg+deg+bfg
[0011100 0110100 1011000 1010100 1001100 1001001 1001010]0000011
stabSize=2

anf=b+bc+ad+abd+bce+cdf+aef+acg+deg+bfg
[0011100 0100011 0000111 1010100 0010011 0010110 0010101]0000011
[0011100 1101011 0010011 1010100 0000111 0000001 0000010]0010111
[0001000 1101000 0000100 1000000 0010000 0010110 0010101]0010100
stabSize=8

anf=1+b+bc+ad+abd+bce+cdf+aef+acg+deg+bfg
[0011100 0100011 0000111 1010100 0010011 0010110 0010101]0000011
[0011100 1101011 0010011 1010100 0000111 0000001 0000010]0010111
[0001000 1101000 0000100 1000000 0010000 0010110 0010101]0010100
stabSize=8

anf=bc+ad+abd+bce+cdf+aef+acg+deg+bfg
[0011100 0100011 0000111 1010100 0010011 0010110 0010101]0000011
[0011100 1101011 0010011 1010100 0000111 0000001 0000010]0010111
[0001000 1101000 0000100 1000000 0010000 0010110 0010101]0010100
stabSize=8

anf=1+bc+ad+abd+bce+cdf+aef+acg+deg+bfg
[0011100 0100011 0000111 1010100 0010011 0010110 0010101]0000011
[0011100 1101011 0010011 1010100 0000111 0000001 0000010]0010111
[0001000 1101000 0000100 1000000 0010000 0010110 0010101]0010100
stabSize=8

anf=a+ab+c+ad+abd+e+bce+f+cdf+aef+g+acg+deg+bfg
[1010111 0001000 1110011 0110111 1110110 1100111 1110101]0010111
[1000000 0100000 0000001 0001000 0000010 0000100 0010000]0000000
[1000000 0100000 0000100 0001000 0010000 0000001 0000010]0000000
[0001110 0011010 1110000 1010111 1011011 0111000 0000100]1001011
[1101110 0001000 0000010 0100000 0111110 0101111 0000100]0101110
stabSize=2048

anf=1+a+ab+c+ad+abd+e+bce+f+cdf+aef+g+acg+deg+bfg
[1010111 0001000 1110011 0110111 1110110 1100111 1110101]0010111
[1000000 0100000 0000001 0001000 0000010 0000100 0010000]0000000
[1000000 0100000 0000100 0001000 0010000 0000001 0000010]0000000
[0001110 0011010 1110000 1010111 1011011 0111000 0000100]1001011
[1101110 0001000 0000010 0100000 0111110 0101111 0000100]0101110
stabSize=2048

anf=ab+ad+abd+e+bce+f+cdf+aef+acg+deg+bfg
[1101110 0001000 0111110 0100000 0000010 0000100 0101111]0101110
[1010111 0001000 1110011 0110111 1110110 1100111 1110101]0010111
[1000000 0100000 0000001 0001000 0000010 0000100 0010000]0000000
[1101101 1000110 1001100 0110010 1001111 0000010 0010110]1001011
stabSize=1024

anf=1+ab+ad+abd+e+bce+f+cdf+aef+acg+deg+bfg
[1101110 0001000 0111110 0100000 0000010 0000100 0101111]0101110
[1010111 0001000 1110011 0110111 1110110 1100111 1110101]0010111
[1000000 0100000 0000001 0001000 0000010 0000100 0010000]0000000
[1101101 1000110 1001100 0110010 1001111 0000010 0010110]1001011
stabSize=1024

anf=a+b+ab+c+ad+abd+e+bce+cdf+aef+acg+deg+bfg
[1111001 0100000 1110101 0011111 1001111 1011110 1110011]0111001
[1010010 0001011 0111101 1010001 1110101 0000001 1011110]1001011
[1000000 0100000 0000100 0001000 0010000 0000001 0000010]0000000
[0100110 0011010 1011000 1111001 1011011 0010110 0000010]1001011
stabSize=512

anf=1+a+b+ab+c+ad+abd+e+bce+cdf+aef+acg+deg+bfg
[1111001 0100000 1110101 0011111 1001111 1011110 1110011]0111001
[1010010 0001011 0111101 1010001 1110101 0000001 1011110]1001011
[1000000 0100000 0000100 0001000 0010000 0000001 0000010]0000000
[0100110 0011010 1011000 1111001 1011011 0010110 0000010]1001011
stabSize=512

anf=a+b+ab+d+ad+abd+bce+cdf+aef+acg+deg+bfg
[1000000 0001000 0010000 0100000 0000010 0000100 0000001]0000000
[1010111 0110111 0000001 0011111 0000010 0000100 0010000]0010111
[1000000 0100000 0000001 0001000 0000010 0000100 0010000]0000000
[1000000 0100000 0000100 0001000 0010000 0000001 0000010]0000000
[0001011 1111010 0101001 1000101 0010101 0000100 0101111]0101110
[1101110 0001000 0111110 0100000 0000010 0000100 0101111]0101110
stabSize=512

anf=1+a+b+ab+d+ad+abd+bce+cdf+aef+acg+deg+bfg
[1000000 0001000 0010000 0100000 0000010 0000100 0000001]0000000
[1010111 0110111 0000001 0011111 0000010 0000100 0010000]0010111
[1000000 0100000 0000001 0001000 0000010 0000100 0010000]0000000
[1000000 0100000 0000100 0001000 0010000 0000001 0000010]0000000
[0001011 1111010 0101001 1000101 0010101 0000100 0101111]0101110
[1101110 0001000 0111110 0100000 0000010 0000100 0101111]0101110
stabSize=512

anf=ab+c+ad+abd+bce+cdf+aef+acg+deg+bfg
[1111100 1101000 1001001 0110010 1110101 0000001 0101010]1011100
[1101110 0100000 0111110 0001000 0000100 0000010 0101111]0101110
[1101110 0001000 0111110 0100000 0000010 0000100 0101111]0101110
[0110001 1010111 0111101 0100011 1011101 0000111 1110000]1110010
stabSize=64

anf=1+ab+c+ad+abd+bce+cdf+aef+acg+deg+bfg
[1111100 1101000 1001001 0110010 1110101 0000001 0101010]1011100
[1101110 0100000 0111110 0001000 0000100 0000010 0101111]0101110
[1101110 0001000 0111110 0100000 0000010 0000100 0101111]0101110
[0110001 1010111 0111101 0100011 1011101 0000111 1110000]1110010
stabSize=64

anf=b+ab+ad+abd+bce+cdf+aef+acg+deg+bfg
[1010111 0110111 0000100 0011111 0010000 0000001 0000010]0010111
[1111100 0001011 0000010 1000110 1100100 0000111 1110110]1110010
[1000000 0100000 0000001 0001000 0000010 0000100 0010000]0000000
[1000000 0100000 0000100 0001000 0010000 0000001 0000010]0000000
[0001011 1111100 0000111 1000011 0010011 0000010 0000001]0000000
stabSize=128

anf=1+b+ab+ad+abd+bce+cdf+aef+acg+deg+bfg
[1010111 0110111 0000100 0011111 0010000 0000001 0000010]0010111
[1111100 0001011 0000010 1000110 1100100 0000111 1110110]1110010
[1000000 0100000 0000001 0001000 0000010 0000100 0010000]0000000
[1000000 0100000 0000100 0001000 0010000 0000001 0000010]0000000
[0001011 1111100 0000111 1000011 0010011 0000010 0000001]0000000
stabSize=128

anf=a+ab+ad+abd+bce+cdf+aef+acg+deg+bfg
[1010111 0001000 1110011 0110111 1110110 1100111 1110101]0010111
[1000000 0100000 0000001 0001000 0000010 0000100 0010000]0000000
[1000000 0100000 0000100 0001000 0010000 0000001 0000010]0000000
[0001110 0011010 1110000 1010111 1011011 0111000 0000100]1001011
[1101110 0001000 0000010 0100000 0111110 0101111 0000100]0101110
stabSize=2048

anf=1+a+ab+ad+abd+bce+cdf+aef+acg+deg+bfg
[1010111 0001000 1110011 0110111 1110110 1100111 1110101]0010111
[1000000 0100000 0000001 0001000 0000010 0000100 0010000]0000000
[1000000 0100000 0000100 0001000 0010000 0000001 0000010]0000000
[0001110 0011010 1110000 1010111 1011011 0111000 0000100]1001011
[1101110 0001000 0000010 0100000 0111110 0101111 0000100]0101110
stabSize=2048

anf=ab+ad+abd+bce+cdf+aef+acg+deg+bfg
[1000000 0001000 0010000 0100000 0000010 0000100 0000001]0000000
[1010111 0110111 0000001 0011111 0000010 0000100 0010000]0010111
[1000000 0100000 0000001 0001000 0000010 0000100 0010000]0000000
[1000000 0100000 0000100 0001000 0010000 0000001 0000010]0000000
[0001011 1111010 0101001 1000101 0010101 0000100 0101111]0101110
[1101110 0001000 0111110 0100000 0000010 0000100 0101111]0101110
stabSize=512

anf=1+ab+ad+abd+bce+cdf+aef+acg+deg+bfg
[1000000 0001000 0010000 0100000 0000010 0000100 0000001]0000000
[1010111 0110111 0000001 0011111 0000010 0000100 0010000]0010111
[1000000 0100000 0000001 0001000 0000010 0000100 0010000]0000000
[1000000 0100000 0000100 0001000 0010000 0000001 0000010]0000000
[0001011 1111010 0101001 1000101 0010101 0000100 0101111]0101110
[1101110 0001000 0111110 0100000 0000010 0000100 0101111]0101110
stabSize=512

anf=a+b+ab+c+ac+d+abd+e+bce+f+cdf+aef+g+acg+deg+bfg
[0111011 1011101 1101101 1001100 1111111 1000000 1000101]1111011
[0101010 1001100 1110011 0110111 0001011 0000010 0110001]0111001
[1111111 0111000 0001110 0101001 0010011 0010101 0100110]0111111
stabSize=384

anf=1+a+b+ab+c+ac+d+abd+e+bce+f+cdf+aef+g+acg+deg+bfg
[0111011 1011101 1101101 1001100 1111111 1000000 1000101]1111011
[0101010 1001100 1110011 0110111 0001011 0000010 0110001]0111001
[1111111 0111000 0001110 0101001 0010011 0010101 0100110]0111111
stabSize=384

anf=b+ab+c+ac+d+abd+bce+cdf+aef+g+acg+deg+bfg
[0111011 1011101 1101101 1001100 1111111 1000000 1000101]1111011
[0101010 1001100 1110011 0110111 0001011 0000010 0110001]0111001
[1111111 0111000 0001110 0101001 0010011 0010101 0100110]0111111
stabSize=384

anf=1+b+ab+c+ac+d+abd+bce+cdf+aef+g+acg+deg+bfg
[0111011 1011101 1101101 1001100 1111111 1000000 1000101]1111011
[0101010 1001100 1110011 0110111 0001011 0000010 0110001]0111001
[1111111 0111000 0001110 0101001 0010011 0010101 0100110]0111111
stabSize=384

anf=a+ab+ac+abd+e+bce+f+cdf+aef+acg+deg+bfg
[0111011 1011101 1101101 1001100 1111111 1000000 1000101]1111011
[0101010 1001100 1110011 0110111 0001011 0000010 0110001]0111001
[1111111 0111000 0001110 0101001 0010011 0010101 0100110]0111111
stabSize=384

anf=1+a+ab+ac+abd+e+bce+f+cdf+aef+acg+deg+bfg
[0111011 1011101 1101101 1001100 1111111 1000000 1000101]1111011
[0101010 1001100 1110011 0110111 0001011 0000010 0110001]0111001
[1111111 0111000 0001110 0101001 0010011 0010101 0100110]0111111
stabSize=384

anf=ab+ac+abd+e+bce+f+cdf+aef+acg+deg+bfg
[1010001 0111000 0110001 0101001 0101100 0101010 0011001]0010001
[1000000 0010110 0100110 0000111 0111101 0111011 0001110]0111001
[1010001 0110001 0111000 0011001 0101100 0101010 0101001]0010001
[1111111 0111000 0001110 0101001 0010011 0010101 0100110]0111111
stabSize=64

anf=1+ab+ac+abd+e+bce+f+cdf+aef+acg+deg+bfg
[1010001 0111000 0110001 0101001 0101100 0101010 0011001]0010001
[1000000 0010110 0100110 0000111 0111101 0111011 0001110]0111001
[1010001 0110001 0111000 0011001 0101100 0101010 0101001]0010001
[1111111 0111000 0001110 0101001 0010011 0010101 0100110]0111111
stabSize=64

anf=b+ab+ac+d+abd+e+bce+cdf+aef+acg+deg+bfg
[0010011 1110011 1111010 1100010 1010111 1101000 1010010]1010011
[0111011 1011011 1101011 1001010 1000110 1111001 1000011]1111011
[0101010 1111100 1110101 1010100 1010111 1101000 1100100]1101010
[1101000 0000111 0000001 1111100 1001001 1000000 1000011]1000010
stabSize=64

anf=1+b+ab+ac+d+abd+e+bce+cdf+aef+acg+deg+bfg
[0010011 1110011 1111010 1100010 1010111 1101000 1010010]1010011
[0111011 1011011 1101011 1001010 1000110 1111001 1000011]1111011
[0101010 1111100 1110101 1010100 1010111 1101000 1100100]1101010
[1101000 0000111 0000001 1111100 1001001 1000000 1000011]1000010
stabSize=64

anf=ab+c+ac+d+abd+bce+cdf+aef+acg+deg+bfg
[0000010 1100010 1010010 1110011 1111111 1000000 1111010]1111011
[0111011 1011011 1101011 1001010 1000110 1111001 1000011]1111011
[0111011 1011101 1101101 1001100 1111111 1000000 1000101]1111011
stabSize=16

anf=1+ab+c+ac+d+abd+bce+cdf+aef+acg+deg+bfg
[0000010 1100010 1010010 1110011 1111111 1000000 1111010]1111011
[0111011 1011011 1101011 1001010 1000110 1111001 1000011]1111011
[0111011 1011101 1101101 1001100 1111111 1000000 1000101]1111011
stabSize=16

anf=a+b+ab+ac+d+abd+bce+cdf+aef+acg+deg+bfg
[1010001 0110001 0111000 0011001 0101100 0101010 0101001]0010001
[1111111 0110001 0000111 0011001 0101010 0101100 0010110]0111111
[1000110 0001110 0111000 0100110 0101010 0101100 0101001]0000110
[1010111 0011001 0010110 0110001 0111011 0111101 0000111]0101110
[1111001 0100000 0010000 0001000 0111101 0111011 0000001]0111001
stabSize=32

anf=1+a+b+ab+ac+d+abd+bce+cdf+aef+acg+deg+bfg
[1010001 0110001 0111000 0011001 0101100 0101010 0101001]0010001
[1111111 0110001 0000111 0011001 0101010 0101100 0010110]0111111
[1000110 0001110 0111000 0100110 0101010 0101100 0101001]0000110
[1010111 0011001 0010110 0110001 0111011 0111101 0000111]0101110
[1111001 0100000 0010000 0001000 0111101 0111011 0000001]0111001
stabSize=32

anf=b+ab+ac+d+abd+bce+cdf+aef+acg+deg+bfg
[0111011 1011011 1101011 1001010 1000110 1111001 1000011]1111011
[1101110 0011111 0010000 0110111 0111011 0111101 0000001]0101110
[1000110 0001000 0111110 0100000 0010011 0010101 0101111]0111111
[0111011 1011101 1101101 1001100 1111111 1000000 1000101]1111011
stabSize=64

anf=1+b+ab+ac+d+abd+bce+cdf+aef+acg+deg+bfg
[0111011 1011011 1101011 1001010 1000110 1111001 1000011]1111011
[1101110 0011111 0010000 0110111 0111011 0111101 0000001]0101110
[1000110 0001000 0111110 0100000 0010011 0010101 0101111]0111111
[0111011 1011101 1101101 1001100 1111111 1000000 1000101]1111011
stabSize=64

anf=b+ab+ac+abd+bce+cdf+aef+acg+deg+bfg
[1000110 0110001 0000111 0011001 0010011 0010101 0010110]0000110
[0011010 0111110 0001000 1000101 1000000 1001001 1001010]0001001
stabSize=6

anf=1+b+ab+ac+abd+bce+cdf+aef+acg+deg+bfg
[1000110 0110001 0000111 0011001 0010011 0010101 0010110]0000110
[0011010 0111110 0001000 1000101 1000000 1001001 1001010]0001001
stabSize=6

anf=a+ab+ac+abd+bce+cdf+aef+acg+deg+bfg
[1010001 0111000 0110001 0101001 0101100 0101010 0011001]0010001
[1000000 0010110 0100110 0000111 0111101 0111011 0001110]0111001
[1010001 0110001 0111000 0011001 0101100 0101010 0101001]0010001
[1111111 0111000 0001110 0101001 0010011 0010101 0100110]0111111
stabSize=64

anf=1+a+ab+ac+abd+bce+cdf+aef+acg+deg+bfg
[1010001 0111000 0110001 0101001 0101100 0101010 0011001]0010001
[1000000 0010110 0100110 0000111 0111101 0111011 0001110]0111001
[1010001 0110001 0111000 0011001 0101100 0101010 0101001]0010001
[1111111 0111000 0001110 0101001 0010011 0010101 0100110]0111111
stabSize=64

anf=ab+ac+abd+bce+cdf+aef+acg+deg+bfg
[0111011 1011101 1101101 1001100 1111111 1000000 1000101]1111011
[0101010 1001100 1110011 0110111 0001011 0000010 0110001]0111001
[1111111 0111000 0001110 0101001 0010011 0010101 0100110]0111111
stabSize=384

anf=1+ab+ac+abd+bce+cdf+aef+acg+deg+bfg
[0111011 1011101 1101101 1001100 1111111 1000000 1000101]1111011
[0101010 1001100 1110011 0110111 0001011 0000010 0110001]0111001
[1111111 0111000 0001110 0101001 0010011 0010101 0100110]0111111
stabSize=384

anf=a+b+ab+c+abd+e+bce+cdf+aef+acg+deg+bfg
[1010111 0110111 0000100 0011111 0010000 0000001 0000010]0010111
[1010100 1101011 0010011 0011100 0000111 0000010 0000001]0010111
[1010111 0110111 0010000 0011111 0000100 0000010 0000001]0010111
[1000011 1111100 0010000 0001011 0000100 0010110 0010101]0010111
stabSize=16

anf=1+a+b+ab+c+abd+e+bce+cdf+aef+acg+deg+bfg
[1010111 0110111 0000100 0011111 0010000 0000001 0000010]0010111
[1010100 1101011 0010011 0011100 0000111 0000010 0000001]0010111
[1010111 0110111 0010000 0011111 0000100 0000010 0000001]0010111
[1000011 1111100 0010000 0001011 0000100 0010110 0010101]0010111
stabSize=16

anf=ab+c+abd+e+bce+cdf+aef+acg+deg+bfg
[1000000 0100000 0000111 0001000 0010011 0010101 0010110]0010111
[1010111 0110111 0000100 0011111 0010000 0000001 0000010]0010111
[1010111 0110111 0010000 0011111 0000100 0000010 0000001]0010111
[0011100 0110100 1011000 1010100 1001100 1001001 1001010]0010100
stabSize=16

anf=1+ab+c+abd+e+bce+cdf+aef+acg+deg+bfg
[1000000 0100000 0000111 0001000 0010011 0010101 0010110]0010111
[1010111 0110111 0000100 0011111 0010000 0000001 0000010]0010111
[1010111 0110111 0010000 0011111 0000100 0000010 0000001]0010111
[0011100 0110100 1011000 1010100 1001100 1001001 1001010]0010100
stabSize=16

anf=a+ab+d+abd+bce+cdf+aef+acg+deg+bfg
[1101110 0110001 0010110 0011001 0000100 0000010 0000111]0010111
[1010111 0110111 0000010 0011111 0000001 0010000 0000100]0010111
[1010111 0110111 0010000 0011111 0000100 0000010 0000001]0010111
[0011100 0110100 1011000 1010100 1001100 1001001 1001010]0010100
stabSize=96

anf=1+a+ab+d+abd+bce+cdf+aef+acg+deg+bfg
[1101110 0110001 0010110 0011001 0000100 0000010 0000111]0010111
[1010111 0110111 0000010 0011111 0000001 0010000 0000100]0010111
[1010111 0110111 0010000 0011111 0000100 0000010 0000001]0010111
[0011100 0110100 1011000 1010100 1001100 1001001 1001010]0010100
stabSize=96

anf=ab+d+abd+bce+cdf+aef+acg+deg+bfg
[1010111 0110111 0000010 0011111 0000001 0010000 0000100]0010111
[1010111 0110111 0010000 0011111 0000100 0000010 0000001]0010111
[0100000 1000000 0010101 0001000 0010011 0000111 0010110]0010111
[1000011 1111100 0010000 0001011 0000100 0010110 0010101]0010111
stabSize=96

anf=1+ab+d+abd+bce+cdf+aef+acg+deg+bfg
[1010111 0110111 0000010 0011111 0000001 0010000 0000100]0010111
[1010111 0110111 0010000 0011111 0000100 0000010 0000001]0010111
[0100000 1000000 0010101 0001000 0010011 0000111 0010110]0010111
[1000011 1111100 0010000 0001011 0000100 0010110 0010101]0010111
stabSize=96

anf=a+ab+c+abd+bce+cdf+aef+acg+deg+bfg
[1111001 0100110 0010110 0001110 0000100 0000010 0000111]0000000
[0110111 1010111 1110101 1101000 1100001 1100111 1100100]0000101
stabSize=8

anf=1+a+ab+c+abd+bce+cdf+aef+acg+deg+bfg
[1111001 0100110 0010110 0001110 0000100 0000010 0000111]0000000
[0110111 1010111 1110101 1101000 1100001 1100111 1100100]0000101
stabSize=8

anf=ab+c+abd+bce+cdf+aef+acg+deg+bfg
[1000110 0001110 0111000 0100110 0101010 0101100 0101001]0000110
[0100000 1000000 1100010 1111111 1110110 1110000 1110011]0000101
[1000011 1111100 0010011 0001011 0000111 0000010 0000001]0000000
stabSize=24

anf=1+ab+c+abd+bce+cdf+aef+acg+deg+bfg
[1000110 0001110 0111000 0100110 0101010 0101100 0101001]0000110
[0100000 1000000 1100010 1111111 1110110 1110000 1110011]0000101
[1000011 1111100 0010011 0001011 0000111 0000010 0000001]0000000
stabSize=24

anf=a+b+ab+abd+bce+cdf+aef+acg+deg+bfg
[1010111 0110111 0000010 0011111 0000001 0010000 0000100]0010111
[1010111 0110111 0010000 0011111 0000100 0000010 0000001]0010111
[0100000 1000000 0010101 0001000 0010011 0000111 0010110]0010111
[1000011 1111100 0010000 0001011 0000100 0010110 0010101]0010111
stabSize=96

anf=1+a+b+ab+abd+bce+cdf+aef+acg+deg+bfg
[1010111 0110111 0000010 0011111 0000001 0010000 0000100]0010111
[1010111 0110111 0010000 0011111 0000100 0000010 0000001]0010111
[0100000 1000000 0010101 0001000 0010011 0000111 0010110]0010111
[1000011 1111100 0010000 0001011 0000100 0010110 0010101]0010111
stabSize=96

anf=ab+abd+bce+cdf+aef+acg+deg+bfg
[1010111 0110111 0000010 0011111 0000001 0010000 0000100]0010111
[1010111 0110111 0010000 0011111 0000100 0000010 0000001]0010111
[0001110 1000110 0111101 0100110 0111011 0111110 0101111]0010001
[1000110 0001110 0101001 0100110 0101100 0101010 0111000]0000110
stabSize=96

anf=1+ab+abd+bce+cdf+aef+acg+deg+bfg
[1010111 0110111 0000010 0011111 0000001 0010000 0000100]0010111
[1010111 0110111 0010000 0011111 0000100 0000010 0000001]0010111
[0001110 1000110 0111101 0100110 0111011 0111110 0101111]0010001
[1000110 0001110 0101001 0100110 0101100 0101010 0111000]0000110
stabSize=96

anf=a+b+c+d+abd+e+bce+f+cdf+aef+g+acg+deg+bfg
[0100101 0111110 1000011 1100100 1001001 0000100 0100000]1100101
[0001011 0111101 0111000 0101100 1010100 1101011 0111110]0010111
[0110010 1010010 0000001 0001000 1110000 0000100 1100010]1110010
[0010000 1100111 1011101 0001000 1111100 0111101 1111001]1100101
stabSize=86016

anf=1+a+b+c+d+abd+e+bce+f+cdf+aef+g+acg+deg+bfg
[0100101 0111110 1000011 1100100 1001001 0000100 0100000]1100101
[0001011 0111101 0111000 0101100 1010100 1101011 0111110]0010111
[0110010 1010010 0000001 0001000 1110000 0000100 1100010]1110010
[0010000 1100111 1011101 0001000 1111100 0111101 1111001]1100101
stabSize=86016

anf=a+c+d+abd+e+bce+cdf+aef+acg+deg+bfg
[1101110 0110111 1100010 0001000 1011000 1001001 1100100]0101110
[1000000 0000010 0010000 0000100 0001000 0100000 0000001]0000000
[1000000 0100000 1100010 0011111 1100001 1110000 1100100]0000000
[1111010 1001001 0001011 0101001 0000100 1110011 0011001]1110010
stabSize=12288

anf=1+a+c+d+abd+e+bce+cdf+aef+acg+deg+bfg
[1101110 0110111 1100010 0001000 1011000 1001001 1100100]0101110
[1000000 0000010 0010000 0000100 0001000 0100000 0000001]0000000
[1000000 0100000 1100010 0011111 1100001 1110000 1100100]0000000
[1111010 1001001 0001011 0101001 0000100 1110011 0011001]1110010
stabSize=12288

anf=a+b+d+abd+bce+cdf+aef+acg+deg+bfg
[1111001 0100000 0111101 0001000 0010000 0000001 0111011]0111001
[1000000 0100000 0000010 0001000 0000001 0010000 0000100]0000000
[1010111 1010100 1001001 1010010 0111110 0000001 1100001]0010111
[1000000 1000101 1001100 1010100 0000100 0111011 1100100]0000000
[0001000 0011100 0000100 1010010 1110000 1001100 0101111]1011100
stabSize=12288

anf=1+a+b+d+abd+bce+cdf+aef+acg+deg+bfg
[1111001 0100000 0111101 0001000 0010000 0000001 0111011]0111001
[1000000 0100000 0000010 0001000 0000001 0010000 0000100]0000000
[1010111 1010100 1001001 1010010 0111110 0000001 1100001]0010111
[1000000 1000101 1001100 1010100 0000100 0111011 1100100]0000000
[0001000 0011100 0000100 1010010 1110000 1001100 0101111]1011100
stabSize=12288

anf=a+abd+bce+cdf+aef+acg+deg+bfg
[1101110 0111011 0000001 0111101 0110111 0011111 0010000]0101110
[1010111 0100000 0101010 0001000 0101001 0111000 0101100]0000000
[1101110 0001000 0111110 0100000 0000010 0000100 0101111]0101110
[1000000 0101100 0010000 0101010 0100110 0001110 0000001]0101110
stabSize=768

anf=1+a+abd+bce+cdf+aef+acg+deg+bfg
[1101110 0111011 0000001 0111101 0110111 0011111 0010000]0101110
[1010111 0100000 0101010 0001000 0101001 0111000 0101100]0000000
[1101110 0001000 0111110 0100000 0000010 0000100 0101111]0101110
[1000000 0101100 0010000 0101010 0100110 0001110 0000001]0101110
stabSize=768

anf=abd+bce+cdf+aef+acg+deg+bfg
[0100101 0111110 1000011 1100100 1001001 0000100 0100000]1100101
[0001011 0111101 0111000 0101100 1010100 1101011 0111110]0010111
[0110010 1010010 0000001 0001000 1110000 0000100 1100010]1110010
[0010000 1100111 1011101 0001000 1111100 0111101 1111001]1100101
stabSize=86016

anf=1+abd+bce+cdf+aef+acg+deg+bfg
[0100101 0111110 1000011 1100100 1001001 0000100 0100000]1100101
[0001011 0111101 0111000 0101100 1010100 1101011 0111110]0010111
[0110010 1010010 0000001 0001000 1110000 0000100 1100010]1110010
[0010000 1100111 1011101 0001000 1111100 0111101 1111001]1100101
stabSize=86016

anf=b+c+abc+cd+ade+bdf+cef+def+g+ag
[1011000 0000101 0111101 0110000 0100101 0010011 0000001]0010001
[1100001 0100000 0010100 0101101 0000100 0000110 0000001]0100001
stabSize=24

anf=abc+cd+ade+bdf+cef+def+g+ag
[1100000 0000100 0111001 0010100 0100100 0000110 0000001]0100000
[1000101 0100000 0010100 0101100 0000100 0100110 0000001]0000000
[1100111 0000100 0111101 0001100 0100000 0000110 0000001]0100100
stabSize=48

anf=1+abc+cd+ade+bdf+cef+def+g+ag
[1100000 0000100 0111001 0010100 0100100 0000110 0000001]0100000
[1000101 0100000 0010100 0101100 0000100 0100110 0000001]0000000
[1100111 0000100 0111101 0001100 0100000 0000110 0000001]0100100
stabSize=48

anf=c+abc+d+cd+ade+bdf+cef+def+ag
[1100101 0100100 0101000 0011101 0100000 0100010 0000001]0100101
[1100000 0100000 0110100 0101000 0000100 0000110 0000001]0000000
[1100011 0100000 0110001 0111100 0100100 0100110 0000001]0000101
stabSize=192

anf=1+c+abc+d+cd+ade+bdf+cef+def+ag
[1100101 0100100 0101000 0011101 0100000 0100010 0000001]0100101
[1100000 0100000 0110100 0101000 0000100 0000110 0000001]0000000
[1100011 0100000 0110001 0111100 0100100 0100110 0000001]0000101
stabSize=192

anf=b+abc+cd+ade+bdf+cef+def+ag
[1110011 0100101 0101001 0110100 0000100 0111110 0000001]0111101
[1001011 0100101 0101100 0010100 0000101 0010011 0000001]0010101
stabSize=32

anf=1+b+abc+cd+ade+bdf+cef+def+ag
[1110011 0100101 0101001 0110100 0000100 0111110 0000001]0111101
[1001011 0100101 0101100 0010100 0000101 0010011 0000001]0010101
stabSize=32

anf=abc+cd+ade+bdf+cef+def+ag
[1111011 0000101 0111000 0101100 0100001 0101111 0000001]0101100
[1100000 0100000 0010100 0101101 0000100 0000110 0000001]0100000
[1100100 0100000 0010000 0001001 0000100 0100010 0000001]0100000
[1010000 0100100 0101000 0011100 0100001 0001011 0000001]0101000
stabSize=192

anf=1+abc+cd+ade+bdf+cef+def+ag
[1111011 0000101 0111000 0101100 0100001 0101111 0000001]0101100
[1100000 0100000 0010100 0101101 0000100 0000110 0000001]0100000
[1100100 0100000 0010000 0001001 0000100 0100010 0000001]0100000
[1010000 0100100 0101000 0011100 0100001 0001011 0000001]0101000
stabSize=192

anf=bc+abc+d+e+ade+bdf+cef+def+g+ag
[1000001 0010000 0110000 0001101 0001000 0000010 0000001]0010000
[1001011 0010000 0110000 0111101 0011000 0010010 0000001]0001011
[1001011 0110000 0010000 0011000 0111101 0010010 0000001]0001011
stabSize=96

anf=1+bc+abc+d+e+ade+bdf+cef+def+g+ag
[1000001 0010000 0110000 0001101 0001000 0000010 0000001]0010000
[1001011 0010000 0110000 0111101 0011000 0010010 0000001]0001011
[1001011 0110000 0010000 0011000 0111101 0010010 0000001]0001011
stabSize=96

anf=b+bc+abc+ade+bdf+cef+def+g+ag
[1010011 0100000 0010000 0011000 0100101 0011010 0000001]0011010
[1001010 0110000 0010000 0011000 0111101 0010010 0000001]0001010
[1010010 0100000 0010000 0011000 0100101 0011010 0000001]0011010
stabSize=16

anf=1+b+bc+abc+ade+bdf+cef+def+g+ag
[1010011 0100000 0010000 0011000 0100101 0011010 0000001]0011010
[1001010 0110000 0010000 0011000 0111101 0010010 0000001]0001010
[1010010 0100000 0010000 0011000 0100101 0011010 0000001]0011010
stabSize=16

anf=bc+abc+ade+bdf+cef+def+g+ag
[1000000 0010000 0100000 0000100 0001000 0000010 0000001]0000000
[1111001 0110000 0100000 0000100 0001100 0010110 0000001]0101100
[1000010 0100000 0010000 0011000 0100100 0000010 0000001]0000010
stabSize=96

anf=1+bc+abc+ade+bdf+cef+def+g+ag
[1000000 0010000 0100000 0000100 0001000 0000010 0000001]0000000
[1111001 0110000 0100000 0000100 0001100 0010110 0000001]0101100
[1000010 0100000 0010000 0011000 0100100 0000010 0000001]0000010
stabSize=96

anf=bc+abc+ade+f+bdf+cef+def+ag
[1010101 0110000 0100000 0000101 0001101 0101111 0000001]0101000
[1011001 0010000 0100000 0000100 0001000 0010010 0000001]0001001
stabSize=192

anf=b+bc+abc+d+ade+bdf+cef+def+ag
[1100110 0110000 0010000 0011001 0111100 0000110 0000001]0010011
[1001100 0100000 0010000 0001001 0000101 0111111 0000001]0000000
stabSize=16

anf=bc+abc+d+ade+bdf+cef+def+ag
[1100000 0100000 0110000 0001100 0000100 0000110 0000001]0100100
[1100101 0100000 0110000 0001101 0000100 0100010 0000001]0100101
[1000110 0100000 0010000 0011000 0100100 0100010 0000001]0100110
[1000110 0100000 0110000 0111101 0100100 0100010 0000001]0000110
stabSize=32

anf=b+bc+abc+ade+bdf+cef+def+ag
[1011000 0110000 0010000 0001000 0001101 0010010 0000001]0011000
[1010001 0110000 0010000 0001000 0001100 0001010 0000001]0011001
[1000001 0100000 0010000 0001000 0000100 0000010 0000001]0000001
[1111001 0110000 0010000 0001001 0001100 0010110 0000001]0011100
stabSize=32

anf=1+b+bc+abc+ade+bdf+cef+def+ag
[1011000 0110000 0010000 0001000 0001101 0010010 0000001]0011000
[1010001 0110000 0010000 0001000 0001100 0001010 0000001]0011001
[1000001 0100000 0010000 0001000 0000100 0000010 0000001]0000001
[1111001 0110000 0010000 0001001 0001100 0010110 0000001]0011100
stabSize=32

anf=bc+abc+ade+bdf+cef+def+ag
[1000010 0100000 0010000 0011000 0100100 0000010 0000001]0000010
[1010101 0110000 0100000 0000101 0001101 0101111 0000001]0101000
[1000000 0010000 0100000 0000100 0001000 0000010 0000001]0000000
stabSize=384

anf=1+bc+abc+ade+bdf+cef+def+ag
[1000010 0100000 0010000 0011000 0100100 0000010 0000001]0000010
[1010101 0110000 0100000 0000101 0001101 0101111 0000001]0101000
[1000000 0010000 0100000 0000100 0001000 0000010 0000001]0000000
stabSize=384

anf=b+c+abc+ade+bdf+cef+def+g+ag
[1100001 0011000 0011100 0110100 0010001 0000110 0000001]0011101
[1111001 0001101 0011000 0010001 0111100 0010111 0000001]0000100
stabSize=120

anf=abc+ade+bdf+cef+def+g+ag
[1010001 0011000 0010100 0101100 0010000 0001010 0000001]0000000
[1000000 0010000 0100000 0000100 0001000 0000010 0000001]0000000
[1001110 0101000 0111000 0101100 0110100 0110010 0000001]0000000
stabSize=240

anf=1+abc+ade+bdf+cef+def+g+ag
[1010001 0011000 0010100 0101100 0010000 0001010 0000001]0000000
[1000000 0010000 0100000 0000100 0001000 0000010 0000001]0000000
[1001110 0101000 0111000 0101100 0110100 0110010 0000001]0000000
stabSize=240

anf=abc+ade+f+bdf+cef+def+ag
[1100110 0101000 0010001 0011000 0110100 0000110 0000001]0011101
[1010001 0011000 0011101 0110101 0010000 0001010 0000001]0010001
stabSize=3840

anf=1+abc+ade+f+bdf+cef+def+ag
[1100110 0101000 0010001 0011000 0110100 0000110 0000001]0011101
[1010001 0011000 0011101 0110101 0010000 0001010 0000001]0010001
stabSize=3840

anf=b+abc+ade+bdf+cef+def+ag
[1001001 0110001 0010000 0001000 0001101 0011010 0000001]0001001
[1011011 0100100 0001000 0010000 0000101 0001010 0000001]0001001
[1011001 0111001 0010000 0001000 0010100 0010010 0000001]0011001
[1110001 0110000 0010001 0001001 0001101 0001111 0000001]0011101
stabSize=128

anf=1+b+abc+ade+bdf+cef+def+ag
[1001001 0110001 0010000 0001000 0001101 0011010 0000001]0001001
[1011011 0100100 0001000 0010000 0000101 0001010 0000001]0001001
[1011001 0111001 0010000 0001000 0010100 0010010 0000001]0011001
[1110001 0110000 0010001 0001001 0001101 0001111 0000001]0011101
stabSize=128

anf=abc+ade+bdf+cef+def+ag
[1010001 0011000 0011101 0110101 0010000 0001010 0000001]0010001
[1011011 0001100 0100100 0000101 0110001 0001010 0000001]0101000
stabSize=3840

anf=1+abc+ade+bdf+cef+def+ag
[1010001 0011000 0011101 0110101 0010000 0001010 0000001]0010001
[1011011 0001100 0100100 0000101 0110001 0001010 0000001]0101000
stabSize=3840

anf=ab+ac+bc+abc+ad+bd+ade+bdf+cef+def+g
[0011101 0011011 0100000 0000101 1010010 0110100 0000001]1011101
[0010000 1100111 0100000 0100100 0000110 0011000 0000001]0000100
stabSize=1008

anf=a+b+ab+c+ac+bc+abc+d+ad+bd+ade+bdf+cef+def
[0000010 0011101 1100001 0000110 0110101 1000011 0000001]0001110
[1100110 0100100 0011101 0110101 0100000 1100000 0000001]1110110
[0101000 1001000 0011000 0001001 1010011 0110100 0000001]1101000
stabSize=129024

anf=1+a+b+ab+c+ac+bc+abc+d+ad+bd+ade+bdf+cef+def
[0000010 0011101 1100001 0000110 0110101 1000011 0000001]0001110
[1100110 0100100 0011101 0110101 0100000 1100000 0000001]1110110
[0101000 1001000 0011000 0001001 1010011 0110100 0000001]1101000
stabSize=129024

anf=ab+c+ac+bc+abc+ad+bd+ade+bdf+cef+def
[1000010 0100101 1001001 1010011 0000100 0000011 0000001]0000010
[0011000 0011110 0101000 0011101 1110110 0010000 0000001]1001101
[1000001 0100001 0010001 0001001 0000101 0000011 0000001]0000001
stabSize=3072

anf=1+ab+c+ac+bc+abc+ad+bd+ade+bdf+cef+def
[1000010 0100101 1001001 1010011 0000100 0000011 0000001]0000010
[0011000 0011110 0101000 0011101 1110110 0010000 0000001]1001101
[1000001 0100001 0010001 0001001 0000101 0000011 0000001]0000001
stabSize=3072

anf=ab+ac+bc+abc+ad+bd+ade+bdf+cef+def
[0010001 0100100 1101001 1110110 0000100 0011001 0000001]0011101
[0100000 1101001 1000011 1000001 0011111 0000100 0000001]0000110
[1000001 0100001 0010001 0001001 0000101 0000011 0000001]0000001
stabSize=6144

anf=1+ab+ac+bc+abc+ad+bd+ade+bdf+cef+def
[0010001 0100100 1101001 1110110 0000100 0011001 0000001]0011101
[0100000 1101001 1000011 1000001 0011111 0000100 0000001]0000110
[1000001 0100001 0010001 0001001 0000101 0000011 0000001]0000001
stabSize=6144

anf=ab+ac+abc+ade+bdf+cef+def+g
[1111000 0111000 0101000 0011100 0010100 0010110 0000001]0100100
[1110100 0100100 0110100 0011100 0000100 1011110 0000001]0110100
[0010111 0010100 0100100 0100000 0101100 1101110 0000001]0000000
stabSize=360

anf=ab+ac+abc+ade+f+bdf+cef+def
[1011110 0110000 0000100 0100101 0001100 1110100 0000001]0100000
[1000001 0100001 0010001 0001001 0000101 0000011 0000001]0000001
[1000001 0100000 0111000 0101100 0100101 1000010 0000001]0101101
stabSize=46080

anf=1+ab+ac+abc+ade+f+bdf+cef+def
[1011110 0110000 0000100 0100101 0001100 1110100 0000001]0100000
[1000001 0100001 0010001 0001001 0000101 0000011 0000001]0000001
[1000001 0100000 0111000 0101100 0100101 1000010 0000001]0101101
stabSize=46080

anf=a+b+ab+ac+abc+ade+bdf+cef+def
[1000000 0111001 0010000 0001000 0010100 0000010 0000001]0001000
[1010001 0101000 0010001 0001001 0011101 0001011 0000001]0010001
[1000001 0100001 0010001 0001001 0000101 0000010 0000001]0000001
[1100111 0100100 0001001 0010000 0000101 0000111 0000001]0000100
[1000000 0100000 0010000 0001001 0000100 0000010 0000001]0000000
stabSize=1024

anf=1+a+b+ab+ac+abc+ade+bdf+cef+def
[1000000 0111001 0010000 0001000 0010100 0000010 0000001]0001000
[1010001 0101000 0010001 0001001 0011101 0001011 0000001]0010001
[1000001 0100001 0010001 0001001 0000101 0000010 0000001]0000001
[1100111 0100100 0001001 0010000 0000101 0000111 0000001]0000100
[1000000 0100000 0010000 0001001 0000100 0000010 0000001]0000000
stabSize=1024

anf=b+ab+ac+abc+ade+bdf+cef+def
[1010000 0101001 0010001 0001000 0011100 0001010 0000001]0010000
[1010000 0100100 0010000 0011001 0000101 1011010 0000001]0010101
[1100111 0100100 0001001 0010000 0000101 0000111 0000001]0000100
stabSize=3072

anf=1+b+ab+ac+abc+ade+bdf+cef+def
[1010000 0101001 0010001 0001000 0011100 0001010 0000001]0010000
[1010000 0100100 0010000 0011001 0000101 1011010 0000001]0010101
[1100111 0100100 0001001 0010000 0000101 0000111 0000001]0000100
stabSize=3072

anf=ab+ac+abc+ade+bdf+cef+def
[1000001 0010001 0100000 0000100 0001000 0000011 0000001]0000001
[1110100 0010101 0001000 0010001 0111001 1011111 0000001]0001000
[1000001 0100001 0010001 0001001 0000101 0000011 0000001]0000001
stabSize=15360

anf=1+ab+ac+abc+ade+bdf+cef+def
[1000001 0010001 0100000 0000100 0001000 0000011 0000001]0000001
[1110100 0010101 0001000 0010001 0111001 1011111 0000001]0001000
[1000001 0100001 0010001 0001001 0000101 0000011 0000001]0000001
stabSize=15360

anf=abc+ade+bdf+cef+def+g
[1100000 0100100 0101000 0011100 0100000 0000110 0000001]0000000
[0110010 1010100 1101000 1110110 1111010 1111100 0000001]0000000
[0010100 0101000 0110010 1111100 0110100 0111000 0000001]0000000
stabSize=2160

anf=a+b+abc+ade+bdf+cef+def
[1000001 0100000 0010000 0001000 0000101 0000010 0000001]0000001
[1000001 0100001 0010000 0001000 0000100 0000010 0000001]0000001
[0111000 1010001 0010000 0001000 0001011 0010100 0000001]0000000
[1010101 0110011 1101000 1110110 1111101 1111011 0000001]0000000
stabSize=6144

anf=1+a+b+abc+ade+bdf+cef+def
[1000001 0100000 0010000 0001000 0000101 0000010 0000001]0000001
[1000001 0100001 0010000 0001000 0000100 0000010 0000001]0000001
[0111000 1010001 0010000 0001000 0001011 0010100 0000001]0000000
[1010101 0110011 1101000 1110110 1111101 1111011 0000001]0000000
stabSize=6144

anf=a+abc+ade+bdf+cef+def
[1111010 0110100 0111101 0001100 0011100 0101111 0000001]0000000
[1011000 0110000 0010000 0001000 0001100 0010011 0000001]0000001
[1000000 0100000 0010001 0001001 0000101 0000011 0000001]0000000
stabSize=15360

anf=1+a+abc+ade+bdf+cef+def
[1111010 0110100 0111101 0001100 0011100 0101111 0000001]0000000
[1011000 0110000 0010000 0001000 0001100 0010011 0000001]0000001
[1000000 0100000 0010001 0001001 0000101 0000011 0000001]0000000
stabSize=15360

anf=abc+ade+bdf+cef+def
[0110100 1010010 0011001 0010000 1001000 0101000 0000001]0000001
[1111010 1111100 1110110 0011111 1001111 0101111 0000001]0000000
[1000001 1100000 1010011 1001001 0000110 0000010 0000001]0000001
stabSize=276480

anf=1+abc+ade+bdf+cef+def
[0110100 1010010 0011001 0010000 1001000 0101000 0000001]0000001
[1111010 1111100 1110110 0011111 1001111 0101111 0000001]0000000
[1000001 1100000 1010011 1001001 0000110 0000010 0000001]0000001
stabSize=276480

anf=abc+d+ce+bde+af+cdf+bg
[1000000 1100100 0010000 0001001 0000100 0000011 0000001]0000000
[1000000 1101001 0010000 0001000 0000101 1000011 0000001]1000000
[1000000 0111010 1010101 0001000 0000100 1000111 0000001]1000100
[1000001 0110100 1010001 0001001 0000101 0000111 0000001]0000001
stabSize=64

anf=abc+ce+bde+af+cdf+bg
[1000000 0100001 1010001 0001000 0000101 0000010 0000001]0001001
[1000000 1100100 0010000 0001001 0000100 0000011 0000001]0000000
[1000000 1111010 1010100 0001000 0000100 1000110 0000001]1000101
[1000001 0111100 1010000 0001001 0000100 1000110 0000001]1000001
[1000001 0110100 1010001 0001001 0000101 0000111 0000001]0000001
stabSize=128

anf=1+abc+ce+bde+af+cdf+bg
[1000000 0100001 1010001 0001000 0000101 0000010 0000001]0001001
[1000000 1100100 0010000 0001001 0000100 0000011 0000001]0000000
[1000000 1111010 1010100 0001000 0000100 1000110 0000001]1000101
[1000001 0111100 1010000 0001001 0000100 1000110 0000001]1000001
[1000001 0110100 1010001 0001001 0000101 0000111 0000001]0000001
stabSize=128

anf=c+abc+bde+af+cdf+g+bg
[1000000 1110000 0010100 1001000 0000100 0000111 0000001]1010001
[1000100 1101000 1010100 0011001 0000100 1000011 0000001]0001000
[1000100 0100000 0010100 1011101 0000100 0000010 0000001]0000100
[1000100 0100100 0010100 1011001 0000100 0000010 0000001]0000100
[1000100 0100001 0010100 1011101 0000100 0000010 0000001]0000100
stabSize=128

anf=abc+bde+af+cdf+g+bg
[1000100 1100000 0010100 1011000 0000100 0000011 0000001]1000100
[1000000 1101110 1010000 1001000 0000100 1000010 0000001]0011000
[1000100 0110111 0010000 1011100 0000100 0000110 0000001]0000100
[1000100 0100100 0010100 1011100 0000100 0000010 0000001]0000100
stabSize=256

anf=1+abc+bde+af+cdf+g+bg
[1000100 1100000 0010100 1011000 0000100 0000011 0000001]1000100
[1000000 1101110 1010000 1001000 0000100 1000010 0000001]0011000
[1000100 0110111 0010000 1011100 0000100 0000110 0000001]0000100
[1000100 0100100 0010100 1011100 0000100 0000010 0000001]0000100
stabSize=256

anf=abc+e+bde+af+cdf+bg
[1000001 0111101 0010000 0001001 0000101 1000111 0000001]0000001
[1000000 0101011 1010001 1001001 0000100 1000011 0000001]0011001
[1000001 0110000 0010001 0001000 0000100 0000110 0000001]1000001
[1000001 1111111 0010000 1001000 0000101 1000111 0000001]0010000
stabSize=128

anf=abc+d+bde+af+cdf+bg
[1000101 0100111 0010000 1011100 0000100 0000010 0000001]0000101
[1000100 0100100 0010100 1011100 0000100 0000010 0000001]0000100
[1000001 1110000 0010001 0001101 0000100 0000111 0000001]0000001
[1000001 1111010 0010001 1001000 0000101 1000111 0000001]1010100
[1000101 1110110 0010101 0011001 0000100 0000111 0000001]0010001
stabSize=1024

anf=c+abc+bde+af+cdf+bg
[1000001 0101010 1010101 0001101 0000100 1000011 0000001]1001001
[1000000 0110011 0010100 0001001 0000100 0000110 0000001]0000000
[1000001 0110100 0010000 0001100 0000100 0000110 0000001]0000001
[1000000 1100100 1010000 0001100 0000101 0000011 0000001]0001100
[1000000 0100000 0010000 0001101 0000100 0000010 0000001]0000000
stabSize=512

anf=a+abc+bde+af+cdf+bg
[1000001 0111001 0010000 0001000 0000101 1000111 0000001]0000001
[1000000 1110011 0010101 0001001 0000100 0000111 0000001]0000000
[1000101 0111001 0010000 0011000 0000101 1000111 0000001]0010001
[1000001 0100111 0010100 0001001 0000100 0000010 0000001]0000001
[1000000 0100000 0010000 0001101 0000100 0000010 0000001]0000000
stabSize=512

anf=1+a+abc+bde+af+cdf+bg
[1000001 0111001 0010000 0001000 0000101 1000111 0000001]0000001
[1000000 1110011 0010101 0001001 0000100 0000111 0000001]0000000
[1000101 0111001 0010000 0011000 0000101 1000111 0000001]0010001
[1000001 0100111 0010100 0001001 0000100 0000010 0000001]0000001
[1000000 0100000 0010000 0001101 0000100 0000010 0000001]0000000
stabSize=512

anf=abc+bde+af+cdf+bg
[1000101 0100111 0010000 1011100 0000100 0000010 0000001]0000101
[1000100 0100100 0010100 1011100 0000100 0000010 0000001]0000100
[1000001 1110000 0010001 0001101 0000100 0000111 0000001]0000001
[1000001 1111110 1010001 1001101 0000100 1000111 0000001]0011001
[1000001 1111111 0010001 1001001 0000101 1000111 0000001]1010101
stabSize=2048

anf=1+abc+bde+af+cdf+bg
[1000101 0100111 0010000 1011100 0000100 0000010 0000001]0000101
[1000100 0100100 0010100 1011100 0000100 0000010 0000001]0000100
[1000001 1110000 0010001 0001101 0000100 0000111 0000001]0000001
[1000001 1111110 1010001 1001101 0000100 1000111 0000001]0011001
[1000001 1111111 0010001 1001001 0000101 1000111 0000001]1010101
stabSize=2048

anf=ac+abc+ad+e+ce+bde+cdf+bg
[0000100 0100101 0011000 0010001 1000101 0000010 0000001]0010001
[1000101 0100001 0001111 1011111 1000000 0000010 0000001]1001100
[1000000 1100111 0010001 1001101 0000100 0000010 0000001]0000000
[1000000 1100101 0010001 0001000 0000100 0000010 0000001]0000000
stabSize=768

anf=ac+abc+ad+ce+bde+cdf+bg
[1000000 1100010 1010111 0001001 0000100 0000010 0000001]0000000
[1000000 0100001 1010110 1001001 0000100 0000010 0000001]1000111
[1000000 0100111 0010101 0001010 0000100 0000010 0000001]0000111
[0000100 1111111 0011011 1010111 1000101 1000110 0000001]1000100
[1000000 0100000 0010010 0001101 0000100 0000010 0000001]0000000
stabSize=1536

anf=1+ac+abc+ad+ce+bde+cdf+bg
[1000000 1100010 1010111 0001001 0000100 0000010 0000001]0000000
[1000000 0100001 1010110 1001001 0000100 0000010 0000001]1000111
[1000000 0100111 0010101 0001010 0000100 0000010 0000001]0000111
[0000100 1111111 0011011 1010111 1000101 1000110 0000001]1000100
[1000000 0100000 0010010 0001101 0000100 0000010 0000001]0000000
stabSize=1536

anf=abc+ae+bde+f+cdf+bg
[1000001 1100100 0010001 0001001 0000101 0000010 0000001]0000001
[1000100 1100001 0010001 0011000 0000101 0000010 0000001]0010101
[0000100 0100101 0001001 0010000 1000001 0000010 0000001]0000001
stabSize=48

anf=1+abc+ae+bde+f+cdf+bg
[1000001 1100100 0010001 0001001 0000101 0000010 0000001]0000001
[1000100 1100001 0010001 0011000 0000101 0000010 0000001]0010101
[0000100 0100101 0001001 0010000 1000001 0000010 0000001]0000001
stabSize=48

anf=c+abc+ae+bde+cdf+bg
[1000001 0100101 0010010 0001011 0000100 0000010 0000001]0000001
[1000000 1100000 0011000 0001000 1000100 0000010 0000001]1001000
[1000001 1100101 0010001 0001011 0000101 0000010 0000001]0000010
[1000000 0100000 0010010 0001010 0000100 0000010 0000001]0000000
stabSize=64

anf=1+c+abc+ae+bde+cdf+bg
[1000001 0100101 0010010 0001011 0000100 0000010 0000001]0000001
[1000000 1100000 0011000 0001000 1000100 0000010 0000001]1001000
[1000001 1100101 0010001 0001011 0000101 0000010 0000001]0000010
[1000000 0100000 0010010 0001010 0000100 0000010 0000001]0000000
stabSize=64

anf=abc+ae+bde+cdf+bg
[1000101 1100100 0010001 0011011 0000101 0000010 0000001]0010111
[1000001 0100101 0010010 0001011 0000100 0000010 0000001]0000001
[0000100 0100101 0001001 0010000 1000001 0000010 0000001]0000001
stabSize=192

anf=1+abc+ae+bde+cdf+bg
[1000101 1100100 0010001 0011011 0000101 0000010 0000001]0010111
[1000001 0100101 0010010 0001011 0000100 0000010 0000001]0000001
[0000100 0100101 0001001 0010000 1000001 0000010 0000001]0000001
stabSize=192

anf=abc+ad+e+bde+cdf+g+bg
[1000000 0100011 1010101 0001010 0000100 0000010 0000001]0000000
[1000101 1100111 1010101 1011011 0000100 0000010 0000001]0010000
[1000000 1100011 1010010 1001100 0000100 0000010 0000001]0000000
[1000000 0100000 0010010 0001010 0000100 0000010 0000001]0000000
[1000000 0100010 1010111 0001000 0000100 0000010 0000001]0000000
[1000000 0100000 0010000 0001101 0000100 0000010 0000001]0000000
stabSize=512

anf=abc+ad+bde+cdf+g+bg
[1000100 1110001 0010110 0011011 0000100 0000110 0000001]1010100
[1000000 0100011 0010110 0001010 0000100 0000010 0000001]0000000
[1000000 1100110 1010110 0001000 0000100 0000010 0000001]0000000
[1000000 1100111 1010010 1001101 0000100 0000010 0000001]0000000
[1000000 0100000 0010010 0001010 0000100 0000010 0000001]0000000
[1000000 0100000 0010100 1001101 0000100 0000010 0000001]0000000
stabSize=1024

anf=1+abc+ad+bde+cdf+g+bg
[1000100 1110001 0010110 0011011 0000100 0000110 0000001]1010100
[1000000 0100011 0010110 0001010 0000100 0000010 0000001]0000000
[1000000 1100110 1010110 0001000 0000100 0000010 0000001]0000000
[1000000 1100111 1010010 1001101 0000100 0000010 0000001]0000000
[1000000 0100000 0010010 0001010 0000100 0000010 0000001]0000000
[1000000 0100000 0010100 1001101 0000100 0000010 0000001]0000000
stabSize=1024

anf=abc+ad+bde+f+cdf+bg
[1000101 1111000 0010001 0011001 0000101 1000110 0000001]0000101
[1000000 0100000 1010101 1001010 0000100 0000010 0000001]0000000
[1000000 1100000 0010001 0001100 0000100 0000010 0000001]0000000
[1000000 1101010 0010001 1001001 0000101 1000011 0000001]1010101
[1000000 0100000 0010000 0001101 0000100 0000010 0000001]0000000
stabSize=2048

anf=abc+ad+e+bde+cdf+bg
[1000000 1100101 1010010 0001000 0000100 0000010 0000001]0000000
[1000000 0100000 1010001 0001010 0000100 0000010 0000001]0000000
[1000000 0101111 1010001 1001000 0000101 1000011 0000001]0010011
[1000000 1100111 0010011 1001111 0000100 0000010 0000001]0000000
[1000000 0100000 0010010 0001010 0000100 0000010 0000001]0000000
stabSize=512

anf=c+abc+ad+bde+cdf+bg
[1000101 1111100 0010110 1011001 0000101 1000110 0000001]0000101
[1000000 0100000 1010001 0001010 0000100 0000010 0000001]0000000
[1000000 0100110 1010000 1001010 0000100 0000010 0000001]1000100
[1000000 0100000 0010010 0001010 0000100 0000010 0000001]0000000
[1000000 0100111 1010000 1001000 0000100 0000010 0000001]1000111
[1000000 0100000 0010000 0001101 0000100 0000010 0000001]0000000
stabSize=4096

anf=a+abc+ad+bde+cdf+bg
[1000101 1100011 0010001 1011010 0000100 0000010 0000001]0010011
[1000001 0110011 0010010 0001111 0000100 0000110 0000001]0000001
[1000000 0100000 0010100 1001000 0000100 0000010 0000001]0000000
[1000000 1100111 0010011 1001111 0000100 0000010 0000001]0000000
[1000000 0100000 0010010 0001010 0000100 0000010 0000001]0000000
stabSize=2048

anf=1+a+abc+ad+bde+cdf+bg
[1000101 1100011 0010001 1011010 0000100 0000010 0000001]0010011
[1000001 0110011 0010010 0001111 0000100 0000110 0000001]0000001
[1000000 0100000 0010100 1001000 0000100 0000010 0000001]0000000
[1000000 1100111 0010011 1001111 0000100 0000010 0000001]0000000
[1000000 0100000 0010010 0001010 0000100 0000010 0000001]0000000
stabSize=2048

anf=abc+ad+bde+cdf+bg
[1000101 1111000 1010111 1011111 0000101 1000110 0000001]0000101
[1000001 1110010 1010011 0001101 0000100 0000110 0000001]0000001
[1000000 0101001 1010111 0001111 0000101 1000011 0000001]1010001
[1000000 0100000 1010001 0001010 0000100 0000010 0000001]0000000
[1000000 0100000 0010000 0001101 0000100 0000010 0000001]0000000
stabSize=8192

anf=1+abc+ad+bde+cdf+bg
[1000101 1111000 1010111 1011111 0000101 1000110 0000001]0000101
[1000001 1110010 1010011 0001101 0000100 0000110 0000001]0000001
[1000000 0101001 1010111 0001111 0000101 1000011 0000001]1010001
[1000000 0100000 1010001 0001010 0000100 0000010 0000001]0000000
[1000000 0100000 0010000 0001101 0000100 0000010 0000001]0000000
stabSize=8192

anf=ac+abc+bde+f+cdf+bg
[1000000 0111111 1010111 1001001 0000100 1000110 0000001]1001100
[1000000 0100000 0010000 0001101 0000100 0000010 0000001]0000000
[1000000 0100000 1010111 1001000 0000100 0000010 0000001]0000000
[1000000 1110100 1010011 1001001 0000100 0000110 0000001]0000000
[1000000 0110000 1010011 1001000 0000100 0000110 0000001]0000000
stabSize=1024

anf=a+ac+abc+e+bde+cdf+bg
[1000000 0111001 0010000 1001110 0000100 1000110 0000001]1001111
[1000000 1100110 1010001 1001110 0000100 0000010 0000001]0000000
[1000000 1100011 0010010 1001101 0000100 0000010 0000001]0000000
[1000000 0100000 1010011 0001010 0000100 0000010 0000001]0000000
[1000000 0100000 0010010 0001010 0000100 0000010 0000001]0000000
stabSize=512

anf=ac+abc+e+bde+cdf+bg
[1000000 1100111 0010000 1001011 0000100 0000010 0000001]0000000
[1000000 1101011 0010111 0001000 0000100 1000010 0000001]1001011
[1000000 0100000 1010101 1001010 0000100 0000010 0000001]0000000
[1000000 0100000 0010010 0001010 0000100 0000010 0000001]0000000
[1000000 0100010 1010101 0001000 0000100 0000010 0000001]0000000
stabSize=512

anf=ac+abc+d+bde+cdf+bg
[1000000 1110100 0010100 1001010 0000100 0000110 0000001]0000000
[1000000 0100000 0010100 1001010 0000100 0000010 0000001]0000000
[1000000 1100100 0010000 0001001 0000100 0000010 0000001]0000000
[1000000 0100000 0010110 1001000 0000100 0000010 0000001]0000000
[1000000 0100010 0010010 1001110 0000100 0000010 0000001]0000110
[1000000 1100000 1010110 1001010 0000100 0000010 0000001]1000010
[1000000 1110001 0010000 0001101 0000100 0000110 0000001]0000001
stabSize=2048

anf=a+ac+abc+bde+cdf+bg
[1000000 0100000 0010000 0001101 0000100 0000010 0000001]0000000
[1000000 0100111 0010100 0001111 0000100 0000010 0000001]0000111
[1000000 0100010 0010110 0001010 0000100 0000010 0000001]0000000
[1000000 0100000 1010011 0001010 0000100 0000010 0000001]0000000
[1000000 1110011 1010011 0001010 0000100 0000110 0000001]0000000
[1000000 0100000 0010010 0001010 0000100 0000010 0000001]0000000
[1000000 0110000 1010001 0001110 0000100 0000110 0000001]0000110
stabSize=1024

anf=1+a+ac+abc+bde+cdf+bg
[1000000 0100000 0010000 0001101 0000100 0000010 0000001]0000000
[1000000 0100111 0010100 0001111 0000100 0000010 0000001]0000111
[1000000 0100010 0010110 0001010 0000100 0000010 0000001]0000000
[1000000 0100000 1010011 0001010 0000100 0000010 0000001]0000000
[1000000 1110011 1010011 0001010 0000100 0000110 0000001]0000000
[1000000 0100000 0010010 0001010 0000100 0000010 0000001]0000000
[1000000 0110000 1010001 0001110 0000100 0000110 0000001]0000110
stabSize=1024

anf=ac+abc+bde+cdf+bg
[1000000 0101010 1010010 1001101 0000100 1000010 0000001]0001000
[1000000 1110100 0010100 1001010 0000100 0000110 0000001]0000000
[1000000 0100000 0010100 1001010 0000100 0000010 0000001]0000000
[1000000 0100000 0010000 0001101 0000100 0000010 0000001]0000000
[1000000 0100000 0010110 1001000 0000100 0000010 0000001]0000000
stabSize=4096

anf=1+ac+abc+bde+cdf+bg
[1000000 0101010 1010010 1001101 0000100 1000010 0000001]0001000
[1000000 1110100 0010100 1001010 0000100 0000110 0000001]0000000
[1000000 0100000 0010100 1001010 0000100 0000010 0000001]0000000
[1000000 0100000 0010000 0001101 0000100 0000010 0000001]0000000
[1000000 0100000 0010110 1001000 0000100 0000010 0000001]0000000
stabSize=4096

anf=a+abc+e+bde+cdf+g+bg
[0000100 1100101 0001000 0010000 1000000 0000010 0000001]1000100
[0000100 1100100 0001010 0010010 1000000 0000010 0000001]1000100
[1000000 0100000 1010001 0001101 0000100 0000010 0000001]0000000
[0000100 1100100 0011010 1010110 1000101 0000010 0000001]1010100
[1000000 1100100 0010111 1001011 0000100 0000010 0000001]0000000
stabSize=1536

anf=abc+bde+cdf+g+bg
[1000100 1110010 0010100 0011100 0000100 0000110 0000001]1010000
[1000000 1101101 1011010 1001100 1000100 1000010 0000001]1001010
[1000000 0100000 0010010 0001010 0000100 0000010 0000001]0000000
[0000100 1100100 1001010 0010110 1000000 0000010 0000001]1000100
stabSize=3072

anf=1+abc+bde+cdf+g+bg
[1000100 1110010 0010100 0011100 0000100 0000110 0000001]1010000
[1000000 1101101 1011010 1001100 1000100 1000010 0000001]1001010
[1000000 0100000 0010010 0001010 0000100 0000010 0000001]0000000
[0000100 1100100 1001010 0010110 1000000 0000010 0000001]1000100
stabSize=3072

anf=abc+bde+f+cdf+bg
[1000000 0101101 1011001 0001000 1000100 1000010 0000001]0001101
[1000101 0111010 0010100 0011001 0000101 1000111 0000001]0010100
[1000000 0100000 0010000 0001101 0000100 0000010 0000001]0000000
stabSize=12288

anf=1+abc+bde+f+cdf+bg
[1000000 0101101 1011001 0001000 1000100 1000010 0000001]0001101
[1000101 0111010 0010100 0011001 0000101 1000111 0000001]0010100
[1000000 0100000 0010000 0001101 0000100 0000010 0000001]0000000
stabSize=12288

anf=c+abc+bde+cdf+bg
[1000000 1101011 1011000 1001111 1000100 1000010 0000001]0001011
[1000001 0111110 1010110 0001010 0000101 1000111 0000001]0000001
[1000000 0100000 0010000 0001101 0000100 0000010 0000001]0000000
[1000000 0100000 0010010 0001010 0000100 0000010 0000001]0000000
stabSize=16384

anf=1+c+abc+bde+cdf+bg
[1000000 1101011 1011000 1001111 1000100 1000010 0000001]0001011
[1000001 0111110 1010110 0001010 0000101 1000111 0000001]0000001
[1000000 0100000 0010000 0001101 0000100 0000010 0000001]0000000
[1000000 0100000 0010010 0001010 0000100 0000010 0000001]0000000
stabSize=16384

anf=a+abc+bde+cdf+bg
[1000001 0110001 0010000 0001101 0000100 0000110 0000001]0000001
[1000000 0100000 0010000 0001101 0000100 0000010 0000001]0000000
[1000000 1100111 0010111 0001011 0000100 0000010 0000001]0000000
[1000000 0100000 0010010 0001010 0000100 0000010 0000001]0000000
[1000100 1110110 0010011 0011110 0000100 0000110 0000001]0010101
[1000000 0100010 0010110 0001111 0000100 0000010 0000001]0000000
stabSize=1024

anf=abc+bde+cdf+bg
[1000100 0110111 1010110 0011001 0000100 0000110 0000001]1010111
[1000000 1101011 1011000 1001111 1000100 1000010 0000001]0001011
[1000001 0111010 0010110 0001011 0000101 1000111 0000001]0000001
stabSize=49152

anf=1+abc+bde+cdf+bg
[1000100 0110111 1010110 0011001 0000100 0000110 0000001]1010111
[1000000 1101011 1011000 1001111 1000100 1000010 0000001]0001011
[1000001 0111010 0010110 0001011 0000101 1000111 0000001]0000001
stabSize=49152

anf=abc+d+be+bde+cdf+ef+g+ag
[1000000 0010100 0100010 0001000 0000010 0000100 0000001]0000000
[1000001 0010100 0100010 0001000 0000010 0000100 0000001]0000000
[1000000 0100000 0110010 0001010 0000110 0000010 0000001]0100000
stabSize=12

anf=abc+be+bde+cdf+ef+g+ag
[1000000 0010100 0100010 0001000 0000010 0000100 0000001]0000000
[1000000 0110010 0010100 0001100 0000100 0000110 0000001]0011000
[1000001 0110010 0100000 0001010 0000010 0000110 0000001]0101010
stabSize=24

anf=1+abc+be+bde+cdf+ef+g+ag
[1000000 0010100 0100010 0001000 0000010 0000100 0000001]0000000
[1000000 0110010 0010100 0001100 0000100 0000110 0000001]0011000
[1000001 0110010 0100000 0001010 0000010 0000110 0000001]0101010
stabSize=24

anf=b+abc+e+be+bde+cdf+ef+ag
[1000001 0100000 0010000 0001000 0000100 0000010 0000001]0000001
[1000001 0100010 0110101 0001000 0000110 0000010 0000001]0001011
[1000100 0100011 0110101 0011000 0000111 0000011 0000001]0001010
stabSize=16

anf=abc+e+be+bde+cdf+ef+ag
[1000011 0100000 0110011 0101000 0000111 0000010 0000001]0000011
[1000110 0100000 0110010 0111000 0000110 0000011 0000001]0010011
[1000001 0100000 0010000 0001000 0000100 0000010 0000001]0000001
[1000110 0100000 0010000 0111000 0000101 0000011 0000001]0010000
stabSize=32

anf=1+abc+e+be+bde+cdf+ef+ag
[1000011 0100000 0110011 0101000 0000111 0000010 0000001]0000011
[1000110 0100000 0110010 0111000 0000110 0000011 0000001]0010011
[1000001 0100000 0010000 0001000 0000100 0000010 0000001]0000001
[1000110 0100000 0010000 0111000 0000101 0000011 0000001]0010000
stabSize=32

anf=abc+d+be+bde+cdf+ef+ag
[1000100 0010100 0110011 0011100 0000111 0000100 0000001]0000100
[1000111 0100001 0110010 0111110 0000110 0000011 0000001]0100001
stabSize=192

anf=b+abc+be+bde+cdf+ef+ag
[1000001 0100000 0010000 0001000 0000100 0000010 0000001]0000001
[1000101 0110100 0010000 0011100 0000100 0000111 0000001]0000101
[1000101 0100001 0010000 0011100 0000100 0000011 0000001]0000001
[1000001 0110010 0010100 0001100 0000100 0000110 0000001]0011001
stabSize=32

anf=abc+be+bde+cdf+ef+ag
[1000100 0010100 0110011 0011100 0000111 0000100 0000001]0000100
[1000111 0100001 0110010 0111110 0000110 0000011 0000001]0100001
[1000111 0110011 0010100 0111011 0000101 0000110 0000001]0001101
stabSize=384

anf=1+abc+be+bde+cdf+ef+ag
[1000100 0010100 0110011 0011100 0000111 0000100 0000001]0000100
[1000111 0100001 0110010 0111110 0000110 0000011 0000001]0100001
[1000111 0110011 0010100 0111011 0000101 0000110 0000001]0001101
stabSize=384

anf=abc+d+bde+cdf+ef+ag
[1000011 0100000 0110001 0101010 0000111 0000010 0000001]0000011
[1000100 0010000 0110001 0011100 0000111 0000100 0000001]0000100
[1000011 0010001 0110001 0101101 0000111 0000101 0000001]0110101
stabSize=48

anf=1+abc+d+bde+cdf+ef+ag
[1000011 0100000 0110001 0101010 0000111 0000010 0000001]0000011
[1000100 0010000 0110001 0011100 0000111 0000100 0000001]0000100
[1000011 0010001 0110001 0101101 0000111 0000101 0000001]0110101
stabSize=48

anf=b+abc+bde+cdf+ef+ag
[1000101 0110001 0010000 0011100 0000100 0000111 0000001]0000101
[1000001 0100000 0010000 0001000 0000100 0000010 0000001]0000001
[1000101 0100001 0010000 0011000 0000100 0000011 0000001]0010001
stabSize=8

anf=1+b+abc+bde+cdf+ef+ag
[1000101 0110001 0010000 0011100 0000100 0000111 0000001]0000101
[1000001 0100000 0010000 0001000 0000100 0000010 0000001]0000001
[1000101 0100001 0010000 0011000 0000100 0000011 0000001]0010001
stabSize=8

anf=abc+bde+cdf+ef+ag
[1000011 0100000 0110001 0101010 0000111 0000010 0000001]0000011
[1000100 0010000 0110001 0011100 0000111 0000100 0000001]0000100
[1000011 0010001 0110001 0101101 0000111 0000101 0000001]0110101
stabSize=48

anf=1+abc+bde+cdf+ef+ag
[1000011 0100000 0110001 0101010 0000111 0000010 0000001]0000011
[1000100 0010000 0110001 0011100 0000111 0000100 0000001]0000100
[1000011 0010001 0110001 0101101 0000111 0000101 0000001]0110101
stabSize=48

anf=abc+d+be+ce+bde+bf+cdf+ag
[1000001 0110111 0100100 0001110 0000010 0000110 0000001]0000011
[1000001 0010100 0110011 0001100 0000110 0000100 0000001]0000111
stabSize=24

anf=abc+be+ce+bde+bf+cdf+ag
[1000001 0110111 0100100 0001110 0000010 0000110 0000001]0000011
[1000000 0100000 0110001 0001000 0000110 0000010 0000001]0001000
stabSize=48

anf=1+abc+be+ce+bde+bf+cdf+ag
[1000001 0110111 0100100 0001110 0000010 0000110 0000001]0000011
[1000000 0100000 0110001 0001000 0000110 0000010 0000001]0001000
stabSize=48

anf=abc+ce+bde+f+cdf+ag
[1000001 0100000 0010000 0001000 0000100 0000010 0000001]0000001
[1000000 0100000 0010010 0001100 0000100 0000010 0000001]0000100
[1000101 0100001 0110000 0011001 0000110 0000010 0000001]0110001
stabSize=16

anf=1+abc+ce+bde+f+cdf+ag
[1000001 0100000 0010000 0001000 0000100 0000010 0000001]0000001
[1000000 0100000 0010010 0001100 0000100 0000010 0000001]0000100
[1000101 0100001 0110000 0011001 0000110 0000010 0000001]0110001
stabSize=16

anf=abc+d+ce+bde+cdf+ag
[1000000 0100000 0110011 0001010 0000110 0000010 0000001]0000000
[1000000 0100000 0010010 0001010 0000100 0000010 0000001]0000000
[1000011 0100000 0110000 0101010 0000110 0000010 0000001]0100011
[1000001 0100000 0110001 0001000 0000110 0000010 0000001]0000001
[1000010 0100010 0110110 0101100 0000110 0000010 0000001]0100110
stabSize=64

anf=1+abc+d+ce+bde+cdf+ag
[1000000 0100000 0110011 0001010 0000110 0000010 0000001]0000000
[1000000 0100000 0010010 0001010 0000100 0000010 0000001]0000000
[1000011 0100000 0110000 0101010 0000110 0000010 0000001]0100011
[1000001 0100000 0110001 0001000 0000110 0000010 0000001]0000001
[1000010 0100010 0110110 0101100 0000110 0000010 0000001]0100110
stabSize=64

anf=b+abc+ce+bde+cdf+ag
[1000001 0100010 0110111 0001000 0000110 0000010 0000001]0000001
[1000000 0100000 0010010 0001010 0000100 0000010 0000001]0000000
[1000001 0100000 0110011 0001100 0000110 0000010 0000001]0000101
[1000000 0100010 0110111 0001000 0000110 0000010 0000001]0000000
stabSize=32

anf=1+b+abc+ce+bde+cdf+ag
[1000001 0100010 0110111 0001000 0000110 0000010 0000001]0000001
[1000000 0100000 0010010 0001010 0000100 0000010 0000001]0000000
[1000001 0100000 0110011 0001100 0000110 0000010 0000001]0000101
[1000000 0100010 0110111 0001000 0000110 0000010 0000001]0000000
stabSize=32

anf=abc+ce+bde+cdf+ag
[1000000 0100000 0110011 0001010 0000110 0000010 0000001]0000000
[1000000 0100000 0010010 0001010 0000100 0000010 0000001]0000000
[1000011 0100000 0110000 0101010 0000110 0000010 0000001]0100011
[1000001 0100000 0110001 0001000 0000110 0000010 0000001]0000001
[1000010 0100010 0110110 0101100 0000110 0000010 0000001]0100110
stabSize=64

anf=1+abc+ce+bde+cdf+ag
[1000000 0100000 0110011 0001010 0000110 0000010 0000001]0000000
[1000000 0100000 0010010 0001010 0000100 0000010 0000001]0000000
[1000011 0100000 0110000 0101010 0000110 0000010 0000001]0100011
[1000001 0100000 0110001 0001000 0000110 0000010 0000001]0000001
[1000010 0100010 0110110 0101100 0000110 0000010 0000001]0100110
stabSize=64

anf=abc+e+be+bde+f+cdf+ag
[1000001 0100000 0010000 0001000 0000100 0000010 0000001]0000001
[1000100 0010000 0100000 0011000 0000010 0000100 0000001]0001001
[1000010 0100000 0010000 0101000 0000100 0000010 0000001]0000001
stabSize=16

anf=c+abc+e+be+bde+cdf+ag
[1000001 0100000 0010000 0001000 0000100 0000010 0000001]0000001
[1000000 0100000 0010010 0001010 0000100 0000010 0000001]0000000
[1000010 0100000 0010010 0101000 0000100 0000010 0000001]0000010
[1000000 0100000 0010010 0001000 0000100 0000010 0000001]0000010
stabSize=16

anf=abc+e+be+bde+cdf+ag
[1000001 0100000 0010010 0001010 0000100 0000010 0000001]0000001
[1000110 0100000 0010000 0111000 0000100 0000010 0000001]0010001
[1000000 0100000 0010010 0001010 0000100 0000010 0000001]0000000
[1000010 0100000 0010010 0101000 0000100 0000010 0000001]0000010
stabSize=32

anf=1+abc+e+be+bde+cdf+ag
[1000001 0100000 0010010 0001010 0000100 0000010 0000001]0000001
[1000110 0100000 0010000 0111000 0000100 0000010 0000001]0010001
[1000000 0100000 0010010 0001010 0000100 0000010 0000001]0000000
[1000010 0100000 0010010 0101000 0000100 0000010 0000001]0000010
stabSize=32

anf=abc+d+be+bde+cdf+ag
[1000010 0100000 0010010 0101000 0000100 0000010 0000001]0000010
[1000011 0100000 0010000 0101110 0000100 0000010 0000001]0000011
[1000000 0100000 0010010 0001000 0000100 0000010 0000001]0000010
[1000100 0100100 0010000 0011010 0000100 0000010 0000001]0010110
[1000101 0100000 0010000 0011100 0000100 0000010 0000001]0010001
stabSize=128

anf=b+c+abc+be+bde+cdf+ag
[1000000 0010000 0100100 0001100 0000010 0000100 0000001]0001000
[1000001 0100000 0010010 0001110 0000100 0000010 0000001]0000001
[1000000 0100000 0010010 0001110 0000100 0000010 0000001]0000000
[1000000 0100000 0010000 0001100 0000100 0000010 0000001]0000000
stabSize=64

anf=b+abc+be+bde+cdf+ag
[1000100 0100000 0010010 0011100 0000100 0000010 0000001]0010010
[1000000 0100000 0010000 0001100 0000100 0000010 0000001]0000000
[1000001 0100100 0010000 0001010 0000100 0000010 0000001]0000111
[1000000 0100000 0010010 0001010 0000100 0000010 0000001]0000000
[1000001 0100000 0010010 0001110 0000100 0000010 0000001]0000001
stabSize=64

anf=1+b+abc+be+bde+cdf+ag
[1000100 0100000 0010010 0011100 0000100 0000010 0000001]0010010
[1000000 0100000 0010000 0001100 0000100 0000010 0000001]0000000
[1000001 0100100 0010000 0001010 0000100 0000010 0000001]0000111
[1000000 0100000 0010010 0001010 0000100 0000010 0000001]0000000
[1000001 0100000 0010010 0001110 0000100 0000010 0000001]0000001
stabSize=64

anf=abc+be+bde+cdf+ag
[1000010 0100000 0010010 0101000 0000100 0000010 0000001]0000010
[1000011 0100000 0010000 0101110 0000100 0000010 0000001]0000011
[1000101 0010010 0100000 0011110 0000010 0000100 0000001]0001111
[1000000 0100000 0010010 0001110 0000100 0000010 0000001]0000000
stabSize=256

anf=1+abc+be+bde+cdf+ag
[1000010 0100000 0010010 0101000 0000100 0000010 0000001]0000010
[1000011 0100000 0010000 0101110 0000100 0000010 0000001]0000011
[1000101 0010010 0100000 0011110 0000010 0000100 0000001]0001111
[1000000 0100000 0010010 0001110 0000100 0000010 0000001]0000000
stabSize=256

anf=abc+e+bde+cdf+g+ag
[1000110 0100101 0110101 0111101 0000110 0000010 0000001]0110000
[1000000 0100000 0010010 0001010 0000100 0000010 0000001]0000000
[1000000 0100010 0110101 0001010 0000110 0000010 0000001]0000000
[1000101 0100111 0110000 0011010 0000110 0000010 0000001]0010101
stabSize=64

anf=1+abc+e+bde+cdf+g+ag
[1000110 0100101 0110101 0111101 0000110 0000010 0000001]0110000
[1000000 0100000 0010010 0001010 0000100 0000010 0000001]0000000
[1000000 0100010 0110101 0001010 0000110 0000010 0000001]0000000
[1000101 0100111 0110000 0011010 0000110 0000010 0000001]0010101
stabSize=64

anf=b+c+abc+bde+cdf+g+ag
[1000001 0010010 0110111 0001010 0000110 0000100 0000001]0000100
[1000000 0100000 0110011 0001010 0000110 0000010 0000001]0000000
[1000000 0010010 0110011 0001010 0000110 0000100 0000001]0000000
[1000000 0100100 0010000 0001100 0000100 0000010 0000001]0000000
stabSize=384

anf=1+b+c+abc+bde+cdf+g+ag
[1000001 0010010 0110111 0001010 0000110 0000100 0000001]0000100
[1000000 0100000 0110011 0001010 0000110 0000010 0000001]0000000
[1000000 0010010 0110011 0001010 0000110 0000100 0000001]0000000
[1000000 0100100 0010000 0001100 0000100 0000010 0000001]0000000
stabSize=384

anf=abc+bde+cdf+g+ag
[1000101 0010110 0110100 0011110 0000110 0000100 0000001]0010100
[1000000 0100110 0010110 0001110 0000100 0000010 0000001]0000000
[1000000 0010010 0100100 0001110 0000010 0000100 0000001]0000000
[1000000 0100100 0010000 0001100 0000100 0000010 0000001]0000000
stabSize=384

anf=1+abc+bde+cdf+g+ag
[1000101 0010110 0110100 0011110 0000110 0000100 0000001]0010100
[1000000 0100110 0010110 0001110 0000100 0000010 0000001]0000000
[1000000 0010010 0100100 0001110 0000010 0000100 0000001]0000000
[1000000 0100100 0010000 0001100 0000100 0000010 0000001]0000000
stabSize=384

anf=abc+e+bde+cdf+ag
[1000001 0100000 0110011 0001010 0000110 0000010 0000001]0000001
[1000111 0100001 0110011 0111011 0000110 0000010 0000001]0110001
[1000000 0100000 0010010 0001000 0000100 0000010 0000001]0000010
[1000000 0100000 0110011 0001010 0000110 0000010 0000001]0000000
stabSize=64

anf=1+abc+e+bde+cdf+ag
[1000001 0100000 0110011 0001010 0000110 0000010 0000001]0000001
[1000111 0100001 0110011 0111011 0000110 0000010 0000001]0110001
[1000000 0100000 0010010 0001000 0000100 0000010 0000001]0000010
[1000000 0100000 0110011 0001010 0000110 0000010 0000001]0000000
stabSize=64

anf=abc+d+bde+cdf+ag
[1000000 0100000 0110011 0001010 0000110 0000010 0000001]0000000
[1000000 0010010 0110011 0001010 0000110 0000100 0000001]0000000
[1000000 0100100 0010000 0001100 0000100 0000010 0000001]0000000
[1000111 0100101 0010011 0111101 0000100 0000010 0000001]0110010
stabSize=1536

anf=1+abc+d+bde+cdf+ag
[1000000 0100000 0110011 0001010 0000110 0000010 0000001]0000000
[1000000 0010010 0110011 0001010 0000110 0000100 0000001]0000000
[1000000 0100100 0010000 0001100 0000100 0000010 0000001]0000000
[1000111 0100101 0010011 0111101 0000100 0000010 0000001]0110010
stabSize=1536

anf=b+abc+bde+cdf+ag
[1000001 0100100 0010000 0001100 0000100 0000010 0000001]0000001
[1000000 0110001 0010000 0001000 0000100 0000110 0000001]0000000
[1000000 0100110 0010110 0001110 0000100 0000010 0000001]0000000
[1000101 0100111 0010100 0011100 0000100 0000010 0000001]0010001
[1000000 0100100 0010000 0001100 0000100 0000010 0000001]0000000
stabSize=256

anf=1+b+abc+bde+cdf+ag
[1000001 0100100 0010000 0001100 0000100 0000010 0000001]0000001
[1000000 0110001 0010000 0001000 0000100 0000110 0000001]0000000
[1000000 0100110 0010110 0001110 0000100 0000010 0000001]0000000
[1000101 0100111 0010100 0011100 0000100 0000010 0000001]0010001
[1000000 0100100 0010000 0001100 0000100 0000010 0000001]0000000
stabSize=256

anf=abc+bde+cdf+ag
[1000000 0100000 0110011 0001010 0000110 0000010 0000001]0000000
[1000000 0010010 0110011 0001010 0000110 0000100 0000001]0000000
[1000000 0100100 0010000 0001100 0000100 0000010 0000001]0000000
[1000111 0100101 0010011 0111101 0000100 0000010 0000001]0110010
stabSize=1536

anf=1+abc+bde+cdf+ag
[1000000 0100000 0110011 0001010 0000110 0000010 0000001]0000000
[1000000 0010010 0110011 0001010 0000110 0000100 0000001]0000000
[1000000 0100100 0010000 0001100 0000100 0000010 0000001]0000000
[1000111 0100101 0010011 0111101 0000100 0000010 0000001]0110010
stabSize=1536

anf=ab+ac+abc+ad+be+ce+bde+bf+cdf+g
[0000101 0011111 0101000 0010011 1000011 1000101 0000001]0011011
[1000111 0101000 0110000 0111000 0000111 1000011 0000001]0101000
stabSize=43008

anf=ab+ac+abc+ad+be+ce+bde+bf+cdf
[1000110 0100110 0001100 0111110 1000001 0000010 0000001]0000110
[0000100 1011110 0100101 0010110 0000010 1000100 0000001]1000000
[1000000 0100111 1010100 0001011 0000100 0000010 0000001]0000000
stabSize=86016

anf=1+ab+ac+abc+ad+be+ce+bde+bf+cdf
[1000110 0100110 0001100 0111110 1000001 0000010 0000001]0000110
[0000100 1011110 0100101 0010110 0000010 1000100 0000001]1000000
[1000000 0100111 1010100 0001011 0000100 0000010 0000001]0000000
stabSize=86016

anf=abc+ae+be+bde+af+cdf+g
[0000100 1101101 1011100 0010101 1000101 1000010 0000001]1100111
[0000100 0111110 0001110 0010000 1000001 1000111 0000001]0000010
[1000011 0001000 0111000 0101000 1000110 1000000 0000001]0101000
stabSize=192

anf=b+c+abc+ae+be+bde+af+cdf
[1000001 0100001 0010000 0001001 0000100 0000010 0000001]0000001
[1000001 0100001 0010001 0001001 0000101 0000011 0000001]0000001
[1000001 0100001 0010001 0001001 0000101 0000010 0000001]0000001
[1000000 0100000 0010000 0001001 0000101 0000011 0000001]0000000
[1000000 0101111 0011111 0001000 1000100 1000010 0000001]1001110
[1000001 0010000 0100000 0001000 0000011 0000100 0000001]0001000
stabSize=512

anf=b+abc+ae+be+bde+af+cdf
[1000001 0100001 0010001 0001001 0000101 0000010 0000001]0000001
[0000100 0111000 0001000 0010000 1000001 1000110 0000001]0000000
[1000001 0100001 0010001 0001001 0000100 0000010 0000001]0000001
[1000100 0100000 0010001 0011111 0000101 0000011 0000001]0010010
[1000001 0100001 0010001 0001001 0000101 0000011 0000001]0000001
stabSize=768

anf=1+b+abc+ae+be+bde+af+cdf
[1000001 0100001 0010001 0001001 0000101 0000010 0000001]0000001
[0000100 0111000 0001000 0010000 1000001 1000110 0000001]0000000
[1000001 0100001 0010001 0001001 0000100 0000010 0000001]0000001
[1000100 0100000 0010001 0011111 0000101 0000011 0000001]0010010
[1000001 0100001 0010001 0001001 0000101 0000011 0000001]0000001
stabSize=768

anf=abc+ae+be+bde+af+cdf
[1000000 0011110 0101110 0001001 1000010 1000101 0000001]1000111
[1000001 0100001 0010001 0001001 0000101 0000011 0000001]0000001
[1000001 0100001 0010001 0001001 0000101 0000010 0000001]0000001
[1000011 0100000 0010001 0101111 0000100 0000011 0000001]0000011
[1000001 0010000 0100000 0001000 0000011 0000100 0000001]0001000
stabSize=3072

anf=1+abc+ae+be+bde+af+cdf
[1000000 0011110 0101110 0001001 1000010 1000101 0000001]1000111
[1000001 0100001 0010001 0001001 0000101 0000011 0000001]0000001
[1000001 0100001 0010001 0001001 0000101 0000010 0000001]0000001
[1000011 0100000 0010001 0101111 0000100 0000011 0000001]0000011
[1000001 0010000 0100000 0001000 0000011 0000100 0000001]0001000
stabSize=3072

anf=abc+ad+be+bde+cdf+g
[1000011 0010100 1100101 0101010 0000010 0000100 0000001]0101000
[1000010 0100010 0010010 1101011 0000100 0000010 0000001]0000010
[1000000 0100000 1010110 1001001 0000100 0000010 0000001]0000000
stabSize=2048

anf=abc+ad+e+be+bde+f+cdf
[1000010 0010111 1100011 1101011 0000010 0000100 0000001]1101100
[1000111 1100101 1010110 1111010 0000100 0000010 0000001]0010111
[1000000 0100000 0010000 0001000 0000101 0000011 0000001]0000000
[1000000 0100000 1010111 1001100 0000100 0000010 0000001]0000000
[1000000 0100000 0010000 0001000 0000100 0000011 0000001]0000000
stabSize=8192

anf=abc+ad+e+be+bde+cdf
[1000011 1100110 1010001 0101010 0000101 0000010 0000001]0000011
[1000010 0100011 1010001 1101001 0000100 0000010 0000001]1000000
[1000001 0100001 0010001 0001001 0000101 0000011 0000001]0000001
[1000011 0100011 0010001 1101101 0000100 0000011 0000001]0000011
[1000011 0100011 0010011 1101111 0000100 0000011 0000001]0000011
[1000000 0100000 0010000 0001000 0000100 0000011 0000001]0000000
stabSize=8192

anf=1+abc+ad+e+be+bde+cdf
[1000011 1100110 1010001 0101010 0000101 0000010 0000001]0000011
[1000010 0100011 1010001 1101001 0000100 0000010 0000001]1000000
[1000001 0100001 0010001 0001001 0000101 0000011 0000001]0000001
[1000011 0100011 0010001 1101101 0000100 0000011 0000001]0000011
[1000011 0100011 0010011 1101111 0000100 0000011 0000001]0000011
[1000000 0100000 0010000 0001000 0000100 0000011 0000001]0000000
stabSize=8192

anf=a+b+abc+ad+be+bde+cdf
[1000001 0100001 0010001 0001001 0000101 0000011 0000001]0000001
[1000001 0100001 0010011 0001011 0000101 0000010 0000001]0000001
[1000101 1100001 0010100 1011101 0000100 0000010 0000001]0010000
[1000000 0100000 0010000 0001000 0000100 0000011 0000001]0000000
[1000000 1100101 0010110 1001011 0000100 0000010 0000001]0000000
[1000000 0100010 0010001 1001101 0000100 0000011 0000001]0000000
stabSize=16384

anf=abc+ad+be+bde+cdf
[1000001 0100001 0010001 0001001 0000101 0000011 0000001]0000001
[1000011 0100011 1010111 0101001 0000100 0000011 0000001]0000011
[1000001 0100010 1010111 0001001 0000100 0000010 0000001]0000001
[1000000 0100000 0010000 0001000 0000100 0000011 0000001]0000000
[1000111 0100011 1010001 0111001 0000100 0000011 0000001]0010000
[1000010 0100110 1010000 1101111 0000100 0000010 0000001]1000110
stabSize=32768

anf=1+abc+ad+be+bde+cdf
[1000001 0100001 0010001 0001001 0000101 0000011 0000001]0000001
[1000011 0100011 1010111 0101001 0000100 0000011 0000001]0000011
[1000001 0100010 1010111 0001001 0000100 0000010 0000001]0000001
[1000000 0100000 0010000 0001000 0000100 0000011 0000001]0000000
[1000111 0100011 1010001 0111001 0000100 0000011 0000001]0010000
[1000010 0100110 1010000 1101111 0000100 0000010 0000001]1000110
stabSize=32768

anf=ab+ac+abc+be+bde+cdf+g
[1000000 1111101 1100001 0001100 0000010 1000110 0000001]0000000
[1000000 1100001 0010010 0001110 0000100 0000010 0000001]0000000
[0000011 1010110 1111011 1100101 1000110 0000100 0000001]0111011
stabSize=6144

anf=ab+ac+abc+e+be+bde+cdf
[1000001 0100110 0010000 1001011 0000101 0000011 0000001]0000001
[0000100 0100001 0001010 0010010 1000000 0000010 0000001]0100000
[1000001 1100011 1111101 0001001 1000111 0000011 0000001]1001010
[1000000 0100000 0010000 0001000 0000101 0000011 0000001]0000000
[1000000 1100010 0010100 0001001 0000100 0000010 0000001]1000000
stabSize=12288

anf=a+b+ab+ac+abc+be+bde+cdf
[1000001 0100001 1010011 0001010 0000100 0000010 0000001]0000001
[1000001 0100001 0010001 0001001 0000101 0000011 0000001]0000001
[1000001 0100001 0010001 0001001 0000101 0000010 0000001]0000001
[0000011 0010111 0001011 1100110 1000000 0000101 0000001]1011000
[1000000 1100000 0010010 0001011 0000100 0000010 0000001]0000000
stabSize=24576

anf=ab+ac+abc+be+bde+cdf
[1000001 1010100 0100101 1001011 0000010 0000100 0000001]0001010
[1000001 0100001 0010001 0001100 0000100 0000011 0000001]0000001
[1000001 0010000 0111100 0001101 1000111 0000100 0000001]0000001
[1000000 0100000 0010000 0001000 0000100 0000011 0000001]0000000
[1000001 0100001 0010001 0001001 0000101 0000011 0000001]0000001
stabSize=49152

anf=1+ab+ac+abc+be+bde+cdf
[1000001 1010100 0100101 1001011 0000010 0000100 0000001]0001010
[1000001 0100001 0010001 0001100 0000100 0000011 0000001]0000001
[1000001 0010000 0111100 0001101 1000111 0000100 0000001]0000001
[1000000 0100000 0010000 0001000 0000100 0000011 0000001]0000000
[1000001 0100001 0010001 0001001 0000101 0000011 0000001]0000001
stabSize=49152

anf=abc+ae+bde+cdf+g
[1000010 0100010 0010010 1101010 0000100 0000010 0000001]0000010
[1000110 0100110 0010110 0111100 0000100 0000010 0000001]0110010
[1000000 0100010 0110110 0001010 0000110 0000010 0000001]0000010
[1000000 1100010 1111010 1001010 1000110 0000010 0000001]0101000
stabSize=192

anf=a+abc+ae+bde+f+cdf
[1000001 0100001 0010001 0001001 0000101 0000011 0000001]0000001
[1000101 0100100 0010000 0011001 0000100 0000010 0000001]0010101
[1000001 0100001 0010001 0001001 0000101 0000010 0000001]0000001
[0000111 0100001 0101000 0110000 1000010 0000011 0000001]0100000
stabSize=1536

anf=1+a+abc+ae+bde+f+cdf
[1000001 0100001 0010001 0001001 0000101 0000011 0000001]0000001
[1000101 0100100 0010000 0011001 0000100 0000010 0000001]0010101
[1000001 0100001 0010001 0001001 0000101 0000010 0000001]0000001
[0000111 0100001 0101000 0110000 1000010 0000011 0000001]0100000
stabSize=1536

anf=abc+ae+bde+f+cdf
[1000001 0100001 0010001 0001001 0000101 0000011 0000001]0000001
[1000100 0100101 0010000 0011000 0000100 0000010 0000001]0010101
[1000001 0100000 0010000 0001001 0000101 0000010 0000001]0000001
[0000101 0100100 0011001 0010000 1000101 0000011 0000001]0010100
[1000000 0100000 0010000 0001000 0000100 0000011 0000001]0000000
stabSize=768

anf=a+c+abc+ae+bde+cdf
[1000001 0100001 0010001 0001001 0000101 0000011 0000001]0000001
[1000001 0100010 0110110 0001001 0000111 0000010 0000001]0000001
[1000001 0100001 0010001 0001001 0000101 0000010 0000001]0000001
[1000000 0100000 0010011 0001011 0000101 0000011 0000001]0000000
[1000001 0100001 0010001 0001001 0000100 0000010 0000001]0000001
[1000000 0100001 0010001 0001000 0000100 0000011 0000001]0000001
[1000011 0100001 0110000 0101011 0000110 0000010 0000001]0100011
stabSize=2048

anf=c+abc+ae+bde+cdf
[1000010 0100010 0010010 1101010 0000101 0000010 0000001]0000010
[1000000 0100000 0010000 0001000 0000100 0000011 0000001]0000000
[1000000 1100000 1011111 1001000 1000101 0000011 0000001]0101001
[1000010 0100000 0110111 1101011 0000110 0000011 0000001]0000010
[1000001 0100001 0010001 0001001 0000101 0000011 0000001]0000001
stabSize=8192

anf=1+c+abc+ae+bde+cdf
[1000010 0100010 0010010 1101010 0000101 0000010 0000001]0000010
[1000000 0100000 0010000 0001000 0000100 0000011 0000001]0000000
[1000000 1100000 1011111 1001000 1000101 0000011 0000001]0101001
[1000010 0100000 0110111 1101011 0000110 0000011 0000001]0000010
[1000001 0100001 0010001 0001001 0000101 0000011 0000001]0000001
stabSize=8192

anf=a+b+abc+ae+bde+cdf
[1000001 0100001 0010001 0001001 0000101 0000011 0000001]0000001
[1000011 0100011 0010011 1101011 0000101 0000010 0000001]0000011
[1000001 0100001 0010001 0001001 0000101 0000010 0000001]0000001
[1000000 0100000 0010000 0001001 0000100 0000010 0000001]0000000
[1000001 0100000 0010011 0001011 0000101 0000010 0000001]0000001
[1000001 0100001 0010011 0001010 0000101 0000010 0000001]0000001
[1000101 0100100 0010000 0011001 0000100 0000010 0000001]0010101
stabSize=2048

anf=1+a+b+abc+ae+bde+cdf
[1000001 0100001 0010001 0001001 0000101 0000011 0000001]0000001
[1000011 0100011 0010011 1101011 0000101 0000010 0000001]0000011
[1000001 0100001 0010001 0001001 0000101 0000010 0000001]0000001
[1000000 0100000 0010000 0001001 0000100 0000010 0000001]0000000
[1000001 0100000 0010011 0001011 0000101 0000010 0000001]0000001
[1000001 0100001 0010011 0001010 0000101 0000010 0000001]0000001
[1000101 0100100 0010000 0011001 0000100 0000010 0000001]0010101
stabSize=2048

anf=b+abc+ae+bde+cdf
[1000101 0100100 0010000 0011010 0000100 0000010 0000001]0010110
[0000101 0100101 0011011 0010000 1000100 0000011 0000001]0010110
[1000001 0100001 0010010 0001011 0000101 0000010 0000001]0000001
[1000001 0100001 0010001 0001001 0000101 0000011 0000001]0000001
stabSize=3072

anf=a+abc+ae+bde+cdf
[1000000 0100011 0110110 0001001 0000111 0000010 0000001]0000000
[1000001 0100001 0010001 0001001 0000101 0000011 0000001]0000001
[1000001 0100001 0010001 0001001 0000101 0000010 0000001]0000001
[1000000 0100000 0010010 0001011 0000101 0000011 0000001]0000000
[1000001 0100001 0010001 0001001 0000100 0000010 0000001]0000001
[1000101 0100100 0010000 0011001 0000100 0000010 0000001]0010101
stabSize=4096

anf=1+a+abc+ae+bde+cdf
[1000000 0100011 0110110 0001001 0000111 0000010 0000001]0000000
[1000001 0100001 0010001 0001001 0000101 0000011 0000001]0000001
[1000001 0100001 0010001 0001001 0000101 0000010 0000001]0000001
[1000000 0100000 0010010 0001011 0000101 0000011 0000001]0000000
[1000001 0100001 0010001 0001001 0000100 0000010 0000001]0000001
[1000101 0100100 0010000 0011001 0000100 0000010 0000001]0010101
stabSize=4096

anf=abc+ae+bde+cdf
[1000010 0100000 0110111 1101011 0000110 0000011 0000001]0000010
[1000001 0100001 0010010 0001011 0000101 0000010 0000001]0000001
[1000110 0100111 0010111 0111101 0000100 0000010 0000001]0110011
[0000110 0100000 0101010 0110011 1000011 0000011 0000001]0100000
stabSize=24576

anf=1+abc+ae+bde+cdf
[1000010 0100000 0110111 1101011 0000110 0000011 0000001]0000010
[1000001 0100001 0010010 0001011 0000101 0000010 0000001]0000001
[1000110 0100111 0010111 0111101 0000100 0000010 0000001]0110011
[0000110 0100000 0101010 0110011 1000011 0000011 0000001]0100000
stabSize=24576

anf=ab+ac+abc+bde+cdf+g
[1000000 1010001 0110000 0001000 0000110 0000100 0000001]0000000
[1000000 0100000 1010111 1001100 0000100 0000010 0000001]0000000
[1000000 0100000 0110000 0001000 0000110 0000010 0000001]0000000
[1000000 1100001 1010001 0001100 0000100 0000010 0000001]0000100
stabSize=1536

anf=a+ab+ac+abc+e+bde+cdf
[1000000 0100011 0010011 1001100 0000100 0000010 0000001]0000000
[1000000 1100000 0010000 0001011 0000100 0000010 0000001]0000011
[1000000 1100010 1010010 1001101 0000100 0000010 0000001]0000000
[1000000 0100001 1010000 0001001 0000100 0000010 0000001]0000001
[1000000 0100000 0110000 0001000 0000110 0000010 0000001]0000000
[1000001 0100001 0010001 0001001 0000101 0000011 0000001]0000001
[1000001 0100001 0010001 0001001 0000101 0000010 0000001]0000001
stabSize=8192

anf=1+a+ab+ac+abc+e+bde+cdf
[1000000 0100011 0010011 1001100 0000100 0000010 0000001]0000000
[1000000 1100000 0010000 0001011 0000100 0000010 0000001]0000011
[1000000 1100010 1010010 1001101 0000100 0000010 0000001]0000000
[1000000 0100001 1010000 0001001 0000100 0000010 0000001]0000001
[1000000 0100000 0110000 0001000 0000110 0000010 0000001]0000000
[1000001 0100001 0010001 0001001 0000101 0000011 0000001]0000001
[1000001 0100001 0010001 0001001 0000101 0000010 0000001]0000001
stabSize=8192

anf=ab+ac+abc+e+bde+cdf
[1000001 1100101 0110001 1001011 0000111 0000011 0000001]0000001
[1000000 0100000 0110000 0001000 0000110 0000010 0000001]0000000
[1000001 0100001 0010001 0001001 0000101 0000011 0000001]0000001
[1000001 0100001 0010001 0001001 0000101 0000010 0000001]0000001
[1000000 0100000 0110010 0001010 0000110 0000010 0000001]0000000
[1000001 1100111 1110100 1001011 0000111 0000011 0000001]0000011
stabSize=4096

anf=ab+ac+abc+d+bde+cdf
[1000001 0100001 0010001 0001001 0000101 0000011 0000001]0000001
[1000000 0100000 0010000 0001000 0000101 0000011 0000001]0000000
[1000000 0100000 0110101 1001110 0000110 0000010 0000001]0000000
[1000000 0100000 0010101 1001110 0000100 0000010 0000001]0000000
[1000000 0110100 0010001 0001100 0000100 0000110 0000001]0000000
[1000000 0100100 0010000 0001111 0000100 0000010 0000001]0000011
stabSize=49152

anf=1+ab+ac+abc+d+bde+cdf
[1000001 0100001 0010001 0001001 0000101 0000011 0000001]0000001
[1000000 0100000 0010000 0001000 0000101 0000011 0000001]0000000
[1000000 0100000 0110101 1001110 0000110 0000010 0000001]0000000
[1000000 0100000 0010101 1001110 0000100 0000010 0000001]0000000
[1000000 0110100 0010001 0001100 0000100 0000110 0000001]0000000
[1000000 0100100 0010000 0001111 0000100 0000010 0000001]0000011
stabSize=49152

anf=a+b+ab+ac+abc+bde+cdf
[1000000 0100100 0010001 0001100 0000100 0000011 0000001]0000000
[1000001 0100001 0010001 0001001 0000101 0000011 0000001]0000001
[1000000 0100000 0010000 0001000 0000101 0000011 0000001]0000000
[1000000 0100000 1010011 0001011 0000100 0000010 0000001]0000000
[1000000 1110000 1010001 0001010 0000100 0000110 0000001]0000010
[1000000 0100000 1010000 0001000 0000100 0000010 0000001]0000000
[1000000 0110100 0010001 0001100 0000100 0000110 0000001]0000000
stabSize=32768

anf=1+a+b+ab+ac+abc+bde+cdf
[1000000 0100100 0010001 0001100 0000100 0000011 0000001]0000000
[1000001 0100001 0010001 0001001 0000101 0000011 0000001]0000001
[1000000 0100000 0010000 0001000 0000101 0000011 0000001]0000000
[1000000 0100000 1010011 0001011 0000100 0000010 0000001]0000000
[1000000 1110000 1010001 0001010 0000100 0000110 0000001]0000010
[1000000 0100000 1010000 0001000 0000100 0000010 0000001]0000000
[1000000 0110100 0010001 0001100 0000100 0000110 0000001]0000000
stabSize=32768

anf=a+ab+ac+abc+bde+cdf
[1000001 0100001 0010001 0001001 0000101 0000011 0000001]0000001
[1000000 0100000 0010000 0001000 0000101 0000011 0000001]0000000
[1000000 0100000 0110010 0001010 0000110 0000010 0000001]0000000
[1000000 0100000 1010011 0001011 0000100 0000010 0000001]0000000
[1000000 1110000 1010001 0001010 0000100 0000110 0000001]0000010
[1000000 0100000 0010010 0001011 0000100 0000011 0000001]0000000
stabSize=98304

anf=1+a+ab+ac+abc+bde+cdf
[1000001 0100001 0010001 0001001 0000101 0000011 0000001]0000001
[1000000 0100000 0010000 0001000 0000101 0000011 0000001]0000000
[1000000 0100000 0110010 0001010 0000110 0000010 0000001]0000000
[1000000 0100000 1010011 0001011 0000100 0000010 0000001]0000000
[1000000 1110000 1010001 0001010 0000100 0000110 0000001]0000010
[1000000 0100000 0010010 0001011 0000100 0000011 0000001]0000000
stabSize=98304

anf=ab+ac+abc+bde+cdf
[1000001 0100001 0010001 0001001 0000101 0000011 0000001]0000001
[1000000 0100000 0010000 0001000 0000101 0000011 0000001]0000000
[1000000 0100000 0110101 1001110 0000110 0000010 0000001]0000000
[1000000 0100000 0010101 1001110 0000100 0000010 0000001]0000000
[1000000 0110100 0010001 0001100 0000100 0000110 0000001]0000000
[1000000 0100100 0010000 0001111 0000100 0000010 0000001]0000011
stabSize=49152

anf=1+ab+ac+abc+bde+cdf
[1000001 0100001 0010001 0001001 0000101 0000011 0000001]0000001
[1000000 0100000 0010000 0001000 0000101 0000011 0000001]0000000
[1000000 0100000 0110101 1001110 0000110 0000010 0000001]0000000
[1000000 0100000 0010101 1001110 0000100 0000010 0000001]0000000
[1000000 0110100 0010001 0001100 0000100 0000110 0000001]0000000
[1000000 0100100 0010000 0001111 0000100 0000010 0000001]0000011
stabSize=49152

anf=abc+bde+cdf+g
[0000100 1100100 1001010 0010110 1000000 0000010 0000001]1000100
[1000000 0100110 0010010 1001110 0000100 0000010 0000001]0000000
[1000100 0101100 0001110 1011000 1000000 1000010 0000001]1001010
[1000000 0010100 0100110 0001100 0000010 0000100 0000001]0000000
stabSize=6144

anf=a+abc+e+bde+cdf
[1000000 0100000 0010000 0001000 0000101 0000010 0000001]0000000
[0000101 1100101 0001001 0010000 1000000 0000010 0000001]1000101
[0000100 0100000 1001101 1010101 1000001 0000011 0000001]1000100
[0000100 0011001 1110101 1010100 0000110 1000100 0000001]0010001
stabSize=16384

anf=b+c+abc+bde+cdf
[1000000 0010001 0100110 1001101 0000011 0000101 0000001]0000000
[1000001 0100001 0010111 1001011 0000101 0000011 0000001]0000001
[1000000 0011001 1101110 1001000 1000010 1000101 0000001]0001101
[1000000 1100100 0010111 1001100 0000100 0000010 0000001]1000011
[1000000 0100000 0010000 0001000 0000100 0000011 0000001]0000000
[1000001 0100001 0010001 0001001 0000101 0000011 0000001]0000001
stabSize=131072

anf=b+abc+bde+cdf
[0000100 1100111 1001010 0010010 1000000 0000010 0000001]1000100
[1000001 0100001 0010001 0001001 0000101 0000011 0000001]0000001
[1000001 1101010 0011010 1001110 1000101 1000010 0000001]0001101
[1000000 1100010 1010010 1001010 0000100 0000010 0000001]0000000
stabSize=196608

anf=1+b+abc+bde+cdf
[0000100 1100111 1001010 0010010 1000000 0000010 0000001]1000100
[1000001 0100001 0010001 0001001 0000101 0000011 0000001]0000001
[1000001 1101010 0011010 1001110 1000101 1000010 0000001]0001101
[1000000 1100010 1010010 1001010 0000100 0000010 0000001]0000000
stabSize=196608

anf=a+abc+bde+cdf
[1000000 0100000 0010010 0001010 0000100 0000011 0000001]0000000
[1000001 0100001 0010001 0001001 0000101 0000011 0000001]0000001
[1000001 0010010 0100101 0001111 0000011 0000100 0000001]0000001
[1000100 0010100 0110011 0011001 0000110 0000100 0000001]0010101
stabSize=24576

anf=1+a+abc+bde+cdf
[1000000 0100000 0010010 0001010 0000100 0000011 0000001]0000000
[1000001 0100001 0010001 0001001 0000101 0000011 0000001]0000001
[1000001 0010010 0100101 0001111 0000011 0000100 0000001]0000001
[1000100 0010100 0110011 0011001 0000110 0000100 0000001]0010101
stabSize=24576

anf=abc+bde+cdf
[0000100 1100100 1001001 0010100 1000000 0000011 0000001]1000100
[0000010 1001111 1010101 0100101 0000100 1000000 0000001]1000010
[1000100 1001010 1101011 0011110 1000011 1000000 0000001]0001001
stabSize=786432

anf=1+abc+bde+cdf
[0000100 1100100 1001001 0010100 1000000 0000011 0000001]1000100
[0000010 1001111 1010101 0100101 0000100 1000000 0000001]1000010
[1000100 1001010 1101011 0011110 1000011 1000000 0000001]0001001
stabSize=786432

anf=a+abc+ce+bf+def+g+ag+dg
[1010000 0110001 0010000 0001010 0000111 0000010 0000001]0010010
[1010001 0110001 0010000 0001011 0000111 0000010 0000001]0010010
[1000000 0010000 0100000 0001000 0000010 0000100 0000001]0000000
stabSize=12

anf=abc+ce+bf+def+g+ag+dg
[0001000 0000010 0000100 1000000 0010000 0100000 0000001]0000000
[1010000 0110001 0010000 0001010 0000111 0000010 0000001]0010010
[1000000 0010000 0100000 0001000 0000010 0000100 0000001]0000000
stabSize=24

anf=1+abc+ce+bf+def+g+ag+dg
[0001000 0000010 0000100 1000000 0010000 0100000 0000001]0000000
[1010000 0110001 0010000 0001010 0000111 0000010 0000001]0010010
[1000000 0010000 0100000 0001000 0000010 0000100 0000001]0000000
stabSize=24

anf=b+abc+ce+bf+def+ag+dg
[1000000 0110001 0010000 0001010 0000110 0000010 0000001]0000000
[0001011 0000111 0000010 1010001 0110001 0010000 0000001]0010011
[1000001 0110001 0010000 0001011 0000110 0000010 0000001]0000001
stabSize=16

anf=1+b+abc+ce+bf+def+ag+dg
[1000000 0110001 0010000 0001010 0000110 0000010 0000001]0000000
[0001011 0000111 0000010 1010001 0110001 0010000 0000001]0010011
[1000001 0110001 0010000 0001011 0000110 0000010 0000001]0000001
stabSize=16

anf=a+abc+ce+bf+def+ag+dg
[0001101 0000110 0000011 1110000 0110001 0010001 0000001]0000000
[1000000 0100000 0110001 0001100 0000100 0000110 0000001]0000000
[1000001 0010000 0100000 0001001 0000010 0000100 0000001]0000001
stabSize=96

anf=1+a+abc+ce+bf+def+ag+dg
[0001101 0000110 0000011 1110000 0110001 0010001 0000001]0000000
[1000000 0100000 0110001 0001100 0000100 0000110 0000001]0000000
[1000001 0010000 0100000 0001001 0000010 0000100 0000001]0000001
stabSize=96

anf=abc+ce+bf+def+ag+dg
[1100001 0010001 0100000 0001101 0000011 0000100 0000001]0000001
[0001110 0000111 0000011 1100001 0110000 0010001 0000001]0000001
[1000000 0100000 0110001 0001100 0000100 0000110 0000001]0000000
stabSize=96

anf=1+abc+ce+bf+def+ag+dg
[1100001 0010001 0100000 0001101 0000011 0000100 0000001]0000001
[0001110 0000111 0000011 1100001 0110000 0010001 0000001]0000001
[1000000 0100000 0110001 0001100 0000100 0000110 0000001]0000000
stabSize=96

anf=c+abc+be+f+def+g+ag+dg
[1010001 0100001 0010000 0001111 0000100 0000010 0000001]0000111
[0001101 0000101 0000010 1100000 0100001 0010000 0000001]0110111
stabSize=16

anf=c+abc+e+be+def+g+ag+dg
[1000000 0100000 0010000 0001010 0000110 0000010 0000001]0000000
[1110001 0100001 0010000 0001110 0000101 0000010 0000001]0100100
[1100000 0100000 0010000 0001010 0000101 0000010 0000001]0100000
stabSize=32

anf=1+c+abc+e+be+def+g+ag+dg
[1000000 0100000 0010000 0001010 0000110 0000010 0000001]0000000
[1110001 0100001 0010000 0001110 0000101 0000010 0000001]0100100
[1100000 0100000 0010000 0001010 0000101 0000010 0000001]0100000
stabSize=32

anf=b+abc+e+be+def+g+ag+dg
[0001000 0000100 0000010 1000000 0110000 0010000 0000001]0010000
[1010000 0100000 0010000 0001010 0000110 0000010 0000001]0010000
[0001001 0000110 0000010 1010001 0100000 0010000 0000001]0010010
[1000000 0100000 0010000 0001010 0000110 0000010 0000001]0000000
stabSize=64

anf=c+abc+be+def+g+ag+dg
[1000000 0100000 0010000 0001010 0000110 0000010 0000001]0000000
[1100000 0100000 0010000 0001010 0000101 0000010 0000001]0100000
[1000000 0100000 0010000 0001000 0000110 0000010 0000001]0000010
[1000001 0100000 0010000 0001011 0000100 0000010 0000001]0000010
stabSize=16

anf=b+abc+be+def+g+ag+dg
[1000000 0100000 0010000 0001010 0000110 0000010 0000001]0000000
[1010000 0100000 0010000 0001010 0000110 0000010 0000001]0010000
[1000000 0110000 0010000 0001000 0000110 0000010 0000001]0010010
[1000000 0110001 0010000 0001110 0000100 0000010 0000001]0000110
[1010001 0110001 0010000 0001101 0000100 0000010 0000001]0010100
stabSize=64

anf=1+b+abc+be+def+g+ag+dg
[1000000 0100000 0010000 0001010 0000110 0000010 0000001]0000000
[1010000 0100000 0010000 0001010 0000110 0000010 0000001]0010000
[1000000 0110000 0010000 0001000 0000110 0000010 0000001]0010010
[1000000 0110001 0010000 0001110 0000100 0000010 0000001]0000110
[1010001 0110001 0010000 0001101 0000100 0000010 0000001]0010100
stabSize=64

anf=a+abc+be+def+g+ag+dg
[1100000 0100000 0010000 0001000 0000111 0000010 0000001]0100000
[1100000 0110001 0010000 0001111 0000101 0000010 0000001]0100101
[1000000 0100000 0010000 0001010 0000110 0000010 0000001]0000000
[1000000 0110000 0010000 0001000 0000110 0000010 0000001]0010010
stabSize=128

anf=abc+be+def+g+ag+dg
[1100000 0100000 0010000 0001010 0000101 0000010 0000001]0100000
[0001101 0000111 0000010 1110000 0100001 0010000 0000001]0100101
[1000000 0100000 0010000 0001010 0000110 0000010 0000001]0000000
stabSize=256

anf=1+abc+be+def+g+ag+dg
[1100000 0100000 0010000 0001010 0000101 0000010 0000001]0100000
[0001101 0000111 0000010 1110000 0100001 0010000 0000001]0100101
[1000000 0100000 0010000 0001010 0000110 0000010 0000001]0000000
stabSize=256

anf=c+abc+be+f+def+ag+dg
[1000000 0110001 0010000 0001100 0000100 0000010 0000001]0000100
[1000001 0100000 0010000 0001001 0000100 0000010 0000001]0000001
[0001110 0000111 0000010 1100001 0110001 0010000 0000001]0100110
stabSize=32

anf=1+c+abc+be+f+def+ag+dg
[1000000 0110001 0010000 0001100 0000100 0000010 0000001]0000100
[1000001 0100000 0010000 0001001 0000100 0000010 0000001]0000001
[0001110 0000111 0000010 1100001 0110001 0010000 0000001]0100110
stabSize=32

anf=c+abc+be+def+ag+dg
[1000000 0100000 0010000 0001010 0000110 0000010 0000001]0000000
[1000001 0110001 0010000 0001111 0000100 0000010 0000001]0000111
[1000001 0100000 0010000 0001001 0000100 0000010 0000001]0000001
stabSize=16

anf=1+c+abc+be+def+ag+dg
[1000000 0100000 0010000 0001010 0000110 0000010 0000001]0000000
[1000001 0110001 0010000 0001111 0000100 0000010 0000001]0000111
[1000001 0100000 0010000 0001001 0000100 0000010 0000001]0000001
stabSize=16

anf=a+abc+be+def+ag+dg
[1000000 0100000 0010000 0001010 0000110 0000010 0000001]0000000
[0001001 0000110 0000010 1010001 0100000 0010000 0000001]0010010
[1010000 0100000 0010000 0001010 0000110 0000010 0000001]0010000
[1010001 0100000 0010000 0001011 0000110 0000010 0000001]0010001
stabSize=64

anf=1+a+abc+be+def+ag+dg
[1000000 0100000 0010000 0001010 0000110 0000010 0000001]0000000
[0001001 0000110 0000010 1010001 0100000 0010000 0000001]0010010
[1010000 0100000 0010000 0001010 0000110 0000010 0000001]0010000
[1010001 0100000 0010000 0001011 0000110 0000010 0000001]0010001
stabSize=64

anf=abc+be+def+ag+dg
[1000000 0100000 0010000 0001010 0000110 0000010 0000001]0000000
[1000001 0100000 0010000 0001001 0000100 0000010 0000001]0000001
[1010001 0100000 0010000 0001011 0000110 0000010 0000001]0010001
[0001010 0000110 0000010 1010000 0110000 0010000 0000001]0000000
stabSize=64

anf=1+abc+be+def+ag+dg
[1000000 0100000 0010000 0001010 0000110 0000010 0000001]0000000
[1000001 0100000 0010000 0001001 0000100 0000010 0000001]0000001
[1010001 0100000 0010000 0001011 0000110 0000010 0000001]0010001
[0001010 0000110 0000010 1010000 0110000 0010000 0000001]0000000
stabSize=64

anf=b+abc+e+def+g+ag+dg
[1000000 0100000 0010000 0001010 0000110 0000010 0000001]0000000
[1010001 0110000 0010000 0001001 0000110 0000010 0000001]0000010
[0001010 0000110 0000010 1010000 0110000 0010000 0000001]0000000
[1010000 0100000 0010000 0001000 0000100 0000010 0000001]0010000
stabSize=64

anf=b+abc+def+g+ag+dg
[1000001 0110000 0010000 0001001 0000100 0000010 0000001]0010000
[1000000 0100000 0010000 0001000 0000010 0000100 0000001]0000000
[1010000 0100000 0010000 0001000 0000100 0000010 0000001]0010000
[1000000 0100000 0010000 0001000 0000010 0000110 0000001]0000010
[1010000 0110000 0010000 0001000 0000100 0000010 0000001]0000000
[1000000 0100000 0010000 0001010 0000010 0000110 0000001]0000000
stabSize=192

anf=1+b+abc+def+g+ag+dg
[1000001 0110000 0010000 0001001 0000100 0000010 0000001]0010000
[1000000 0100000 0010000 0001000 0000010 0000100 0000001]0000000
[1010000 0100000 0010000 0001000 0000100 0000010 0000001]0010000
[1000000 0100000 0010000 0001000 0000010 0000110 0000001]0000010
[1010000 0110000 0010000 0001000 0000100 0000010 0000001]0000000
[1000000 0100000 0010000 0001010 0000010 0000110 0000001]0000000
stabSize=192

anf=a+abc+def+g+ag+dg
[1110000 0010000 0100000 0001000 0000100 0000010 0000001]0110000
[1000001 0010000 0110000 0001111 0000010 0000110 0000001]0010100
[1000000 0100000 0010000 0001010 0000110 0000010 0000001]0000000
[1000000 0100000 0010000 0001000 0000010 0000100 0000001]0000000
stabSize=1152

anf=abc+def+g+ag+dg
[1110000 0010000 0100000 0001000 0000100 0000010 0000001]0110000
[1000001 0010000 0110000 0001111 0000010 0000110 0000001]0010100
[0001010 0000110 0000010 1010000 0110000 0010000 0000001]0000000
stabSize=2304

anf=1+abc+def+g+ag+dg
[1110000 0010000 0100000 0001000 0000100 0000010 0000001]0110000
[1000001 0010000 0110000 0001111 0000010 0000110 0000001]0010100
[0001010 0000110 0000010 1010000 0110000 0010000 0000001]0000000
stabSize=2304

anf=b+abc+e+def+ag+dg
[1000001 0100000 0010000 0001011 0000110 0000010 0000001]0000001
[1000000 0100000 0010000 0001010 0000110 0000010 0000001]0000000
[1110001 0110000 0010000 0001101 0000100 0000010 0000001]0100100
[0001000 0000100 0000010 1000000 0100000 0010000 0000001]0000000
stabSize=128

anf=1+b+abc+e+def+ag+dg
[1000001 0100000 0010000 0001011 0000110 0000010 0000001]0000001
[1000000 0100000 0010000 0001010 0000110 0000010 0000001]0000000
[1110001 0110000 0010000 0001101 0000100 0000010 0000001]0100100
[0001000 0000100 0000010 1000000 0100000 0010000 0000001]0000000
stabSize=128

anf=b+abc+def+ag+dg
[1000000 0100000 0010000 0001000 0000010 0000100 0000001]0000000
[1000001 0100000 0010000 0001001 0000100 0000010 0000001]0000001
[1010001 0100000 0010000 0001001 0000100 0000010 0000001]0010001
[1000001 0110000 0010000 0001001 0000010 0000110 0000001]0010011
[1000000 0100000 0010000 0001010 0000010 0000110 0000001]0000000
stabSize=192

anf=1+b+abc+def+ag+dg
[1000000 0100000 0010000 0001000 0000010 0000100 0000001]0000000
[1000001 0100000 0010000 0001001 0000100 0000010 0000001]0000001
[1010001 0100000 0010000 0001001 0000100 0000010 0000001]0010001
[1000001 0110000 0010000 0001001 0000010 0000110 0000001]0010011
[1000000 0100000 0010000 0001010 0000010 0000110 0000001]0000000
stabSize=192

anf=a+abc+def+ag+dg
[1110000 0010000 0100000 0001000 0000100 0000010 0000001]0110000
[1110001 0100000 0010000 0001101 0000110 0000100 0000001]0110001
[0001001 0000100 0000110 1110001 0100000 0110000 0000001]0010100
stabSize=2304

anf=1+a+abc+def+ag+dg
[1110000 0010000 0100000 0001000 0000100 0000010 0000001]0110000
[1110001 0100000 0010000 0001101 0000110 0000100 0000001]0110001
[0001001 0000100 0000110 1110001 0100000 0110000 0000001]0010100
stabSize=2304

anf=abc+def+ag+dg
[1110000 0010000 0100000 0001000 0000100 0000010 0000001]0110000
[1110001 0100000 0010000 0001101 0000110 0000100 0000001]0110001
[0001010 0000110 0000010 1010000 0110000 0010000 0000001]0000000
stabSize=2304

anf=1+abc+def+ag+dg
[1110000 0010000 0100000 0001000 0000100 0000010 0000001]0110000
[1110001 0100000 0010000 0001101 0000110 0000100 0000001]0110001
[0001010 0000110 0000010 1010000 0110000 0010000 0000001]0000000
stabSize=2304

anf=abc+cd+be+f+def+g+ag
[1100000 0010000 0100000 0000101 0001000 0000010 0000001]0100000
[1110000 0100000 0110001 0001001 0001100 0000010 0000001]0111001
stabSize=48

anf=1+abc+cd+be+f+def+g+ag
[1100000 0010000 0100000 0000101 0001000 0000010 0000001]0100000
[1110000 0100000 0110001 0001001 0001100 0000010 0000001]0111001
stabSize=48

anf=b+abc+cd+be+def+g+ag
[1000000 0100000 0010000 0001010 0000110 0000010 0000001]0000000
[1100001 0100000 0010000 0001000 0000101 0000010 0000001]0100001
[1100000 0110001 0010000 0001101 0000101 0000010 0000001]0100100
[1110001 0100000 0010000 0001001 0000101 0000010 0000001]0110001
stabSize=64

anf=1+b+abc+cd+be+def+g+ag
[1000000 0100000 0010000 0001010 0000110 0000010 0000001]0000000
[1100001 0100000 0010000 0001000 0000101 0000010 0000001]0100001
[1100000 0110001 0010000 0001101 0000101 0000010 0000001]0100100
[1110001 0100000 0010000 0001001 0000101 0000010 0000001]0110001
stabSize=64

anf=abc+cd+be+def+g+ag
[1100000 0100000 0010000 0001010 0000111 0000010 0000001]0100000
[1000000 0010000 0110001 0000100 0001110 0000010 0000001]0000110
[1110000 0010000 0100000 0000111 0001011 0000010 0000001]0110000
stabSize=192

anf=1+abc+cd+be+def+g+ag
[1100000 0100000 0010000 0001010 0000111 0000010 0000001]0100000
[1000000 0010000 0110001 0000100 0001110 0000010 0000001]0000110
[1110000 0010000 0100000 0000111 0001011 0000010 0000001]0110000
stabSize=192

anf=b+c+abc+cd+be+f+def+ag
[1110001 0110000 0100000 0001110 0001011 0000010 0000001]0011000
[1100000 0110000 0010001 0001101 0000101 0000010 0000001]0000100
stabSize=192

anf=1+b+c+abc+cd+be+f+def+ag
[1110001 0110000 0100000 0001110 0001011 0000010 0000001]0011000
[1100000 0110000 0010001 0001101 0000101 0000010 0000001]0000100
stabSize=192

anf=abc+cd+be+f+def+ag
[1110000 0100000 0010000 0001011 0000111 0000010 0000001]0110000
[1110000 0010000 0100000 0000111 0001011 0000010 0000001]0110000
[1100001 0010001 0100000 0000101 0001000 0000010 0000001]0000001
stabSize=32

anf=b+c+abc+cd+be+def+ag
[1000001 0010000 0100000 0000100 0001000 0000010 0000001]0000001
[1100000 0110000 0010001 0001101 0000101 0000010 0000001]0000100
[1000000 0100000 0010000 0001010 0000110 0000010 0000001]0000000
stabSize=192

anf=1+b+c+abc+cd+be+def+ag
[1000001 0010000 0100000 0000100 0001000 0000010 0000001]0000001
[1100000 0110000 0010001 0001101 0000101 0000010 0000001]0000100
[1000000 0100000 0010000 0001010 0000110 0000010 0000001]0000000
stabSize=192

anf=abc+cd+be+def+ag
[1000000 0010000 0100000 0000100 0001000 0000010 0000001]0000000
[1000001 0010000 0100000 0000100 0001000 0000010 0000001]0000001
[1010000 0010000 0100001 0000100 0001011 0000010 0000001]0000010
[1100001 0010001 0100000 0000101 0001000 0000010 0000001]0000001
stabSize=64

anf=1+abc+cd+be+def+ag
[1000000 0010000 0100000 0000100 0001000 0000010 0000001]0000000
[1000001 0010000 0100000 0000100 0001000 0000010 0000001]0000001
[1010000 0010000 0100001 0000100 0001011 0000010 0000001]0000010
[1100001 0010001 0100000 0000101 0001000 0000010 0000001]0000001
stabSize=64

anf=abc+bd+e+def+g+ag
[1110000 0100000 0010000 0001001 0000100 0000010 0000001]0110000
[1000000 0100000 0010000 0001010 0000110 0000010 0000001]0000000
[1000000 0110000 0010000 0001000 0000110 0000010 0000001]0010010
[1010001 0110000 0010000 0001010 0000100 0000010 0000001]0000010
[1000001 0100000 0010000 0001010 0000100 0000010 0000001]0000010
stabSize=64

anf=1+abc+bd+e+def+g+ag
[1110000 0100000 0010000 0001001 0000100 0000010 0000001]0110000
[1000000 0100000 0010000 0001010 0000110 0000010 0000001]0000000
[1000000 0110000 0010000 0001000 0000110 0000010 0000001]0010010
[1010001 0110000 0010000 0001010 0000100 0000010 0000001]0000010
[1000001 0100000 0010000 0001010 0000100 0000010 0000001]0000010
stabSize=64

anf=c+abc+bd+def+g+ag
[1010001 0110001 0010000 0001000 0000100 0000010 0000001]0010001
[1000000 0100000 0010000 0001000 0000010 0000100 0000001]0000000
[1100000 0110001 0010000 0001101 0000100 0000110 0000001]0100000
[1110000 0110001 0010000 0001001 0000110 0000010 0000001]0110011
stabSize=384

anf=1+c+abc+bd+def+g+ag
[1010001 0110001 0010000 0001000 0000100 0000010 0000001]0010001
[1000000 0100000 0010000 0001000 0000010 0000100 0000001]0000000
[1100000 0110001 0010000 0001101 0000100 0000110 0000001]0100000
[1110000 0110001 0010000 0001001 0000110 0000010 0000001]0110011
stabSize=384

anf=abc+bd+def+g+ag
[1100000 0100000 0010000 0001011 0000110 0000010 0000001]0100000
[1000001 0100000 0010000 0001100 0000010 0000110 0000001]0000110
[1000001 0110000 0010000 0001010 0000100 0000010 0000001]0010010
[1000000 0100000 0010000 0001000 0000010 0000100 0000001]0000000
stabSize=384

anf=1+abc+bd+def+g+ag
[1100000 0100000 0010000 0001011 0000110 0000010 0000001]0100000
[1000001 0100000 0010000 0001100 0000010 0000110 0000001]0000110
[1000001 0110000 0010000 0001010 0000100 0000010 0000001]0010010
[1000000 0100000 0010000 0001000 0000010 0000100 0000001]0000000
stabSize=384

anf=c+abc+bd+e+def+ag
[1000000 0100000 0010000 0001010 0000110 0000010 0000001]0000000
[1110001 0100001 0010001 0001001 0000110 0000010 0000001]0000011
[1100001 0100000 0010001 0001011 0000100 0000010 0000001]0000011
[1100001 0100001 0010000 0001101 0000110 0000010 0000001]0110111
stabSize=64

anf=b+abc+bd+e+def+ag
[1010001 0110001 0010000 0001010 0000110 0000010 0000001]0010001
[1000000 0100000 0010000 0001010 0000110 0000010 0000001]0000000
[1010001 0110001 0010001 0001110 0000110 0000010 0000001]0100100
[1100001 0110000 0010001 0001001 0000100 0000010 0000001]0000000
stabSize=256

anf=1+b+abc+bd+e+def+ag
[1010001 0110001 0010000 0001010 0000110 0000010 0000001]0010001
[1000000 0100000 0010000 0001010 0000110 0000010 0000001]0000000
[1010001 0110001 0010001 0001110 0000110 0000010 0000001]0100100
[1100001 0110000 0010001 0001001 0000100 0000010 0000001]0000000
stabSize=256

anf=abc+bd+e+def+ag
[1000000 0100000 0010000 0001010 0000110 0000010 0000001]0000000
[1010001 0110001 0010000 0001000 0000100 0000010 0000001]0010001
[1110001 0110001 0010001 0001011 0000100 0000010 0000001]0000010
[1000000 0100000 0010000 0001000 0000110 0000010 0000001]0000010
[1000000 0110001 0010000 0001000 0000100 0000010 0000001]0000000
stabSize=128

anf=c+abc+bd+def+ag
[1010001 0100001 0010000 0001000 0000010 0000110 0000001]0000010
[1000000 0100000 0010000 0001000 0000010 0000100 0000001]0000000
[1100000 0100000 0010001 0001111 0000100 0000010 0000001]0000110
[1000001 0100000 0010000 0001000 0000100 0000010 0000001]0000001
stabSize=192

anf=b+abc+bd+def+ag
[1000001 0110001 0010000 0001010 0000010 0000110 0000001]0000001
[1000000 0100000 0010000 0001000 0000010 0000100 0000001]0000000
[1100001 0100001 0010001 0001111 0000010 0000110 0000001]0010101
[1010001 0110001 0010000 0001000 0000100 0000010 0000001]0010001
stabSize=768

anf=1+b+abc+bd+def+ag
[1000001 0110001 0010000 0001010 0000010 0000110 0000001]0000001
[1000000 0100000 0010000 0001000 0000010 0000100 0000001]0000000
[1100001 0100001 0010001 0001111 0000010 0000110 0000001]0010101
[1010001 0110001 0010000 0001000 0000100 0000010 0000001]0010001
stabSize=768

anf=abc+bd+def+ag
[1010001 0110001 0010000 0001000 0000100 0000010 0000001]0010001
[1000000 0110001 0010000 0001010 0000010 0000110 0000001]0000000
[1110000 0100001 0010001 0001011 0000100 0000010 0000001]0000011
[1000000 0100000 0010000 0001000 0000010 0000100 0000001]0000000
stabSize=768

anf=1+abc+bd+def+ag
[1010001 0110001 0010000 0001000 0000100 0000010 0000001]0010001
[1000000 0110001 0010000 0001010 0000010 0000110 0000001]0000000
[1110000 0100001 0010001 0001011 0000100 0000010 0000001]0000011
[1000000 0100000 0010000 0001000 0000010 0000100 0000001]0000000
stabSize=768

anf=abc+d+def+g+ag
[1110000 0010000 0100000 0001010 0000010 0000110 0000001]0110000
[1100000 0110000 0100000 0001100 0000010 0000100 0000001]0000100
[1100001 0100000 0010000 0001000 0000110 0000100 0000001]0100100
stabSize=1152

anf=1+abc+d+def+g+ag
[1110000 0010000 0100000 0001010 0000010 0000110 0000001]0110000
[1100000 0110000 0100000 0001100 0000010 0000100 0000001]0000100
[1100001 0100000 0010000 0001000 0000110 0000100 0000001]0100100
stabSize=1152

anf=abc+def+g+ag
[1110000 0010000 0110000 0001100 0000110 0000100 0000001]0100000
[1000000 0100000 0010000 0000110 0001100 0000100 0000001]0000000
[1100001 0100000 0010000 0000010 0000110 0001010 0000001]0100000
[1010000 0010000 0100000 0001010 0000110 0001000 0000001]0011010
stabSize=8064

anf=1+abc+def+g+ag
[1110000 0010000 0110000 0001100 0000110 0000100 0000001]0100000
[1000000 0100000 0010000 0000110 0001100 0000100 0000001]0000000
[1100001 0100000 0010000 0000010 0000110 0001010 0000001]0100000
[1010000 0010000 0100000 0001010 0000110 0001000 0000001]0011010
stabSize=8064

anf=b+abc+d+def+ag
[1010001 0110001 0010000 0001100 0000110 0000100 0000001]0010001
[1000000 0100000 0010000 0001000 0000010 0000100 0000001]0000000
[1100000 0110000 0010001 0001100 0000010 0000110 0000001]0000111
[1000000 0110001 0010000 0001010 0000010 0000110 0000001]0000000
stabSize=768

anf=abc+d+def+ag
[1000000 0010001 0100000 0001110 0000100 0000010 0000001]0100110
[1010001 0010000 0110001 0001000 0000010 0000100 0000001]0010001
[1000000 0100000 0110001 0001010 0000110 0000010 0000001]0000000
stabSize=4608

anf=1+abc+d+def+ag
[1000000 0010001 0100000 0001110 0000100 0000010 0000001]0100110
[1010001 0010000 0110001 0001000 0000010 0000100 0000001]0010001
[1000000 0100000 0110001 0001010 0000110 0000010 0000001]0000000
stabSize=4608

anf=b+abc+def+ag
[1010001 0110001 0010000 0001000 0000100 0000010 0000001]0010001
[1100000 0110000 0010001 0000010 0000110 0001110 0000001]0000101
[1000000 0110001 0010000 0001000 0000100 0000010 0000001]0000000
[1000000 0100000 0010000 0000110 0000100 0001100 0000001]0000000
stabSize=5376

anf=abc+def+ag
[1010000 0100001 0110000 0001110 0001010 0001000 0000001]0000010
[1110001 0110001 0100000 0000110 0001010 0000010 0000001]0110001
stabSize=32256

anf=1+abc+def+ag
[1010000 0100001 0110000 0001110 0001010 0001000 0000001]0000010
[1110001 0110001 0100000 0000110 0001010 0000010 0000001]0110001
stabSize=32256

anf=abc+cd+be+af+def+g
[0000111 0001011 0001110 1110000 1100001 1010001 0000001]0111100
[0001110 0000010 0001011 0110001 1010001 0100000 0000001]0111001
stabSize=336

anf=a+b+c+abc+d+cd+e+be+f+af+def
[1100000 0100001 1010000 0001000 0001110 0001010 0000001]1100011
[0001010 0001000 0000111 0100000 1110001 1100001 0000001]1001010
[0010001 0110000 1000000 0000011 0000100 0001101 0000001]0010100
stabSize=43008

anf=1+a+b+c+abc+d+cd+e+be+f+af+def
[1100000 0100001 1010000 0001000 0001110 0001010 0000001]1100011
[0001010 0001000 0000111 0100000 1110001 1100001 0000001]1001010
[0010001 0110000 1000000 0000011 0000100 0001101 0000001]0010100
stabSize=43008

anf=a+b+c+abc+cd+be+af+def
[1000001 0100001 0010001 0001001 0000101 0000011 0000001]0000001
[0110000 1100001 0100001 0001111 0000010 0001000 0000001]0001010
[1000000 0100000 0010001 0001000 0000101 0000010 0000001]0000000
[1010000 1000000 1100001 0000101 0001110 0001001 0000001]0001100
stabSize=3072

anf=1+a+b+c+abc+cd+be+af+def
[1000001 0100001 0010001 0001001 0000101 0000011 0000001]0000001
[0110000 1100001 0100001 0001111 0000010 0001000 0000001]0001010
[1000000 0100000 0010001 0001000 0000101 0000010 0000001]0000000
[1010000 1000000 1100001 0000101 0001110 0001001 0000001]0001100
stabSize=3072

anf=a+abc+cd+be+af+def
[1000001 0100001 0010001 0001001 0000101 0000010 0000001]0000001
[1000001 0010001 0100001 0000100 0001001 0000010 0000001]0000001
[1000001 0100001 0010001 0001001 0000100 0000011 0000001]0000001
[1000001 0100000 0010001 0001000 0000100 0000011 0000001]0000001
[0110000 0010000 1010001 0000011 0001111 0000101 0000001]0000111
[0001010 0001000 0001111 0100000 1010000 1100000 0000001]1100010
stabSize=2048

anf=1+a+abc+cd+be+af+def
[1000001 0100001 0010001 0001001 0000101 0000010 0000001]0000001
[1000001 0010001 0100001 0000100 0001001 0000010 0000001]0000001
[1000001 0100001 0010001 0001001 0000100 0000011 0000001]0000001
[1000001 0100000 0010001 0001000 0000100 0000011 0000001]0000001
[0110000 0010000 1010001 0000011 0001111 0000101 0000001]0000111
[0001010 0001000 0001111 0100000 1010000 1100000 0000001]1100010
stabSize=2048

anf=abc+cd+be+af+def
[1000001 0100001 0010001 0001001 0000101 0000011 0000001]0000001
[1000000 0010000 0100000 0000100 0001000 0000010 0000001]0000000
[0000100 0000011 0001001 0010001 1000000 0100000 0000001]0000000
[1000001 0100001 0010001 0001001 0000101 0000010 0000001]0000001
stabSize=1536

anf=1+abc+cd+be+af+def
[1000001 0100001 0010001 0001001 0000101 0000011 0000001]0000001
[1000000 0010000 0100000 0000100 0001000 0000010 0000001]0000000
[0000100 0000011 0001001 0010001 1000000 0100000 0000001]0000000
[1000001 0100001 0010001 0001001 0000101 0000010 0000001]0000001
stabSize=1536

anf=abc+bd+ae+def+g
[0001000 0001101 0000010 1010000 1110001 0010000 0000001]1001000
[0110000 1010000 0010000 0000100 0001000 0000010 0000001]0000000
stabSize=192

anf=c+abc+bd+ae+f+def
[1000001 1110000 0010000 0001000 0001110 0000010 0000001]1011011
[0000100 0001001 0000011 0100000 1000000 0010001 0000001]0000001
[1000001 0100001 0010001 0001001 0000100 0000010 0000001]0000001
[1000001 0100001 0010001 0001001 0000101 0000011 0000001]0000001
stabSize=1536

anf=1+c+abc+bd+ae+f+def
[1000001 1110000 0010000 0001000 0001110 0000010 0000001]1011011
[0000100 0001001 0000011 0100000 1000000 0010001 0000001]0000001
[1000001 0100001 0010001 0001001 0000100 0000010 0000001]0000001
[1000001 0100001 0010001 0001001 0000101 0000011 0000001]0000001
stabSize=1536

anf=c+abc+d+bd+e+ae+def
[1110001 0100000 0010000 0001111 0000111 0000010 0000001]0110101
[1000001 0100001 0010001 0001001 0000101 0000011 0000001]0000001
[1000001 0100001 0010001 0001001 0000101 0000010 0000001]0000001
[1000001 0100001 0010001 0001001 0000100 0000011 0000001]0000001
[0100000 1110000 0010000 0000110 0001100 0000010 0000001]0110110
stabSize=3072

anf=1+c+abc+d+bd+e+ae+def
[1110001 0100000 0010000 0001111 0000111 0000010 0000001]0110101
[1000001 0100001 0010001 0001001 0000101 0000011 0000001]0000001
[1000001 0100001 0010001 0001001 0000101 0000010 0000001]0000001
[1000001 0100001 0010001 0001001 0000100 0000011 0000001]0000001
[0100000 1110000 0010000 0000110 0001100 0000010 0000001]0110110
stabSize=3072

anf=a+b+abc+d+bd+e+ae+def
[1000001 0100001 0010001 0001001 0000101 0000011 0000001]0000001
[1000001 0100001 0010001 0001001 0000101 0000010 0000001]0000001
[1000001 0100001 0010001 0001001 0000100 0000011 0000001]0000001
[0001010 0001101 0000011 1000001 1100000 0010001 0000001]1001010
[0000110 0001101 0000011 0110001 1100000 0010001 0000001]0110110
stabSize=24576

anf=1+a+b+abc+d+bd+e+ae+def
[1000001 0100001 0010001 0001001 0000101 0000011 0000001]0000001
[1000001 0100001 0010001 0001001 0000101 0000010 0000001]0000001
[1000001 0100001 0010001 0001001 0000100 0000011 0000001]0000001
[0001010 0001101 0000011 1000001 1100000 0010001 0000001]1001010
[0000110 0001101 0000011 0110001 1100000 0010001 0000001]0110110
stabSize=24576

anf=c+abc+bd+ae+def
[1000001 0100001 0010000 0001001 0000111 0000010 0000001]0000010
[0100000 1000000 0010000 0000100 0001000 0000010 0000001]0000000
[1000000 0100000 0010001 0001000 0000100 0000010 0000001]0000000
[1000001 0100000 0010000 0001000 0000101 0000011 0000001]0000001
[1000000 0100000 0010000 0001000 0000100 0000011 0000001]0000000
[1000001 0100001 0010001 0001001 0000101 0000011 0000001]0000001
stabSize=1024

anf=1+c+abc+bd+ae+def
[1000001 0100001 0010000 0001001 0000111 0000010 0000001]0000010
[0100000 1000000 0010000 0000100 0001000 0000010 0000001]0000000
[1000000 0100000 0010001 0001000 0000100 0000010 0000001]0000000
[1000001 0100000 0010000 0001000 0000101 0000011 0000001]0000001
[1000000 0100000 0010000 0001000 0000100 0000011 0000001]0000000
[1000001 0100001 0010001 0001001 0000101 0000011 0000001]0000001
stabSize=1024

anf=a+b+abc+bd+ae+def
[1000001 0100001 0010000 0001001 0000111 0000010 0000001]0000010
[1000001 0100001 0010000 0001001 0000100 0000010 0000001]0000001
[1010000 0100000 0010000 0001011 0000111 0000010 0000001]0010000
[1000001 0100001 0010001 0001001 0000101 0000011 0000001]0000001
[1000001 0100001 0010001 0001001 0000101 0000010 0000001]0000001
[1000001 0100001 0010001 0001001 0000100 0000011 0000001]0000001
[0110000 1010000 0010000 0000100 0001000 0000010 0000001]0000000
stabSize=4096

anf=1+a+b+abc+bd+ae+def
[1000001 0100001 0010000 0001001 0000111 0000010 0000001]0000010
[1000001 0100001 0010000 0001001 0000100 0000010 0000001]0000001
[1010000 0100000 0010000 0001011 0000111 0000010 0000001]0010000
[1000001 0100001 0010001 0001001 0000101 0000011 0000001]0000001
[1000001 0100001 0010001 0001001 0000101 0000010 0000001]0000001
[1000001 0100001 0010001 0001001 0000100 0000011 0000001]0000001
[0110000 1010000 0010000 0000100 0001000 0000010 0000001]0000000
stabSize=4096

anf=a+abc+bd+ae+def
[1000000 0100000 0010000 0001011 0000110 0000011 0000001]0000000
[1010000 0100000 0010000 0001011 0000111 0000010 0000001]0010000
[0001101 0000100 0000011 1110001 0100001 0010001 0000001]0110101
[1000001 0100001 0010001 0001001 0000101 0000011 0000001]0000001
[1000001 0100001 0010001 0001001 0000101 0000010 0000001]0000001
stabSize=4096

anf=1+a+abc+bd+ae+def
[1000000 0100000 0010000 0001011 0000110 0000011 0000001]0000000
[1010000 0100000 0010000 0001011 0000111 0000010 0000001]0010000
[0001101 0000100 0000011 1110001 0100001 0010001 0000001]0110101
[1000001 0100001 0010001 0001001 0000101 0000011 0000001]0000001
[1000001 0100001 0010001 0001001 0000101 0000010 0000001]0000001
stabSize=4096

anf=abc+bd+ae+def
[1010001 0100001 0010000 0001010 0000111 0000010 0000001]0010001
[1000001 0100001 0010001 0001001 0000101 0000011 0000001]0000001
[1000001 0100001 0010001 0001001 0000101 0000010 0000001]0000001
[1000001 0100001 0010001 0001001 0000100 0000011 0000001]0000001
[0000100 0001010 0000011 0110000 1010000 0010001 0000001]0000010
[0001000 0000110 0000011 1000000 0100000 0010001 0000001]0000010
stabSize=8192

anf=1+abc+bd+ae+def
[1010001 0100001 0010000 0001010 0000111 0000010 0000001]0010001
[1000001 0100001 0010001 0001001 0000101 0000011 0000001]0000001
[1000001 0100001 0010001 0001001 0000101 0000010 0000001]0000001
[1000001 0100001 0010001 0001001 0000100 0000011 0000001]0000001
[0000100 0001010 0000011 0110000 1010000 0010001 0000001]0000010
[0001000 0000110 0000011 1000000 0100000 0010001 0000001]0000010
stabSize=8192

anf=abc+ad+def+g
[1100000 0100000 0010000 0001000 0000100 0000010 0000001]0100000
[0001100 0000110 0000010 1000000 0110000 0010000 0000001]0010110
[1100000 0010000 0100000 0001000 0000100 0000010 0000001]0100000
[1010000 0110000 0010000 0001010 0000110 0000010 0000001]0000000
stabSize=1152

anf=b+abc+ad+e+def
[1010000 0100001 0010000 0001011 0000110 0000010 0000001]0010000
[0001010 0000100 0000010 1010000 0100001 0010001 0000001]0010011
[1000000 0100000 0010000 0001000 0000100 0000011 0000001]0000000
[1000001 0100001 0010001 0001011 0000110 0000010 0000001]0000001
[1000001 0100001 0010001 0001001 0000101 0000011 0000001]0000001
stabSize=4096

anf=1+b+abc+ad+e+def
[1010000 0100001 0010000 0001011 0000110 0000010 0000001]0010000
[0001010 0000100 0000010 1010000 0100001 0010001 0000001]0010011
[1000000 0100000 0010000 0001000 0000100 0000011 0000001]0000000
[1000001 0100001 0010001 0001011 0000110 0000010 0000001]0000001
[1000001 0100001 0010001 0001001 0000101 0000011 0000001]0000001
stabSize=4096

anf=b+abc+d+ad+def
[1000000 0110001 0010001 0001010 0000100 0000110 0000001]0010110
[1000001 0100001 0010001 0001001 0000101 0000010 0000001]0000001
[1010000 0100000 0010001 0001010 0000100 0000111 0000001]0010110
[1000001 0100001 0010001 0001001 0000100 0000010 0000001]0000001
[1000001 0100001 0010001 0001001 0000101 0000011 0000001]0000001
[1000001 0100001 0010001 0001001 0000011 0000100 0000001]0000001
stabSize=12288

anf=1+b+abc+d+ad+def
[1000000 0110001 0010001 0001010 0000100 0000110 0000001]0010110
[1000001 0100001 0010001 0001001 0000101 0000010 0000001]0000001
[1010000 0100000 0010001 0001010 0000100 0000111 0000001]0010110
[1000001 0100001 0010001 0001001 0000100 0000010 0000001]0000001
[1000001 0100001 0010001 0001001 0000101 0000011 0000001]0000001
[1000001 0100001 0010001 0001001 0000011 0000100 0000001]0000001
stabSize=12288

anf=a+abc+d+ad+def
[1000001 0100001 0010001 0001001 0000101 0000011 0000001]0000001
[1000001 0100001 0010001 0001001 0000011 0000100 0000001]0000001
[0001110 0000110 0000011 1100000 0010001 0110000 0000001]0110101
[1100001 0010001 0100001 0001010 0000011 0000100 0000001]0100010
stabSize=147456

anf=1+a+abc+d+ad+def
[1000001 0100001 0010001 0001001 0000101 0000011 0000001]0000001
[1000001 0100001 0010001 0001001 0000011 0000100 0000001]0000001
[0001110 0000110 0000011 1100000 0010001 0110000 0000001]0110101
[1100001 0010001 0100001 0001010 0000011 0000100 0000001]0100010
stabSize=147456

anf=b+abc+ad+def
[1000000 0110001 0010001 0001010 0000100 0000110 0000001]0010110
[1000001 0100001 0010001 0001001 0000101 0000010 0000001]0000001
[1010000 0100000 0010001 0001010 0000100 0000111 0000001]0010110
[1000001 0100001 0010001 0001001 0000100 0000010 0000001]0000001
[1000001 0100001 0010001 0001001 0000101 0000011 0000001]0000001
[1000001 0100001 0010001 0001001 0000011 0000100 0000001]0000001
stabSize=12288

anf=1+b+abc+ad+def
[1000000 0110001 0010001 0001010 0000100 0000110 0000001]0010110
[1000001 0100001 0010001 0001001 0000101 0000010 0000001]0000001
[1010000 0100000 0010001 0001010 0000100 0000111 0000001]0010110
[1000001 0100001 0010001 0001001 0000100 0000010 0000001]0000001
[1000001 0100001 0010001 0001001 0000101 0000011 0000001]0000001
[1000001 0100001 0010001 0001001 0000011 0000100 0000001]0000001
stabSize=12288

anf=a+abc+ad+def
[1110001 0100001 0110000 0001011 0000100 0000110 0000001]0010111
[1000001 0100001 0010001 0001001 0000101 0000011 0000001]0000001
[1000001 0100001 0010001 0001001 0000011 0000100 0000001]0000001
[1000001 0010001 0100001 0001000 0000101 0000010 0000001]0000001
stabSize=73728

anf=1+a+abc+ad+def
[1110001 0100001 0110000 0001011 0000100 0000110 0000001]0010111
[1000001 0100001 0010001 0001001 0000101 0000011 0000001]0000001
[1000001 0100001 0010001 0001001 0000011 0000100 0000001]0000001
[1000001 0010001 0100001 0001000 0000101 0000010 0000001]0000001
stabSize=73728

anf=abc+ad+def
[1000001 0100001 0010001 0001001 0000101 0000011 0000001]0000001
[1000001 0100001 0010001 0001001 0000011 0000100 0000001]0000001
[0001110 0000110 0000011 1100000 0010001 0110000 0000001]0110101
[1100001 0010001 0100001 0001010 0000011 0000100 0000001]0100010
stabSize=147456

anf=1+abc+ad+def
[1000001 0100001 0010001 0001001 0000101 0000011 0000001]0000001
[1000001 0100001 0010001 0001001 0000011 0000100 0000001]0000001
[0001110 0000110 0000011 1100000 0010001 0110000 0000001]0110101
[1100001 0010001 0100001 0001010 0000011 0000100 0000001]0100010
stabSize=147456

anf=abc+def+g
[0001000 0001100 0000010 1000000 0110000 0100000 0000001]0101000
[0000010 0001010 0000100 1010000 1110000 1000000 0000001]0010010
[1000000 0100000 0010000 0000110 0001100 0000100 0000001]0000000
stabSize=56448

anf=a+abc+d+def
[1000001 0100001 0010001 0001001 0000101 0000011 0000001]0000001
[1000000 0100000 0010000 0001000 0000010 0000100 0000001]0000000
[0001011 0000111 0000010 1100001 0100000 0010001 0000001]0100001
stabSize=147456

anf=1+a+abc+d+def
[1000001 0100001 0010001 0001001 0000101 0000011 0000001]0000001
[1000000 0100000 0010000 0001000 0000010 0000100 0000001]0000000
[0001011 0000111 0000010 1100001 0100000 0010001 0000001]0100001
stabSize=147456

anf=a+abc+def
[1110001 0100001 0010000 0001010 0000010 0000110 0000001]0110001
[1000000 0010001 0100000 0000100 0001001 0001111 0000001]0001101
[1010000 0110001 0010001 0001110 0000010 0000101 0000001]0000111
stabSize=516096

anf=1+a+abc+def
[1110001 0100001 0010000 0001010 0000010 0000110 0000001]0110001
[1000000 0010001 0100000 0000100 0001001 0001111 0000001]0001101
[1010000 0110001 0010001 0001110 0000010 0000101 0000001]0000111
stabSize=516096

anf=abc+def
[0000100 0001111 0000110 0100001 1010000 1000001 0000001]1000011
[0001000 0000100 0001111 1010000 1000001 0110001 0000001]1011100
stabSize=7225344

anf=1+abc+def
[0000100 0001111 0000110 0100001 1010000 1000001 0000001]1000011
[0001000 0000100 0001111 1010000 1000001 0110001 0000001]1011100
stabSize=7225344

anf=a+bc+abc+cd+be+ade+fg
[1001000 0101100 0101000 0110100 0100000 0000011 0000010]0100010
[1000000 0000100 0101000 0010100 0100000 0000001 0000010]0000000
[1000000 0010000 0100000 0000100 0001000 0000001 0000010]0000000
stabSize=360

anf=bc+abc+cd+be+ade+fg
[1000000 0101000 0010000 0001000 0010100 0000001 0000011]1000001
[1001000 0011000 0101000 0110100 0001000 0000010 0000001]1101000
[1000000 0100000 0010000 0001000 0000100 0000001 0000010]0000000
stabSize=720

anf=1+bc+abc+cd+be+ade+fg
[1000000 0101000 0010000 0001000 0010100 0000001 0000011]1000001
[1001000 0011000 0101000 0110100 0001000 0000010 0000001]1101000
[1000000 0100000 0010000 0001000 0000100 0000001 0000010]0000000
stabSize=720

anf=c+abc+bd+ade+fg
[1000000 0100000 0010000 0001000 0000100 0000001 0000010]0000000
[1001000 0110100 0010100 0101100 0000100 0000001 0000010]0001000
[1000000 0100000 0010000 0001100 0000100 0000001 0000011]0000101
[1000100 0100100 0010100 0111100 0000100 0000010 0000001]0000100
stabSize=192

anf=1+c+abc+bd+ade+fg
[1000000 0100000 0010000 0001000 0000100 0000001 0000010]0000000
[1001000 0110100 0010100 0101100 0000100 0000001 0000010]0001000
[1000000 0100000 0010000 0001100 0000100 0000001 0000011]0000101
[1000100 0100100 0010100 0111100 0000100 0000010 0000001]0000100
stabSize=192

anf=a+abc+bd+ade+fg
[1010100 0011100 0000100 0110100 0010000 0000011 0000010]0000010
[1000100 0001000 0000100 0100000 0010000 0000010 0000001]0000100
[1010100 0110000 0010000 0001000 0000100 0000001 0000010]0000100
[1011000 0011000 0010100 0101100 0010000 0000001 0000010]0011000
stabSize=1152

anf=1+a+abc+bd+ade+fg
[1010100 0011100 0000100 0110100 0010000 0000011 0000010]0000010
[1000100 0001000 0000100 0100000 0010000 0000010 0000001]0000100
[1010100 0110000 0010000 0001000 0000100 0000001 0000010]0000100
[1011000 0011000 0010100 0101100 0010000 0000001 0000010]0011000
stabSize=1152

anf=abc+bd+ade+fg
[1010100 0011100 0000100 0110100 0010000 0000011 0000010]0000010
[1000100 0001000 0000100 0100000 0010000 0000010 0000001]0000100
[1010100 0110000 0010000 0001000 0000100 0000001 0000010]0000100
[1011000 0011000 0010100 0101100 0010000 0000001 0000010]0011000
stabSize=1152

anf=1+abc+bd+ade+fg
[1010100 0011100 0000100 0110100 0010000 0000011 0000010]0000010
[1000100 0001000 0000100 0100000 0010000 0000010 0000001]0000100
[1010100 0110000 0010000 0001000 0000100 0000001 0000010]0000100
[1011000 0011000 0010100 0101100 0010000 0000001 0000010]0011000
stabSize=1152

anf=b+bc+abc+d+ade+fg
[1000000 0100000 0010000 0001000 0000100 0000001 0000010]0000000
[1000000 0110000 0010000 0001000 0000100 0000011 0000001]0010001
[1010100 0001100 0000100 0110000 0010000 0000001 0000011]1000101
[1010000 0110000 0010000 0001000 0000100 0000001 0000010]0010000
stabSize=192

anf=b+bc+abc+ade+fg
[1000000 0100000 0010000 0000100 0001000 0000001 0000010]0000000
[1000000 0100000 0010000 0001000 0000100 0000001 0000010]0000000
[1010000 0110000 0010000 0001000 0000100 0000001 0000010]0010000
[1001100 0100000 0010000 0001000 0000100 0000010 0000001]0001100
[1000000 0110000 0010000 0000100 0001100 0000011 0000010]0010110
stabSize=576

anf=1+b+bc+abc+ade+fg
[1000000 0100000 0010000 0000100 0001000 0000001 0000010]0000000
[1000000 0100000 0010000 0001000 0000100 0000001 0000010]0000000
[1010000 0110000 0010000 0001000 0000100 0000001 0000010]0010000
[1001100 0100000 0010000 0001000 0000100 0000010 0000001]0001100
[1000000 0110000 0010000 0000100 0001100 0000011 0000010]0010110
stabSize=576

anf=a+bc+abc+ade+fg
[1000000 0100000 0010000 0001000 0000100 0000001 0000010]0000000
[1011100 0110000 0010000 0001000 0000100 0000010 0000001]0011100
[1000000 0100000 0010000 0001000 0000100 0000010 0000011]0000010
[1010100 0100000 0010000 0001100 0000100 0000010 0000001]0000000
[1110100 0100000 0110000 0001000 0001100 0000011 0000010]0101110
stabSize=3456

anf=bc+abc+ade+fg
[1000000 0100000 0010000 0001000 0000100 0000001 0000010]0000000
[1011100 0110000 0010000 0001000 0000100 0000010 0000001]0011100
[1000100 0001000 0000100 0100000 0110000 0000001 0000011]1100001
stabSize=6912

anf=1+bc+abc+ade+fg
[1000000 0100000 0010000 0001000 0000100 0000001 0000010]0000000
[1011100 0110000 0010000 0001000 0000100 0000010 0000001]0011100
[1000100 0001000 0000100 0100000 0110000 0000001 0000011]1100001
stabSize=6912

anf=b+abc+ade+fg
[1000000 0100000 0010000 0001000 0000100 0000001 0000010]0000000
[1000000 0110100 0010000 0011100 0000100 0000011 0000001]0010101
[1000000 0100000 0010000 0000100 0001000 0000010 0000001]0000000
[1010000 0101000 0010000 0010100 0001000 0000010 0000001]0010000
[1001000 0100000 0010000 0001000 0000100 0000010 0000001]0001000
stabSize=2304

anf=1+b+abc+ade+fg
[1000000 0100000 0010000 0001000 0000100 0000001 0000010]0000000
[1000000 0110100 0010000 0011100 0000100 0000011 0000001]0010101
[1000000 0100000 0010000 0000100 0001000 0000010 0000001]0000000
[1010000 0101000 0010000 0010100 0001000 0000010 0000001]0010000
[1001000 0100000 0010000 0001000 0000100 0000010 0000001]0001000
stabSize=2304

anf=a+abc+ade+fg
[1000000 0100000 0010000 0001000 0000100 0000001 0000010]0000000
[1011100 0111000 0001100 0101100 0110000 0000001 0000011]0110101
[1010000 0010000 0101000 0010100 0001000 0000010 0000001]0010000
stabSize=69120

anf=1+a+abc+ade+fg
[1000000 0100000 0010000 0001000 0000100 0000001 0000010]0000000
[1011100 0111000 0001100 0101100 0110000 0000001 0000011]0110101
[1010000 0010000 0101000 0010100 0001000 0000010 0000001]0010000
stabSize=69120

anf=abc+ade+fg
[1000000 0100000 0010000 0001000 0000100 0000001 0000010]0000000
[1011100 0111000 0001100 0101100 0110000 0000001 0000011]0110101
[1010000 0010000 0101000 0010100 0001000 0000010 0000001]0010000
stabSize=69120

anf=1+abc+ade+fg
[1000000 0100000 0010000 0001000 0000100 0000001 0000010]0000000
[1011100 0111000 0001100 0101100 0110000 0000001 0000011]0110101
[1010000 0010000 0101000 0010100 0001000 0000010 0000001]0010000
stabSize=69120

anf=a+abc+ce+ade+df+bg
[1000011 0110110 0010011 0011101 0000111 0000010 0000001]0000011
[1000000 0001000 0000100 0100000 0010000 0000001 0000010]0000000
[1000000 0100001 0010000 0001010 0000100 0000010 0000001]0000011
[1000000 0101101 0010001 0011001 0010110 0000011 0000001]0010000
stabSize=384

anf=abc+ce+ade+df+bg
[1000011 0110110 0010011 0011101 0000111 0000010 0000001]0000011
[1000000 0001000 0000100 0100000 0010000 0000001 0000010]0000000
[1000000 0100100 0010000 0011001 0000100 0000010 0000001]1000000
[1000000 0101101 0010001 0011001 0010110 0000011 0000001]0010000
stabSize=768

anf=1+abc+ce+ade+df+bg
[1000011 0110110 0010011 0011101 0000111 0000010 0000001]0000011
[1000000 0001000 0000100 0100000 0010000 0000001 0000010]0000000
[1000000 0100100 0010000 0011001 0000100 0000010 0000001]1000000
[1000000 0101101 0010001 0011001 0010110 0000011 0000001]0010000
stabSize=768

anf=c+abc+ade+f+df+bg
[1010111 0110111 0010000 0011101 0000100 0000010 0000001]0010111
[1000000 0100000 0010000 0001010 0000100 0000010 0000001]0000000
[1010010 0100111 0010000 0011111 0000100 0000010 0000001]0010010
[1010110 0111011 0010001 0001010 0010111 0000011 0000001]1010110
[1010010 0111110 0010001 0011010 0010111 0000011 0000001]1000100
stabSize=512

anf=abc+ade+f+df+bg
[1000000 0100000 0010000 0001010 0000100 0000010 0000001]0000000
[1010001 0110001 0010000 0001000 0000100 0000010 0000001]0010001
[1000101 0110001 0010000 0001010 0000100 0000010 0000001]0000101
[1000101 0111001 0010000 0011100 0010100 0000011 0000001]0010001
[1000000 0110101 0010000 0011100 0000100 0000010 0000001]0010101
[1000100 0101010 0010000 0001001 0010100 0000011 0000001]0000100
[1010101 0110101 0010000 0011000 0000100 0000010 0000001]0010101
stabSize=1024

anf=1+abc+ade+f+df+bg
[1000000 0100000 0010000 0001010 0000100 0000010 0000001]0000000
[1010001 0110001 0010000 0001000 0000100 0000010 0000001]0010001
[1000101 0110001 0010000 0001010 0000100 0000010 0000001]0000101
[1000101 0111001 0010000 0011100 0010100 0000011 0000001]0010001
[1000000 0110101 0010000 0011100 0000100 0000010 0000001]0010101
[1000100 0101010 0010000 0001001 0010100 0000011 0000001]0000100
[1010101 0110101 0010000 0011000 0000100 0000010 0000001]0010101
stabSize=1024

anf=c+abc+ade+df+bg
[1000100 0100100 0010100 0111110 0000100 0000010 0000011]0000100
[1000101 0110110 0010000 0011011 0000100 0000010 0000001]0000101
[1000100 0100110 0010000 0011011 0000100 0000010 0000001]0000100
[1000110 0100110 0010100 0111011 0000100 0000010 0000011]0000110
[1000110 0100100 0010111 0111100 0000110 0000010 0000011]1000100
stabSize=1024

anf=a+abc+ade+df+bg
[1000011 0111111 0010000 0001110 0010100 0000011 0000001]0000011
[1010010 0011100 0010100 0101001 0010000 0000001 0000011]0000001
[1000111 0110010 0010100 0111101 0000100 0000010 0000011]0000110
[1000100 0100100 0010100 0111100 0000100 0000010 0000011]0000100
stabSize=6144

anf=abc+ade+df+bg
[1000011 0111111 0010000 0001110 0010100 0000011 0000001]0000011
[1010010 0001110 0000110 0100001 0010001 0000001 0000010]1000001
[1000100 0100100 0010100 0111100 0000100 0000010 0000011]0000100
stabSize=12288

anf=1+abc+ade+df+bg
[1000011 0111111 0010000 0001110 0010100 0000011 0000001]0000011
[1010010 0001110 0000110 0100001 0010001 0000001 0000010]1000001
[1000100 0100100 0010100 0111100 0000100 0000010 0000011]0000100
stabSize=12288

anf=abc+d+ade+cf+bg
[1000010 0100010 0110001 0001000 0000100 0000010 0000011]0000010
[1000010 0100000 0110010 0001000 0000100 0000010 0000011]0000010
[1000100 0100000 0010000 0001000 0000100 0000010 0000001]0000100
[1000010 0110001 0100010 0001000 0000100 0000011 0000010]0000010
[1000001 0010011 0110000 0001100 0000100 0000001 0000011]0000111
stabSize=192

anf=1+abc+d+ade+cf+bg
[1000010 0100010 0110001 0001000 0000100 0000010 0000011]0000010
[1000010 0100000 0110010 0001000 0000100 0000010 0000011]0000010
[1000100 0100000 0010000 0001000 0000100 0000010 0000001]0000100
[1000010 0110001 0100010 0001000 0000100 0000011 0000010]0000010
[1000001 0010011 0110000 0001100 0000100 0000001 0000011]0000111
stabSize=192

anf=a+abc+ade+cf+bg
[1000010 0100010 0110001 0001000 0000100 0000010 0000011]0000010
[1001000 0010001 0100010 0001000 0000100 0000001 0000010]0001000
[1000001 0110001 0010000 0000100 0001000 0000011 0000001]0000001
[1001001 0110011 0010001 0000100 0001100 0000011 0000001]0001100
stabSize=1152

anf=1+a+abc+ade+cf+bg
[1000010 0100010 0110001 0001000 0000100 0000010 0000011]0000010
[1001000 0010001 0100010 0001000 0000100 0000001 0000010]0001000
[1000001 0110001 0010000 0000100 0001000 0000011 0000001]0000001
[1001001 0110011 0010001 0000100 0001100 0000011 0000001]0001100
stabSize=1152

anf=abc+ade+cf+bg
[1000010 0100010 0110001 0001000 0000100 0000010 0000011]0000010
[1001000 0010001 0100010 0001000 0000100 0000001 0000010]0001000
[1000001 0110001 0010000 0000100 0001000 0000011 0000001]0000001
[1001001 0110011 0010001 0000100 0001100 0000011 0000001]0001100
stabSize=1152

anf=1+abc+ade+cf+bg
[1000010 0100010 0110001 0001000 0000100 0000010 0000011]0000010
[1001000 0010001 0100010 0001000 0000100 0000001 0000010]0001000
[1000001 0110001 0010000 0000100 0001000 0000011 0000001]0000001
[1001001 0110011 0010001 0000100 0001100 0000011 0000001]0001100
stabSize=1152

anf=abc+cd+e+ade+bf+ag
[1000011 0100011 0010000 0001000 0000100 0000010 0000001]0000011
[1010001 0110001 0010000 0001110 0000100 0000010 0000001]0010001
[1010001 0100000 0010000 0001100 0000100 0000010 0000001]0010001
[1101001 0100111 0010000 0011000 0000101 0000011 0000001]0010001
[1001111 0110000 0010001 0001111 0000101 0000010 0000001]0010000
[1000000 0110111 0010000 0011111 0000100 0000010 0000001]0000000
stabSize=1024

anf=abc+cd+ade+bf+ag
[1001110 0100101 0010001 0011101 0000101 0000010 0000001]0010101
[1010110 0110110 0010000 0011110 0000100 0000010 0000001]0010110
[1111011 0110101 0010000 0011010 0000101 0000011 0000001]0010000
[1000011 0110010 0010000 0001010 0000100 0000010 0000001]0000011
[1010101 0110101 0010000 0011011 0000100 0000010 0000001]0010101
[1000000 0100000 0010000 0001101 0000100 0000010 0000001]0000000
[1000101 0100000 0010000 0001000 0000100 0000010 0000001]0000101
stabSize=2048

anf=1+abc+cd+ade+bf+ag
[1001110 0100101 0010001 0011101 0000101 0000010 0000001]0010101
[1010110 0110110 0010000 0011110 0000100 0000010 0000001]0010110
[1111011 0110101 0010000 0011010 0000101 0000011 0000001]0010000
[1000011 0110010 0010000 0001010 0000100 0000010 0000001]0000011
[1010101 0110101 0010000 0011011 0000100 0000010 0000001]0010101
[1000000 0100000 0010000 0001101 0000100 0000010 0000001]0000000
[1000101 0100000 0010000 0001000 0000100 0000010 0000001]0000101
stabSize=2048

anf=c+abc+ade+bf+g+ag
[1000000 0100000 0010000 0000100 0001000 0000010 0000001]0000000
[1000100 0111011 0010000 0001000 0011101 0000010 0000001]0000110
[1000010 0110100 0010000 0011101 0000100 0000010 0000001]0000010
[1001000 0101000 0010000 0011101 0001000 0000010 0000001]0001000
[1001101 0101100 0010000 0011001 0001100 0000010 0000001]0001000
[1100000 0101000 0010000 0011101 0001000 0000011 0000001]0100000
stabSize=6144

anf=abc+ade+bf+g+ag
[1110110 0100000 0010000 0001100 0001000 0000011 0000001]0101100
[1000000 0100000 0010000 0000100 0001000 0000010 0000001]0000000
[1100011 0101001 0010000 0001000 0010100 0000011 0000001]0100011
[1100111 0110111 0010000 0000100 0011000 0000011 0000001]0100111
[1010110 0110110 0010000 0000100 0011000 0000010 0000001]0010110
stabSize=12288

anf=1+abc+ade+bf+g+ag
[1110110 0100000 0010000 0001100 0001000 0000011 0000001]0101100
[1000000 0100000 0010000 0000100 0001000 0000010 0000001]0000000
[1100011 0101001 0010000 0001000 0010100 0000011 0000001]0100011
[1100111 0110111 0010000 0000100 0011000 0000011 0000001]0100111
[1010110 0110110 0010000 0000100 0011000 0000010 0000001]0010110
stabSize=12288

anf=abc+d+ade+bf+ag
[1000000 0100000 0010000 0001101 0000100 0000010 0000001]0000000
[1010101 0110101 0010000 0011101 0000100 0000010 0000001]0010101
[1010010 0110010 0010000 0001000 0000100 0000010 0000001]0010010
[1010101 0101111 0010000 0011000 0010100 0000010 0000001]0010101
[1010101 0111011 0010000 0011101 0010100 0000010 0000001]0010101
[1101111 0110010 0010001 0001001 0000101 0000011 0000001]0000011
stabSize=8192

anf=c+abc+ade+bf+ag
[1110010 0100000 0010001 0000101 0001100 0000011 0000001]0001001
[1000011 0100011 0010000 0000100 0001101 0000010 0000001]0000011
[1011101 0100001 0010000 0001100 0001000 0000010 0000001]0000100
[1000000 0100000 0010000 0001000 0001101 0000010 0000001]0000000
[1000110 0110000 0010000 0000100 0001000 0000010 0000001]0000110
stabSize=6144

anf=abc+ade+bf+ag
[1110011 0110011 0010001 0000101 0001101 0000011 0000001]0001111
[1000000 0100000 0010000 0001000 0001101 0000010 0000001]0000000
[1011010 0111010 0010000 0010100 0011101 0000010 0000001]0011010
[1000100 0100100 0010000 0000100 0011101 0000010 0000001]0000100
stabSize=49152

anf=1+abc+ade+bf+ag
[1110011 0110011 0010001 0000101 0001101 0000011 0000001]0001111
[1000000 0100000 0010000 0001000 0001101 0000010 0000001]0000000
[1011010 0111010 0010000 0010100 0011101 0000010 0000001]0011010
[1000100 0100100 0010000 0000100 0011101 0000010 0000001]0000100
stabSize=49152

anf=abc+cd+ade+bf+g
[1000100 0100100 0010000 0011001 0000100 0000010 0000001]0000100
[1010110 0110110 0010000 0011110 0000100 0000010 0000001]0010110
[1000010 0110110 0010000 0011011 0000100 0000010 0000001]0000010
[1011101 0101001 0010001 0011111 0010110 0000011 0000001]1110010
[1011101 0110010 0010001 0001011 0000100 0000011 0000001]0101011
stabSize=1024

anf=abc+cd+e+ade+bf
[1010000 0100000 0010000 0001100 0000101 0000010 0000001]0010000
[1000001 0100001 0010001 0001001 0000101 0000011 0000001]0000001
[1010011 0110011 0010000 0001111 0000101 0000011 0000001]0010011
[1000001 0100001 0010001 0001001 0000101 0000010 0000001]0000001
[1000010 0111110 0010000 0011000 0010111 0000011 0000001]1010011
stabSize=4096

anf=c+abc+cd+ade+bf
[1000001 0100100 0010001 0011001 0000100 0000010 0000001]0000001
[1000111 0110000 0010000 0001011 0000101 0000010 0000001]0000111
[1000101 0100011 0010000 0001100 0000100 0000011 0000001]0000010
[1000001 0100001 0010001 0001001 0000100 0000010 0000001]0000001
[1000101 0100001 0010000 0001101 0000100 0000011 0000001]0000000
[1000001 0100001 0010001 0001001 0000101 0000011 0000001]0000001
[1000101 0100101 0010000 0011000 0000101 0000010 0000001]0000101
[1000001 0100001 0010001 0001001 0000101 0000010 0000001]0000001
stabSize=4096

anf=1+c+abc+cd+ade+bf
[1000001 0100100 0010001 0011001 0000100 0000010 0000001]0000001
[1000111 0110000 0010000 0001011 0000101 0000010 0000001]0000111
[1000101 0100011 0010000 0001100 0000100 0000011 0000001]0000010
[1000001 0100001 0010001 0001001 0000100 0000010 0000001]0000001
[1000101 0100001 0010000 0001101 0000100 0000011 0000001]0000000
[1000001 0100001 0010001 0001001 0000101 0000011 0000001]0000001
[1000101 0100101 0010000 0011000 0000101 0000010 0000001]0000101
[1000001 0100001 0010001 0001001 0000101 0000010 0000001]0000001
stabSize=4096

anf=a+abc+cd+ade+bf
[1000100 0100000 0010001 0001000 0000100 0000011 0000001]0000100
[1000001 0100001 0010001 0001001 0000101 0000011 0000001]0000001
[1000110 0100111 0010001 0011001 0000100 0000010 0000001]0010110
[1010110 0110110 0010000 0011111 0000100 0000011 0000001]0010110
[1000001 0100001 0010001 0001001 0000101 0000010 0000001]0000001
[1010010 0110110 0010000 0011011 0000100 0000010 0000001]0010111
[1010110 0100000 0010001 0001001 0000100 0000011 0000001]0000001
[1000111 0110011 0010000 0001011 0000100 0000010 0000001]0000111
[1000000 0100000 0010000 0001000 0000101 0000010 0000001]0000000
stabSize=8192

anf=abc+cd+ade+bf
[1000100 0100000 0010001 0001000 0000100 0000011 0000001]0000100
[1000001 0100001 0010001 0001001 0000101 0000011 0000001]0000001
[1000110 0100111 0010001 0011001 0000100 0000010 0000001]0010110
[1010110 0110110 0010000 0011111 0000100 0000011 0000001]0010110
[1000111 0111001 0010001 0011101 0010111 0000010 0000001]1010110
[1000001 0100001 0010001 0001001 0000101 0000010 0000001]0000001
stabSize=16384

anf=1+abc+cd+ade+bf
[1000100 0100000 0010001 0001000 0000100 0000011 0000001]0000100
[1000001 0100001 0010001 0001001 0000101 0000011 0000001]0000001
[1000110 0100111 0010001 0011001 0000100 0000010 0000001]0010110
[1010110 0110110 0010000 0011111 0000100 0000011 0000001]0010110
[1000111 0111001 0010001 0011101 0010111 0000010 0000001]1010110
[1000001 0100001 0010001 0001001 0000101 0000010 0000001]0000001
stabSize=16384

anf=abc+ade+bf+g
[1011100 0111100 0010000 0011000 0010100 0000010 0000001]0011100
[1000000 0100011 0010000 0000100 0001000 0000010 0000001]0000000
[1000000 0100000 0010000 0000100 0001000 0000010 0000001]0000000
[1000010 0110011 0010000 0001100 0000100 0000010 0000001]0000100
[1000010 0110010 0010000 0001000 0000100 0000010 0000001]0000010
[1001100 0100100 0010000 0011000 0000100 0000010 0000001]0001100
stabSize=3072

anf=abc+d+ade+f+bf
[1000101 0100000 0010001 0001100 0000101 0000010 0000001]0000001
[1011010 0111010 0010001 0001001 0010100 0000011 0000001]0011010
[1000101 0100101 0010000 0011001 0000101 0000011 0000001]0000101
[1000001 0100001 0010001 0001001 0000101 0000010 0000001]0000001
[1011111 0101110 0010001 0011000 0010100 0000011 0000001]0011111
[1000000 0100011 0010001 0001001 0000101 0000010 0000001]0000000
[1000101 0100000 0010000 0001001 0000100 0000010 0000001]0000101
stabSize=16384

anf=c+abc+ade+f+bf
[1000001 0100001 0010001 0001001 0000101 0000011 0000001]0000001
[1010010 0110010 0010001 0001001 0000101 0000010 0000001]0010010
[1000001 0100001 0010001 0000100 0001001 0000010 0000001]0000001
[1001001 0100000 0010001 0001001 0000100 0000010 0000001]0001001
[1000000 0100011 0010001 0001001 0000101 0000010 0000001]0000000
[1000001 0110001 0010000 0001101 0001001 0000010 0000001]0011010
stabSize=24576

anf=1+c+abc+ade+f+bf
[1000001 0100001 0010001 0001001 0000101 0000011 0000001]0000001
[1010010 0110010 0010001 0001001 0000101 0000010 0000001]0010010
[1000001 0100001 0010001 0000100 0001001 0000010 0000001]0000001
[1001001 0100000 0010001 0001001 0000100 0000010 0000001]0001001
[1000000 0100011 0010001 0001001 0000101 0000010 0000001]0000000
[1000001 0110001 0010000 0001101 0001001 0000010 0000001]0011010
stabSize=24576

anf=abc+ade+f+bf
[1000000 0100000 0010000 0000101 0001101 0000010 0000001]0000100
[1000001 0100001 0010001 0000100 0001001 0000010 0000001]0000001
[1011100 0100101 0010000 0011001 0000100 0000011 0000001]0011100
[1000000 0100000 0010000 0001000 0000100 0000011 0000001]0000000
[1000001 0100001 0010001 0001001 0000101 0000011 0000001]0000001
[1000000 0100011 0010001 0001001 0000101 0000010 0000001]0000000
stabSize=98304

anf=1+abc+ade+f+bf
[1000000 0100000 0010000 0000101 0001101 0000010 0000001]0000100
[1000001 0100001 0010001 0000100 0001001 0000010 0000001]0000001
[1011100 0100101 0010000 0011001 0000100 0000011 0000001]0011100
[1000000 0100000 0010000 0001000 0000100 0000011 0000001]0000000
[1000001 0100001 0010001 0001001 0000101 0000011 0000001]0000001
[1000000 0100011 0010001 0001001 0000101 0000010 0000001]0000000
stabSize=98304

anf=abc+d+ade+bf
[1010101 0110101 0010001 0011101 0000101 0000010 0000001]0000001
[1000000 0100000 0010000 0001000 0000100 0000011 0000001]0000000
[1000000 0111110 0010001 0011000 0010101 0000011 0000001]0000000
[1000000 0100000 0010000 0001000 0000101 0000010 0000001]0000000
[1000101 0100000 0010001 0001000 0000101 0000010 0000001]0000101
[1000000 0110010 0010000 0001101 0000100 0000010 0000001]0010110
[1010110 0110110 0010001 0011001 0000101 0000011 0000001]0010110
[1010011 0110011 0010000 0001001 0000101 0000010 0000001]0010011
[1000001 0100001 0010001 0001001 0000101 0000011 0000001]0000001
stabSize=32768

anf=1+abc+d+ade+bf
[1010101 0110101 0010001 0011101 0000101 0000010 0000001]0000001
[1000000 0100000 0010000 0001000 0000100 0000011 0000001]0000000
[1000000 0111110 0010001 0011000 0010101 0000011 0000001]0000000
[1000000 0100000 0010000 0001000 0000101 0000010 0000001]0000000
[1000101 0100000 0010001 0001000 0000101 0000010 0000001]0000101
[1000000 0110010 0010000 0001101 0000100 0000010 0000001]0010110
[1010110 0110110 0010001 0011001 0000101 0000011 0000001]0010110
[1010011 0110011 0010000 0001001 0000101 0000010 0000001]0010011
[1000001 0100001 0010001 0001001 0000101 0000011 0000001]0000001
stabSize=32768

anf=c+abc+ade+bf
[1000001 0100001 0010001 0001001 0000101 0000011 0000001]0000001
[1000001 0100001 0010001 0000100 0001001 0000010 0000001]0000001
[1001010 0110001 0010000 0001001 0000100 0000010 0000001]0001010
[1001001 0100000 0010001 0001001 0000100 0000010 0000001]0001001
[1000010 0110011 0010001 0001100 0001000 0000010 0000001]0001001
stabSize=12288

anf=a+abc+ade+bf
[1000001 0100001 0010001 0000100 0001001 0000010 0000001]0000001
[1010110 0110110 0010001 0011001 0000101 0000011 0000001]0010110
[1001010 0110010 0010001 0001000 0000101 0000010 0000001]0001010
[1000101 0100101 0010001 0011000 0000100 0000011 0000001]0000101
[1000001 0110011 0010001 0000100 0001100 0000010 0000001]0010111
[1000001 0100001 0010001 0001001 0000101 0000011 0000001]0000001
stabSize=196608

anf=1+a+abc+ade+bf
[1000001 0100001 0010001 0000100 0001001 0000010 0000001]0000001
[1010110 0110110 0010001 0011001 0000101 0000011 0000001]0010110
[1001010 0110010 0010001 0001000 0000101 0000010 0000001]0001010
[1000101 0100101 0010001 0011000 0000100 0000011 0000001]0000101
[1000001 0110011 0010001 0000100 0001100 0000010 0000001]0010111
[1000001 0100001 0010001 0001001 0000101 0000011 0000001]0000001
stabSize=196608

anf=abc+ade+bf
[1000001 0100001 0010001 0000100 0001001 0000010 0000001]0000001
[1010110 0110110 0010001 0011001 0000101 0000011 0000001]0010110
[1001010 0110010 0010001 0001000 0000101 0000010 0000001]0001010
[1000101 0100101 0010001 0011000 0000100 0000011 0000001]0000101
[1000001 0110011 0010001 0000100 0001100 0000010 0000001]0010111
[1000001 0100001 0010001 0001001 0000101 0000011 0000001]0000001
stabSize=196608

anf=1+abc+ade+bf
[1000001 0100001 0010001 0000100 0001001 0000010 0000001]0000001
[1010110 0110110 0010001 0011001 0000101 0000011 0000001]0010110
[1001010 0110010 0010001 0001000 0000101 0000010 0000001]0001010
[1000101 0100101 0010001 0011000 0000100 0000011 0000001]0000101
[1000001 0110011 0010001 0000100 0001100 0000010 0000001]0010111
[1000001 0100001 0010001 0001001 0000101 0000011 0000001]0000001
stabSize=196608

anf=bc+abc+cd+be+ade+af+g
[1000000 0010100 0011111 0010000 0111010 0000010 0000001]0000000
[1000110 0011011 0011101 0110100 0100111 0000011 0000001]1000100
stabSize=122880

anf=bc+abc+cd+be+ade+af
[1110101 0100110 0001110 0011100 0111111 0000011 0000001]0110101
[1101010 0101111 0011100 0110110 0111010 0000011 0000001]0001100
stabSize=245760

anf=1+bc+abc+cd+be+ade+af
[1110101 0100110 0001110 0011100 0111111 0000011 0000001]0110101
[1101010 0101111 0011100 0110110 0111010 0000011 0000001]0001100
stabSize=245760

anf=abc+bd+ade+af+g
[1000100 0100100 0010100 0111011 0000100 0000010 0000001]0000100
[1111111 0101110 0000110 0100000 0010110 0000010 0000001]0100100
[1111011 0011011 0010100 0111101 0010000 0000010 0000001]0111011
stabSize=49152

anf=abc+bd+ade+f+af
[1100111 0110100 0010000 0011011 0000100 0000011 0000001]0110101
[1000001 0100001 0010001 0001001 0000101 0000011 0000001]0000001
[1111011 0111010 0010000 0001011 0010101 0000011 0000001]0111011
[1010001 0101110 0010000 0011000 0010100 0000011 0000001]0010001
[1010111 0100000 0010000 0001001 0000101 0000010 0000001]0010100
[1000000 0100000 0010000 0001000 0000100 0000011 0000001]0000000
[1000101 0100101 0010101 0111010 0000100 0000011 0000001]0000101
stabSize=196608

anf=1+abc+bd+ade+f+af
[1100111 0110100 0010000 0011011 0000100 0000011 0000001]0110101
[1000001 0100001 0010001 0001001 0000101 0000011 0000001]0000001
[1111011 0111010 0010000 0001011 0010101 0000011 0000001]0111011
[1010001 0101110 0010000 0011000 0010100 0000011 0000001]0010001
[1010111 0100000 0010000 0001001 0000101 0000010 0000001]0010100
[1000000 0100000 0010000 0001000 0000100 0000011 0000001]0000000
[1000101 0100101 0010101 0111010 0000100 0000011 0000001]0000101
stabSize=196608

anf=c+abc+bd+ade+af
[1000001 0100001 0010001 0001001 0000101 0000011 0000001]0000001
[1000001 0100001 0010001 0001001 0000101 0000010 0000001]0000001
[1111110 0110000 0010101 0111101 0000100 0000010 0000001]0111110
[1011011 0100000 0010000 0001100 0000110 0000011 0000001]0000001
[1000100 0100100 0010100 0111100 0000101 0000010 0000001]0000100
[1000101 0100101 0010101 0111010 0000100 0000011 0000001]0000101
stabSize=131072

anf=abc+bd+ade+af
[1000100 0100100 0010001 0011110 0000100 0000010 0000001]0000100
[1100011 0001001 0010101 0101001 0010010 0000011 0000001]0001111
[1000000 0100000 0010000 0001111 0000101 0000011 0000001]0000000
[1011001 0101011 0010000 0001000 0010101 0000011 0000001]0011001
stabSize=786432

anf=1+abc+bd+ade+af
[1000100 0100100 0010001 0011110 0000100 0000010 0000001]0000100
[1100011 0001001 0010101 0101001 0010010 0000011 0000001]0001111
[1000000 0100000 0010000 0001111 0000101 0000011 0000001]0000000
[1011001 0101011 0010000 0001000 0010101 0000011 0000001]0011001
stabSize=786432

anf=bc+abc+ade+af+g
[1011101 0001010 0000110 0110000 0010000 0000011 0000001]1001101
[1100111 0100011 0110011 0000110 0001100 0000010 0000001]0111111
stabSize=73728

anf=bc+abc+d+ade+af
[1000000 0100000 0010000 0001111 0000100 0000010 0000001]0000000
[1000110 0110001 0010001 0001111 0000101 0000010 0000001]0010111
[1000001 0100000 0010001 0001001 0000101 0000011 0000001]0000001
[1101111 0100000 0110001 0001110 0000111 0000011 0000001]0100010
[1000101 0100000 0010000 0001110 0000101 0000010 0000001]0000101
[1001000 0100000 0110001 0001110 0000111 0000011 0000001]0100101
stabSize=98304

anf=bc+abc+ade+af
[1000001 0100001 0010001 0001001 0001111 0000010 0000001]0000001
[1010001 0110001 0010000 0000100 0001000 0000011 0000001]0010001
[1010100 0100001 0010001 0001100 0001010 0000010 0000001]0000001
[1000001 0100000 0010001 0001001 0000101 0000011 0000001]0000001
[1011000 0010001 0110000 0001001 0000100 0000010 0000001]0011000
stabSize=589824

anf=1+bc+abc+ade+af
[1000001 0100001 0010001 0001001 0001111 0000010 0000001]0000001
[1010001 0110001 0010000 0000100 0001000 0000011 0000001]0010001
[1010100 0100001 0010001 0001100 0001010 0000010 0000001]0000001
[1000001 0100000 0010001 0001001 0000101 0000011 0000001]0000001
[1011000 0010001 0110000 0001001 0000100 0000010 0000001]0011000
stabSize=589824

anf=abc+ade+af+g
[1000101 0010110 0110110 0101000 0101100 0000010 0000001]0011000
[1010000 0001110 0101000 0011100 0100000 0000010 0000001]0110000
[1000100 0100100 0010100 0111010 0111100 0000010 0000001]0000100
stabSize=737280

anf=abc+ade+f+af
[1000001 0100001 0010001 0001001 0000101 0000011 0000001]0000001
[1110101 0010101 0100101 0111101 0000100 0000011 0000001]0110101
[1111001 0001000 0101101 0011000 0100000 0000010 0000001]0110000
[1000001 0100001 0010001 0001001 0000101 0000010 0000001]0000001
[1000110 0101000 0101101 0110101 0100001 0000010 0000001]0001101
stabSize=2949120

anf=1+abc+ade+f+af
[1000001 0100001 0010001 0001001 0000101 0000011 0000001]0000001
[1110101 0010101 0100101 0111101 0000100 0000011 0000001]0110101
[1111001 0001000 0101101 0011000 0100000 0000010 0000001]0110000
[1000001 0100001 0010001 0001001 0000101 0000010 0000001]0000001
[1000110 0101000 0101101 0110101 0100001 0000010 0000001]0001101
stabSize=2949120

anf=b+abc+ade+af
[1001001 0101001 0010000 0001000 0011111 0000011 0000001]0001001
[1100001 0110110 0010010 0011001 0000110 0000011 0000001]0001101
[1000101 0111100 0010001 0011000 0010100 0000011 0000001]0000101
[1000000 0100000 0010000 0000100 0001111 0000011 0000001]0000000
[1000001 0100001 0010001 0001001 0001111 0000011 0000001]0000001
stabSize=1572864

anf=abc+ade+af
[1100101 0000101 0111100 0110011 0010101 0000011 0000001]0100101
[1111110 0011110 0110011 0001111 0111011 0000011 0000001]0111110
[1111111 0011111 0101111 0110111 0111011 0000011 0000001]0111111
[1100100 0001010 0100100 0011010 0111000 0000011 0000001]0100000
stabSize=47185920

anf=1+abc+ade+af
[1100101 0000101 0111100 0110011 0010101 0000011 0000001]0100101
[1111110 0011110 0110011 0001111 0111011 0000011 0000001]0111110
[1111111 0011111 0101111 0110111 0111011 0000011 0000001]0111111
[1100100 0001010 0100100 0011010 0111000 0000011 0000001]0100000
stabSize=47185920

anf=bc+abc+cd+be+ade+f
[1000001 0100001 0010001 0001001 0000101 0000011 0000001]0000001
[1110010 0011100 0101101 0111011 0110110 0000010 0000001]0110010
[1100000 0000100 0001000 0010010 0100000 0000011 0000001]1101000
[1100101 0011001 0001101 0101100 0111100 0000010 0000001]0111001
stabSize=245760

anf=a+bc+abc+cd+be+ade
[1000000 0100000 0010000 0001010 0000100 0000010 0000001]0000000
[1010011 0101111 0000111 0110101 0010111 0000011 0000001]0010111
[1000001 0100001 0010000 0001000 0000101 0000001 0000011]0000010
[1000111 0000111 0111011 0010110 0100101 0000001 0000011]0010000
stabSize=1474560

anf=bc+abc+cd+be+ade
[1100001 0100100 0001011 0111010 0100011 0000011 0000010]1001001
[1000000 0100000 0010000 0001010 0000100 0000010 0000001]0000000
[1111101 0111000 0110111 0011110 0101101 0000010 0000011]1110000
stabSize=2949120

anf=1+bc+abc+cd+be+ade
[1100001 0100100 0001011 0111010 0100011 0000011 0000010]1001001
[1000000 0100000 0010000 0001010 0000100 0000010 0000001]0000000
[1111101 0111000 0110111 0011110 0101101 0000010 0000011]1110000
stabSize=2949120

anf=abc+bd+ade+f
[1000001 0100001 0010001 0001001 0000101 0000011 0000001]0000001
[1000101 0100101 0010101 0111110 0000101 0000011 0000001]0000101
[1011101 0110111 0010101 0101101 0000101 0000010 0000001]0011101
[1101111 0011111 0010101 0111010 0010001 0000010 0000001]0111111
stabSize=98304

anf=c+abc+bd+ade
[1001100 0110001 0010001 0001000 0000110 0000011 0000010]0001100
[1000100 0100100 0010100 0111101 0000110 0000011 0000010]0000100
[1000001 0100001 0010001 0001001 0000101 0000011 0000010]0000001
[1000011 0100011 0010011 0001011 0000111 0000001 0000010]0000011
[1000001 0100010 0010011 0001110 0000110 0000001 0000011]0000110
stabSize=786432

anf=1+c+abc+bd+ade
[1001100 0110001 0010001 0001000 0000110 0000011 0000010]0001100
[1000100 0100100 0010100 0111101 0000110 0000011 0000010]0000100
[1000001 0100001 0010001 0001001 0000101 0000011 0000010]0000001
[1000011 0100011 0010011 0001011 0000111 0000001 0000010]0000011
[1000001 0100010 0010011 0001110 0000110 0000001 0000011]0000110
stabSize=786432

anf=a+abc+bd+ade
[1000011 0100011 0010011 0001011 0000111 0000001 0000010]0000011
[1110010 0101110 0000101 0100011 0010100 0000010 0000001]0110010
[1000001 0100001 0010001 0001001 0000101 0000011 0000010]0000001
[1100100 0110010 0010111 0111110 0000100 0000011 0000001]0110110
stabSize=4718592

anf=1+a+abc+bd+ade
[1000011 0100011 0010011 0001011 0000111 0000001 0000010]0000011
[1110010 0101110 0000101 0100011 0010100 0000010 0000001]0110010
[1000001 0100001 0010001 0001001 0000101 0000011 0000010]0000001
[1100100 0110010 0010111 0111110 0000100 0000011 0000001]0110110
stabSize=4718592

anf=abc+bd+ade
[1000011 0100011 0010011 0001011 0000111 0000001 0000010]0000011
[1110010 0101110 0000101 0100011 0010100 0000010 0000001]0110010
[1000001 0100001 0010001 0001001 0000101 0000011 0000010]0000001
[1100100 0110010 0010111 0111110 0000100 0000011 0000001]0110110
stabSize=4718592

anf=1+abc+bd+ade
[1000011 0100011 0010011 0001011 0000111 0000001 0000010]0000011
[1110010 0101110 0000101 0100011 0010100 0000010 0000001]0110010
[1000001 0100001 0010001 0001001 0000101 0000011 0000010]0000001
[1100100 0110010 0010111 0111110 0000100 0000011 0000001]0110110
stabSize=4718592

anf=bc+abc+ade+f
[1000001 0100001 0010001 0001001 0000101 0000011 0000001]0000001
[1000100 0001100 0001000 0100000 0010001 0000011 0000001]1001001
[1100000 0001100 0000100 0010000 0110001 0000010 0000001]1110101
stabSize=147456

anf=b+bc+abc+d+ade
[1010100 0001110 0000100 0110000 0010000 0000001 0000010]1000101
[1000101 0110010 0010011 0001000 0000111 0000001 0000010]0010111
[1000010 0100010 0010010 0001001 0000101 0000011 0000001]0000010
[1010011 0110011 0010011 0001010 0000110 0000001 0000010]0010011
[1010101 0110001 0010000 0001010 0000101 0000001 0000011]0010101
stabSize=786432

anf=b+bc+abc+ade
[1000010 0100010 0010010 0000100 0001010 0000010 0000001]0000010
[1010001 0110001 0010010 0000110 0001001 0000010 0000011]0010001
[1010111 0100001 0010001 0001111 0000101 0000011 0000001]0000010
[1001100 0100000 0010000 0001000 0000100 0000010 0000001]0001100
[1000011 0100011 0010011 0001011 0000111 0000001 0000010]0000011
stabSize=2359296

anf=1+b+bc+abc+ade
[1000010 0100010 0010010 0000100 0001010 0000010 0000001]0000010
[1010001 0110001 0010010 0000110 0001001 0000010 0000011]0010001
[1010111 0100001 0010001 0001111 0000101 0000011 0000001]0000010
[1001100 0100000 0010000 0001000 0000100 0000010 0000001]0001100
[1000011 0100011 0010011 0001011 0000111 0000001 0000010]0000011
stabSize=2359296

anf=a+bc+abc+ade
[1000011 0100011 0010011 0001011 0000111 0000001 0000010]0000011
[1101100 0110001 0100010 0001001 0000101 0000011 0000010]0101100
[1111001 0110001 0100001 0001000 0001100 0000001 0000010]0100000
[1000010 0100010 0010010 0000100 0001000 0000010 0000001]0000010
[1010000 0110000 0010000 0000111 0001010 0000011 0000001]0010000
stabSize=14155776

anf=bc+abc+ade
[1000011 0100011 0010011 0001011 0000111 0000001 0000010]0000011
[1101100 0110001 0100010 0001001 0000101 0000011 0000010]0101100
[1111010 0000100 0001100 0110000 0100000 0000001 0000010]1010110
[1010011 0110011 0010000 0001000 0000101 0000001 0000010]0010011
stabSize=28311552

anf=1+bc+abc+ade
[1000011 0100011 0010011 0001011 0000111 0000001 0000010]0000011
[1101100 0110001 0100010 0001001 0000101 0000011 0000010]0101100
[1111010 0000100 0001100 0110000 0100000 0000001 0000010]1010110
[1010011 0110011 0010000 0001000 0000101 0000001 0000010]0010011
stabSize=28311552

anf=abc+ade+f
[1000001 0100001 0010001 0001001 0000101 0000011 0000001]0000001
[1000100 0101001 0011000 0111100 0001001 0000011 0000001]0000100
[1000000 0100000 0010000 0001000 0000100 0000011 0000001]0000000
[1000000 0001101 0100101 0100000 0011101 0000011 0000001]0000100
stabSize=1474560

anf=b+abc+ade
[1000000 0100000 0010000 0001000 0000100 0000010 0000011]0000000
[1001001 0101001 0010001 0001011 0010101 0000010 0000001]0001001
[1010011 0101010 0010011 0011101 0010111 0000011 0000001]0000111
[1011110 0100111 0010010 0000100 0011010 0000011 0000001]0011110
stabSize=9437184

anf=1+b+abc+ade
[1000000 0100000 0010000 0001000 0000100 0000010 0000011]0000000
[1001001 0101001 0010001 0001011 0010101 0000010 0000001]0001001
[1010011 0101010 0010011 0011101 0010111 0000011 0000001]0000111
[1011110 0100111 0010010 0000100 0011010 0000011 0000001]0011110
stabSize=9437184

anf=a+abc+ade
[1110101 0010101 0100101 0111101 0000110 0000011 0000001]0110101
[1101011 0010001 0101011 0001010 0010101 0000001 0000010]0101011
[1010011 0011111 0000101 0010010 0100101 0000001 0000010]0010110
stabSize=283115520

anf=1+a+abc+ade
[1110101 0010101 0100101 0111101 0000110 0000011 0000001]0110101
[1101011 0010001 0101011 0001010 0010101 0000001 0000010]0101011
[1010011 0011111 0000101 0010010 0100101 0000001 0000010]0010110
stabSize=283115520

anf=abc+ade
[1110101 0010101 0100101 0111101 0000110 0000011 0000001]0110101
[1101011 0010001 0101011 0001010 0010101 0000001 0000010]0101011
[1010011 0011111 0000101 0010010 0100101 0000001 0000010]0010110
stabSize=283115520

anf=1+abc+ade
[1110101 0010101 0100101 0111101 0000110 0000011 0000001]0110101
[1101011 0010001 0101011 0001010 0010101 0000001 0000010]0101011
[1010011 0011111 0000101 0010010 0100101 0000001 0000010]0010110
stabSize=283115520

anf=a+c+ac+cd+be+af+acg+bcg+adg+bdg+aeg+bfg+dfg
[1000010 0001000 1001100 0101000 0110110 1000000 0000101]0101010
[0111000 1100100 0101010 0101100 1110010 1111000 1000101]0000110
stabSize=504

anf=1+a+c+ac+cd+be+af+acg+bcg+adg+bdg+aeg+bfg+dfg
[1000010 0001000 1001100 0101000 0110110 1000000 0000101]0101010
[0111000 1100100 0101010 0101100 1110010 1111000 1000101]0000110
stabSize=504

anf=ac+cd+be+af+acg+bcg+adg+bdg+aeg+bfg+dfg
[1011000 0110100 1011010 1001000 0110000 1010100 0110001]1101000
[1110010 1110100 1011100 0010010 0110010 1000010 1110011]1100000
stabSize=504

anf=1+ac+cd+be+af+acg+bcg+adg+bdg+aeg+bfg+dfg
[1011000 0110100 1011010 1001000 0110000 1010100 0110001]1101000
[1110010 1110100 1011100 0010010 0110010 1000010 1110011]1100000
stabSize=504

anf=ac+d+be+acg+bcg+adg+bdg+aeg+bfg+dfg
[0000110 1011110 1101100 0001010 1000010 0000010 1111101]0000010
[0101100 1011010 1010110 0001010 0111110 0000010 0000111]0101110
stabSize=240

anf=1+ac+d+be+acg+bcg+adg+bdg+aeg+bfg+dfg
[0000110 1011110 1101100 0001010 1000010 0000010 1111101]0000010
[0101100 1011010 1010110 0001010 0111110 0000010 0000111]0101110
stabSize=240

anf=b+c+ac+be+acg+bcg+adg+bdg+aeg+bfg+dfg
[1011100 0001100 1000110 0000010 0111010 0001010 1101111]1101100
[0101000 1100000 0010100 0001010 0010000 0000010 1011101]1110100
stabSize=1440

anf=1+b+c+ac+be+acg+bcg+adg+bdg+aeg+bfg+dfg
[1011100 0001100 1000110 0000010 0111010 0001010 1101111]1101100
[0101000 1100000 0010100 0001010 0010000 0000010 1011101]1110100
stabSize=1440

anf=ac+be+acg+bcg+adg+bdg+aeg+bfg+dfg
[0011100 1110110 0101110 0000010 1101100 0001000 1101001]1101000
[0100100 0110110 1111000 0000010 1010010 0001010 1110001]0110000
stabSize=1440

anf=1+ac+be+acg+bcg+adg+bdg+aeg+bfg+dfg
[0011100 1110110 0101110 0000010 1101100 0001000 1101001]1101000
[0100100 0110110 1111000 0000010 1010010 0001010 1110001]0110000
stabSize=1440

anf=ac+bd+e+acg+bcg+adg+bdg+aeg+bfg+dfg
[1000010 0001000 0010010 0100000 0000100 0000010 0000011]0000010
[1000010 1001000 0111110 1100010 0000110 0000010 0000001]0000010
[1010110 0100010 0010000 0001110 0000100 0000010 0110001]0100000
[1000110 1001110 0111110 1100100 0000110 0000010 0010001]0010000
stabSize=256

anf=1+ac+bd+e+acg+bcg+adg+bdg+aeg+bfg+dfg
[1000010 0001000 0010010 0100000 0000100 0000010 0000011]0000010
[1000010 1001000 0111110 1100010 0000110 0000010 0000001]0000010
[1010110 0100010 0010000 0001110 0000100 0000010 0110001]0100000
[1000110 1001110 0111110 1100100 0000110 0000010 0010001]0010000
stabSize=256

anf=a+c+ac+bd+acg+bcg+adg+bdg+aeg+bfg+dfg
[1100010 0011010 0010010 0100000 0000100 0000110 0100111]0100010
[1110010 1101000 0101000 1010000 0000010 0000110 1010001]1101000
[1111000 0011000 0010110 0110110 0000100 0000010 0111111]0111000
stabSize=1536

anf=1+a+c+ac+bd+acg+bcg+adg+bdg+aeg+bfg+dfg
[1100010 0011010 0010010 0100000 0000100 0000110 0100111]0100010
[1110010 1101000 0101000 1010000 0000010 0000110 1010001]1101000
[1111000 0011000 0010110 0110110 0000100 0000010 0111111]0111000
stabSize=1536

anf=ac+bd+acg+bcg+adg+bdg+aeg+bfg+dfg
[0100010 1010110 0101100 1000110 0000010 0000100 1100101]1100010
[1010010 1011010 0111010 1110100 0000110 0000010 1101101]1000100
[0100000 1000000 0101000 1010000 0000010 0000100 1100001]1100000
stabSize=1536

anf=1+ac+bd+acg+bcg+adg+bdg+aeg+bfg+dfg
[0100010 1010110 0101100 1000110 0000010 0000100 1100101]1100010
[1010010 1011010 0111010 1110100 0000110 0000010 1101101]1000100
[0100000 1000000 0101000 1010000 0000010 0000100 1100001]1100000
stabSize=1536

anf=b+c+bc+ad+e+acg+bcg+adg+bdg+aeg+bfg+dfg
[1111110 0011100 0101110 0001010 0000100 0000010 0010111]0111110
[1000110 1100010 0010010 1011110 0000110 0000010 0110111]0011110
[1000010 1110000 0010010 1011000 0000110 0000010 0000011]0000010
[1111110 0011110 0101110 0001000 0000100 0000010 0101011]0111110
stabSize=768

anf=1+b+c+bc+ad+e+acg+bcg+adg+bdg+aeg+bfg+dfg
[1111110 0011100 0101110 0001010 0000100 0000010 0010111]0111110
[1000110 1100010 0010010 1011110 0000110 0000010 0110111]0011110
[1000010 1110000 0010010 1011000 0000110 0000010 0000011]0000010
[1111110 0011110 0101110 0001000 0000100 0000010 0101011]0111110
stabSize=768

anf=bc+ad+e+acg+bcg+adg+bdg+aeg+bfg+dfg
[1111110 0011100 0101110 0001010 0000100 0000010 0000011]0111110
[1000000 1110110 0010010 1011110 0000110 0000010 0111111]0000000
[1111110 0011110 0101110 0001000 0000100 0000010 0000001]0111110
[1111010 1001100 0101100 1011010 0000110 0000010 0110101]0110100
[1000000 0100000 0010000 0001000 0000100 0000010 0111111]0000000
stabSize=128

anf=a+bc+d+ad+acg+bcg+adg+bdg+aeg+bfg+dfg
[1000000 0100000 0010000 0001000 0000100 0000010 0101011]0000000
[0100100 1000110 0101000 1010110 0000010 0000100 0111001]0111010
[1101110 0011110 0111010 0001000 0000100 0000010 0101101]0111100
[1111100 0011010 0101110 0001100 0000100 0000010 0111101]0111100
[1001100 0110110 0010000 0001110 0000100 0000110 0000111]0010100
stabSize=4608

anf=1+a+bc+d+ad+acg+bcg+adg+bdg+aeg+bfg+dfg
[1000000 0100000 0010000 0001000 0000100 0000010 0101011]0000000
[0100100 1000110 0101000 1010110 0000010 0000100 0111001]0111010
[1101110 0011110 0111010 0001000 0000100 0000010 0101101]0111100
[1111100 0011010 0101110 0001100 0000100 0000010 0111101]0111100
[1001100 0110110 0010000 0001110 0000100 0000110 0000111]0010100
stabSize=4608

anf=b+bc+ad+acg+bcg+adg+bdg+aeg+bfg+dfg
[1001010 0100000 0010000 0001100 0000100 0000110 0100101]0001010
[1000010 0100100 0010000 0001100 0000100 0000010 0101001]0000010
[1111110 0011110 0101110 0001000 0000100 0000010 0111111]0111110
[1000110 0110010 0010000 0001110 0000100 0000010 0000011]0010000
[1101110 1110010 0111000 1011010 0000110 0000010 1010101]1010010
stabSize=4608

anf=1+b+bc+ad+acg+bcg+adg+bdg+aeg+bfg+dfg
[1001010 0100000 0010000 0001100 0000100 0000110 0100101]0001010
[1000010 0100100 0010000 0001100 0000100 0000010 0101001]0000010
[1111110 0011110 0101110 0001000 0000100 0000010 0111111]0111110
[1000110 0110010 0010000 0001110 0000100 0000010 0000011]0010000
[1101110 1110010 0111000 1011010 0000110 0000010 1010101]1010010
stabSize=4608

anf=bc+ad+acg+bcg+adg+bdg+aeg+bfg+dfg
[1000000 0100000 0010000 0001000 0000100 0000010 0010101]0000000
[1000100 1100110 0010010 1011010 0000110 0000010 1000001]1000110
[0011010 1101000 0010110 1010010 0000010 0000100 0000001]0010010
[1000110 0110010 0010000 0001110 0000100 0000010 0000011]0010000
stabSize=768

anf=1+bc+ad+acg+bcg+adg+bdg+aeg+bfg+dfg
[1000000 0100000 0010000 0001000 0000100 0000010 0010101]0000000
[1000100 1100110 0010010 1011010 0000110 0000010 1000001]1000110
[0011010 1101000 0010110 1010010 0000010 0000100 0000001]0010010
[1000110 0110010 0010000 0001110 0000100 0000010 0000011]0010000
stabSize=768

anf=b+bc+g+acg+bcg+adg+bdg+aeg+bfg+dfg
[0001000 1101000 0111000 1000000 0000010 0000100 1100111]1001000
[1000000 0100000 0010000 0001000 0000100 0000010 0010101]0000000
[1000110 1100000 1010100 0001100 1000000 0000010 1000111]0000110
[0001110 0010000 0110110 1001000 0001100 1000000 1011011]0111000
stabSize=276480

anf=1+b+bc+g+acg+bcg+adg+bdg+aeg+bfg+dfg
[0001000 1101000 0111000 1000000 0000010 0000100 1100111]1001000
[1000000 0100000 0010000 0001000 0000100 0000010 0010101]0000000
[1000110 1100000 1010100 0001100 1000000 0000010 1000111]0000110
[0001110 0010000 0110110 1001000 0001100 1000000 1011011]0111000
stabSize=276480

anf=a+b+bc+acg+bcg+adg+bdg+aeg+bfg+dfg
[1000100 0011000 0111110 0001010 0000100 0000010 0010011]0111010
[1000100 0110100 0010000 0000110 0000100 0001100 0010111]0010010
[1000000 0100000 0010000 0001000 0000100 0000010 0111011]0000000
[1000010 0101100 0010000 0001110 0000100 0001000 0001011]0000010
stabSize=9216

anf=1+a+b+bc+acg+bcg+adg+bdg+aeg+bfg+dfg
[1000100 0011000 0111110 0001010 0000100 0000010 0010011]0111010
[1000100 0110100 0010000 0000110 0000100 0001100 0010111]0010010
[1000000 0100000 0010000 0001000 0000100 0000010 0111011]0000000
[1000010 0101100 0010000 0001110 0000100 0001000 0001011]0000010
stabSize=9216

anf=b+bc+acg+bcg+adg+bdg+aeg+bfg+dfg
[0001000 1101000 0111000 1000000 0000010 0000100 1100111]1001000
[1000000 0100000 0010000 0001000 0000100 0000010 0010101]0000000
[1000110 1100000 1010100 0001100 1000000 0000010 1000111]0000110
[0001110 0010000 0110110 1001000 0001100 1000000 1011011]0111000
stabSize=276480

anf=1+b+bc+acg+bcg+adg+bdg+aeg+bfg+dfg
[0001000 1101000 0111000 1000000 0000010 0000100 1100111]1001000
[1000000 0100000 0010000 0001000 0000100 0000010 0010101]0000000
[1000110 1100000 1010100 0001100 1000000 0000010 1000111]0000110
[0001110 0010000 0110110 1001000 0001100 1000000 1011011]0111000
stabSize=276480

anf=a+bc+acg+bcg+adg+bdg+aeg+bfg+dfg
[1000000 0100000 0010000 0000110 0000100 0001100 0000001]0000000
[1001110 0111100 0010000 0001100 0000100 0001110 0011111]0010010
[1000010 0101100 0010000 0001110 0000100 0001000 0001011]0000010
[1000000 0100000 0010000 0001000 0000100 0000010 0010101]0000000
stabSize=1536

anf=bc+acg+bcg+adg+bdg+aeg+bfg+dfg
[1000000 1111000 0011100 1000110 0001000 0001100 1011111]1010010
[1000000 0100000 0010000 0001000 0000100 0000010 0010101]0000000
[1000110 1100000 1010100 0001100 1000000 0000010 1000111]0000110
stabSize=46080

anf=1+bc+acg+bcg+adg+bdg+aeg+bfg+dfg
[1000000 1111000 0011100 1000110 0001000 0001100 1011111]1010010
[1000000 0100000 0010000 0001000 0000100 0000010 0010101]0000000
[1000110 1100000 1010100 0001100 1000000 0000010 1000111]0000110
stabSize=46080

anf=ab+d+acg+bcg+adg+bdg+aeg+bfg+dfg
[1010000 1101100 0000100 0011110 0010000 0010110 0010111]0010000
[1100110 0101110 0010100 0011110 0000100 0010110 1000011]1000000
[1010000 0110000 0010000 0011110 0000100 0000010 0010111]0010000
stabSize=12288

anf=1+ab+d+acg+bcg+adg+bdg+aeg+bfg+dfg
[1010000 1101100 0000100 0011110 0010000 0010110 0010111]0010000
[1100110 0101110 0010100 0011110 0000100 0010110 1000011]1000000
[1010000 0110000 0010000 0011110 0000100 0000010 0010111]0010000
stabSize=12288

anf=ab+c+acg+bcg+adg+bdg+aeg+bfg+dfg
[1000000 0100000 0010000 0000110 0000100 0001100 0000001]0000000
[1101110 0101100 0010100 0001010 0000100 0001100 0100011]0101110
[1100110 0111000 0010100 0001000 0000100 0001010 1001001]1000000
[1001100 0100100 0010000 0000010 0000100 0001100 0001101]0001100
stabSize=3072

anf=1+ab+c+acg+bcg+adg+bdg+aeg+bfg+dfg
[1000000 0100000 0010000 0000110 0000100 0001100 0000001]0000000
[1101110 0101100 0010100 0001010 0000100 0001100 0100011]0101110
[1100110 0111000 0010100 0001000 0000100 0001010 1001001]1000000
[1001100 0100100 0010000 0000010 0000100 0001100 0001101]0001100
stabSize=3072

anf=a+b+ab+acg+bcg+adg+bdg+aeg+bfg+dfg
[0101100 1110100 0010100 0001010 0010000 0000010 0010011]0000000
[1010110 1110100 0000100 0001100 0010000 0000010 0011011]0001110
[1001010 1111110 0000100 0011000 0010000 0011010 0000011]0001010
stabSize=73728

anf=1+a+b+ab+acg+bcg+adg+bdg+aeg+bfg+dfg
[0101100 1110100 0010100 0001010 0010000 0000010 0010011]0000000
[1010110 1110100 0000100 0001100 0010000 0000010 0011011]0001110
[1001010 1111110 0000100 0011000 0010000 0011010 0000011]0001010
stabSize=73728

anf=ab+acg+bcg+adg+bdg+aeg+bfg+dfg
[1000000 0100000 0010000 0001000 0000100 0011010 0011001]0000000
[1010110 0110110 0010000 0000110 0000100 0001010 0000001]0010110
[1110010 1001000 0000100 0001000 0010100 0010110 1010111]1000110
[1111100 0101000 0010100 0001100 0000100 0010010 0101101]0111100
stabSize=73728

anf=1+ab+acg+bcg+adg+bdg+aeg+bfg+dfg
[1000000 0100000 0010000 0001000 0000100 0011010 0011001]0000000
[1010110 0110110 0010000 0000110 0000100 0001010 0000001]0010110
[1110010 1001000 0000100 0001000 0010100 0010110 1010111]1000110
[1111100 0101000 0010100 0001100 0000100 0010010 0101101]0111100
stabSize=73728

anf=g+acg+bcg+adg+bdg+aeg+bfg+dfg
[1100110 1001000 1000110 0001000 0111010 1110110 1010111]0100110
[0101100 1011100 0010110 0010000 0010100 1000000 1001001]1011110
stabSize=92897280

anf=1+g+acg+bcg+adg+bdg+aeg+bfg+dfg
[1100110 1001000 1000110 0001000 0111010 1110110 1010111]0100110
[0101100 1011100 0010110 0010000 0010100 1000000 1001001]1011110
stabSize=92897280

anf=a+acg+bcg+adg+bdg+aeg+bfg+dfg
[1001100 0101110 0110010 0010110 0000100 0111010 0111011]0001100
[1100000 0100110 0111010 0000010 0000100 0110110 0110011]0001100
stabSize=737280

anf=1+a+acg+bcg+adg+bdg+aeg+bfg+dfg
[1001100 0101110 0110010 0010110 0000100 0111010 0111011]0001100
[1100000 0100110 0111010 0000010 0000100 0110110 0110011]0001100
stabSize=737280

anf=acg+bcg+adg+bdg+aeg+bfg+dfg
[1100110 1001000 1000110 0001000 0111010 1110110 1010111]0100110
[0101100 1011100 0010110 0010000 0010100 1000000 1001001]1011110
stabSize=92897280

anf=1+acg+bcg+adg+bdg+aeg+bfg+dfg
[1100110 1001000 1000110 0001000 0111010 1110110 1010111]0100110
[0101100 1011100 0010110 0010000 0010100 1000000 1001001]1011110
stabSize=92897280

anf=a+abc+ef+dg
[1110000 0010000 0100000 0000011 0000001 0001100 0000100]0110000
[1110000 0100000 0010000 0001001 0000010 0000110 0000001]0110011
[1110000 0010000 0110000 0001010 0000010 0000111 0000001]0100010
stabSize=17280

anf=1+a+abc+ef+dg
[1110000 0010000 0100000 0000011 0000001 0001100 0000100]0110000
[1110000 0100000 0010000 0001001 0000010 0000110 0000001]0110011
[1110000 0010000 0110000 0001010 0000010 0000111 0000001]0100010
stabSize=17280

anf=abc+ef+dg
[0100000 1100000 1010000 0000011 0000001 0001111 0000101]1100000
[0110000 1100000 1000000 0001011 0001001 0000101 0001111]1101010
[1000000 0100000 0010000 0001000 0001100 0000010 0000011]0000000
stabSize=120960

anf=1+abc+ef+dg
[0100000 1100000 1010000 0000011 0000001 0001111 0000101]1100000
[0110000 1100000 1000000 0001011 0001001 0000101 0001111]1101010
[1000000 0100000 0010000 0001000 0001100 0000010 0000011]0000000
stabSize=120960

anf=c+abc+de+bf+ag
[1000000 0100000 0010000 0000100 0001000 0000010 0000001]0000000
[1001000 0101000 0010000 0001111 0001000 0000010 0000001]0001000
[1101011 0110100 0010001 0000101 0001110 0000011 0000001]0000110
[1000101 0100000 0010000 0001101 0000100 0000010 0000001]0000101
[1000000 0111101 0010000 0001010 0000110 0000010 0000001]0000000
[1000000 1100000 0010010 0001000 0000100 0000010 0000011]0000000
stabSize=18432

anf=abc+de+bf+ag
[1000000 0100000 0010000 0000100 0001000 0000010 0000001]0000000
[1110000 0110111 0010001 0001011 0001111 0000011 0000001]0011000
[1010110 0110110 0010000 0000100 0001111 0000010 0000001]0010110
[1000110 0111111 0010000 0000110 0001101 0000010 0000001]0000110
[0110100 1000000 0010000 0001010 0001110 0000001 0000010]0011010
stabSize=36864

anf=1+abc+de+bf+ag
[1000000 0100000 0010000 0000100 0001000 0000010 0000001]0000000
[1110000 0110111 0010001 0001011 0001111 0000011 0000001]0011000
[1010110 0110110 0010000 0000100 0001111 0000010 0000001]0010110
[1000110 0111111 0010000 0000110 0001101 0000010 0000001]0000110
[0110100 1000000 0010000 0001010 0001110 0000001 0000010]0011010
stabSize=36864

anf=abc+de+af+g
[1110000 0010000 0100000 0001000 0001101 0000010 0000001]0110000
[1010011 0110010 0010010 0001100 0000101 0000010 0000001]0101010
[1001010 0100000 0010000 0001111 0000111 0000010 0000001]0001101
[1001010 0110010 0010000 0001000 0001110 0000010 0000001]0001010
stabSize=36864

anf=abc+de+f+af
[1110111 0110000 0010001 0001110 0000100 0000011 0000001]0100000
[1111001 0100001 0110001 0001110 0000110 0000011 0000001]0011110
[1000001 0100001 0010001 0001001 0000101 0000011 0000001]0000001
[1000001 0100001 0010001 0001001 0000101 0000010 0000001]0000001
[1000000 0100000 0010000 0000100 0001001 0000010 0000001]0000000
stabSize=147456

anf=1+abc+de+f+af
[1110111 0110000 0010001 0001110 0000100 0000011 0000001]0100000
[1111001 0100001 0110001 0001110 0000110 0000011 0000001]0011110
[1000001 0100001 0010001 0001001 0000101 0000011 0000001]0000001
[1000001 0100001 0010001 0001001 0000101 0000010 0000001]0000001
[1000000 0100000 0010000 0000100 0001001 0000010 0000001]0000000
stabSize=147456

anf=b+abc+de+af
[1000001 0100001 0010001 0001001 0000101 0000011 0000001]0000001
[1001010 0110010 0010001 0001111 0001000 0000011 0000001]0001010
[1000001 0100001 0010001 0000100 0001000 0000010 0000001]0000001
[1100001 0100000 0010010 0001000 0000100 0000010 0000001]0000010
[1000000 0100000 0010000 0001000 0000101 0000010 0000001]0000000
[1011100 0110010 0010001 0001101 0001010 0000011 0000001]0011000
stabSize=98304

anf=abc+de+af
[1010110 0100010 0110010 0000101 0001010 0000010 0000001]0100001
[1101011 0010001 0100000 0000111 0001110 0000011 0000001]0100101
[1000001 0100001 0010001 0001001 0000101 0000011 0000001]0000001
stabSize=589824

anf=1+abc+de+af
[1010110 0100010 0110010 0000101 0001010 0000010 0000001]0100001
[1101011 0010001 0100000 0000111 0001110 0000011 0000001]0100101
[1000001 0100001 0010001 0001001 0000101 0000011 0000001]0000001
stabSize=589824

anf=abc+cd+be+af+g
[1100010 0101110 1010110 0001000 0001111 0001010 0000001]0100010
[0011101 0110011 1010010 0000010 0000101 0001111 0000001]0101010
stabSize=688128

anf=abc+cd+be+af
[0011001 1011111 1110000 0000101 0000111 0001010 0000001]0001110
[0100010 1001111 1010001 0001001 0001011 0000101 0000001]0001010
[1000110 0100110 0110100 0001001 0001100 0000011 0000001]0000110
stabSize=1376256

anf=1+abc+cd+be+af
[0011001 1011111 1110000 0000101 0000111 0001010 0000001]0001110
[0100010 1001111 1010001 0001001 0001011 0000101 0000001]0001010
[1000110 0100110 0110100 0001001 0001100 0000011 0000001]0000110
stabSize=1376256

anf=abc+de+f
[1000000 0100000 0010000 0001000 0000101 0000011 0000001]0000000
[0010001 1000000 1110000 0001000 0000100 0000010 0000001]1010001
[0100001 0010001 1110001 0000110 0001000 0000011 0000001]0111000
[1100000 1010001 1000001 0001000 0000100 0000010 0000001]0000000
[0100000 1000000 1110000 0000100 0001110 0000010 0000001]1100000
stabSize=516096

anf=a+abc+de
[1000000 0010011 0110010 0000100 0001011 0000011 0000001]0010001
[1110000 0100011 0010011 0000100 0001001 0000011 0000010]0110000
[1000010 0100000 0110011 0001000 0001100 0000011 0000010]0101011
stabSize=3538944

anf=1+a+abc+de
[1000000 0010011 0110010 0000100 0001011 0000011 0000001]0010001
[1110000 0100011 0010011 0000100 0001001 0000011 0000010]0110000
[1000010 0100000 0110011 0001000 0001100 0000011 0000010]0101011
stabSize=3538944

anf=abc+de
[0100010 1000000 1110000 0000111 0001011 0000001 0000011]1100010
[0010001 1010011 0100010 0001010 0001110 0000011 0000001]0011010
stabSize=24772608

anf=1+abc+de
[0100010 1000000 1110000 0000111 0001011 0000001 0000011]1100010
[0010001 1010011 0100010 0001010 0001110 0000011 0000001]0011010
stabSize=24772608

anf=abc+bd+ae+f
[0101101 1001101 0011111 0000110 0001011 0000010 0000001]1101101
[0101100 1110100 0011000 0000110 0001100 0000010 0000001]1101100
[1100100 1011100 0011001 0001100 0001000 0000011 0000001]0011100
[1000001 0100001 0010001 0001001 0000101 0000011 0000001]0000001
[1000000 1101010 0011000 0001001 0001101 0000010 0000001]0000000
stabSize=786432

anf=c+abc+bd+ae
[1000100 1111001 0011000 0001010 0001101 0000001 0000011]0000100
[1001001 0101111 0010001 0001000 0000101 0000010 0000011]0001001
[1010101 0100101 0010001 0001000 0000100 0000010 0000001]0000000
[1101100 0101010 0010101 0001101 0000100 0000001 0000011]0001100
stabSize=4718592

anf=abc+bd+ae
[1011010 1110110 0011010 0001010 0001101 0000011 0000001]0011010
[1001001 0111010 0010010 0001001 0000100 0000001 0000010]0001001
[1011010 0111010 0010000 0001001 0000101 0000001 0000011]0011010
[1100110 1011111 0011011 0001100 0001000 0000001 0000011]0011111
stabSize=9437184

anf=1+abc+bd+ae
[1011010 1110110 0011010 0001010 0001101 0000011 0000001]0011010
[1001001 0111010 0010010 0001001 0000100 0000001 0000010]0001001
[1011010 0111010 0010000 0001001 0000101 0000001 0000011]0011010
[1100110 1011111 0011011 0001100 0001000 0000001 0000011]0011111
stabSize=9437184

anf=abc+ad+e
[1110011 0010011 0100011 0001001 0000111 0000011 0000010]0110011
[1100111 0110000 0010011 0001001 0000100 0000011 0000010]0111000
[1001010 0010010 0100010 0001010 0000110 0000010 0000001]0001010
[1000001 0101000 0011011 0001000 0000111 0000010 0000001]0111001
[1000011 0100011 0010011 0001011 0000111 0000001 0000010]0000011
stabSize=9437184

anf=abc+d+ad
[1110000 0010000 0100000 0001010 0000101 0000010 0000001]0110000
[1111101 0100111 0110100 0001010 0000100 0000110 0000011]0010001
stabSize=264241152

anf=1+abc+d+ad
[1110000 0010000 0100000 0001010 0000101 0000010 0000001]0110000
[1111101 0100111 0110100 0001010 0000100 0000110 0000011]0010001
stabSize=264241152

anf=b+abc+ad
[1000100 0111111 0010010 0001100 0000011 0000101 0000100]0000100
[1000001 0100001 0010001 0001001 0000111 0000100 0000110]0000001
[1000110 0100110 0010110 0001110 0000010 0000100 0000111]0000110
[1100000 0100110 0011010 0001100 0000011 0000111 0000101]0001101
[1010001 0100110 0010001 0001001 0000100 0000010 0000001]0010001
stabSize=176160768

anf=abc+ad
[1000110 0100110 0010110 0001110 0000010 0000100 0000111]0000110
[1111110 0100001 0110000 0001110 0000010 0000011 0000111]0011111
[1101010 0110011 0101000 0001100 0000011 0000101 0000010]0111010
stabSize=1056964608

anf=1+abc+ad
[1000110 0100110 0010110 0001110 0000010 0000100 0000111]0000110
[1111110 0100001 0110000 0001110 0000010 0000011 0000111]0011111
[1101010 0110011 0101000 0001100 0000011 0000101 0000010]0111010
stabSize=1056964608

anf=abc+d
[1000001 0100001 0010001 0001001 0000100 0000011 0000010]0000001
[1100000 1010000 0010000 0001001 0000100 0000101 0000111]1010000
[1000001 0100001 0010001 0001110 0000001 0000110 0000011]0000001
[1100110 0110011 0100101 0001000 0000101 0000110 0000100]0000010
stabSize=924844032

anf=a+abc
[1010001 0100101 0011010 0001111 0001100 0000001 0001010]0010001
[1000010 0011001 0101111 0000101 0001011 0000010 0000011]0000010
[1000010 0100010 0010010 0001010 0000110 0000101 0001101]0000010
[1010110 0010100 0110011 0000011 0001101 0001010 0000101]0000000
stabSize=31708938240

anf=1+a+abc
[1010001 0100101 0011010 0001111 0001100 0000001 0001010]0010001
[1000010 0011001 0101111 0000101 0001011 0000010 0000011]0000010
[1000010 0100010 0010010 0001010 0000110 0000101 0001101]0000010
[1010110 0010100 0110011 0000011 0001101 0001010 0000101]0000000
stabSize=31708938240

anf=abc
[1000010 0100010 0010010 0001010 0000110 0000101 0001101]0000010
[0111000 1111001 0010100 0001111 0000100 0000110 0001000]0100101
[0011101 1110101 0100000 0000011 0001110 0001001 0000101]0110111
stabSize=221962567680

anf=1+abc
[1000010 0100010 0010010 0001010 0000110 0000101 0001101]0000010
[0111000 1111001 0010100 0001111 0000100 0000110 0001000]0100101
[0011101 1110101 0100000 0000011 0001110 0001001 0000101]0110111
stabSize=221962567680

anf=cd+be+af+g
[0001110 1101110 1011110 0001000 0000100 1001100 0000001]0000000
[0010110 1110110 0010000 1011110 0000100 1010100 0000001]0000000
[1000011 0100000 0010000 0001000 0000100 0000010 0000001]0000000
[0100111 1000111 0010000 0001000 1100011 1100101 0000001]0000000
[1001011 0001000 1100010 1000111 1110100 0101111 0000001]1001111
stabSize=92897280

anf=cd+be+af
[0011111 1111111 1001111 0110111 1010100 1101101 0000001]1011111
[1000000 1000100 0010000 0001000 1100000 1100110 0000001]0000000
[0110110 0011101 1101100 1000100 1010101 1110111 0000001]1100110
stabSize=185794560

anf=1+cd+be+af
[0011111 1111111 1001111 0110111 1010100 1101101 0000001]1011111
[1000000 1000100 0010000 0001000 1100000 1100110 0000001]0000000
[0110110 0011101 1101100 1000100 1010101 1110111 0000001]1100110
stabSize=185794560

anf=bc+ad+e
[1000001 0100001 0010001 0001001 0000101 0000010 0000011]0000001
[0111101 1100100 0110101 1000101 0000101 0000011 0000001]0001011
[0111001 1010001 1100000 1000110 0000100 0000001 0000010]1111001
stabSize=283115520

anf=bc+ad
[0100101 1000101 1001111 0110100 0000110 0000001 0000010]1100101
[1001001 0100100 1011100 0101001 0000101 0000100 0000110]0001001
[1000001 0110011 1010101 0111011 0000110 0000011 0000100]0010110
stabSize=3963617280

anf=1+bc+ad
[0100101 1000101 1001111 0110100 0000110 0000001 0000010]1100101
[1001001 0100100 1011100 0101001 0000101 0000100 0000110]0001001
[1000001 0110011 1010101 0111011 0000110 0000011 0000100]0010110
stabSize=3963617280

anf=ab+c
[0110111 1010111 0011010 0001111 0000011 0000111 0001101]1110111
[1001100 0100000 0011100 0000100 0001000 0000010 0000001]0001100
[1000000 0100101 0010101 0001000 0000001 0000111 0000100]0000000
[1000000 0101101 0011101 0001000 0000100 0001111 0000001]0000000
[1101011 0101111 0011111 0001110 0001100 0000100 0000011]0100110
[0100111 1111000 0010100 0000101 0001000 0001010 0001110]0001101
stabSize=31708938240

anf=ab
[1101101 0101110 0001000 0010111 0000111 0010011 0001110]0101101
[0100110 1100111 0001011 0010100 0010001 0001010 0000010]0111001
stabSize=1965954170880

anf=1+ab
[1101101 0101110 0001000 0010111 0000111 0010011 0001110]0101101
[0100110 1100111 0001011 0010100 0010001 0001010 0000010]0111001
stabSize=1965954170880
anf=0
[1000111 1110000 1010110 0101001 0110100 0100001 1101011]0101010
[1011100 0110111 0000010 0010010 1001001 1111010 0111100]0000110
stabSize=20972799094947840

anf=1
[1000111 1110000 1010110 0101001 0110100 0100001 1101011]0101010
[1011100 0110111 0000010 0010010 1001001 1111010 0111100]0000110
stabSize=20972799094947840

anf=a
[1000111 1110000 1010110 0101001 0110100 0100001 1101011]0101010
[1011100 0110111 0000010 0010010 1001001 1111010 0111100]0000110
stabSize=20972799094947840

#number of class 3486
